timestamp,workout,background,total
2025-02-01T00:00:00Z,0.0,0.28,0.28
2025-02-01T00:01:00Z,0.0,0.26,0.26
2025-02-01T00:03:00Z,0.0,0.26,0.26
2025-02-01T00:05:00Z,0.0,0.24,0.24
2025-02-01T00:06:00Z,0.0,0.26,0.26
2025-02-01T00:07:00Z,0.0,0.26,0.26
2025-02-01T00:08:00Z,0.0,0.25,0.25
2025-02-01T00:24:00Z,0.0,0.27,0.27
2025-02-01T00:30:00Z,0.0,0.25,0.25
2025-02-01T00:31:00Z,0.0,0.23,0.23
2025-02-01T00:32:00Z,0.0,0.27,0.27
2025-02-01T00:45:00Z,0.0,0.24,0.24
2025-02-01T00:52:00Z,0.0,0.23,0.23
2025-02-01T00:56:00Z,0.0,0.23,0.23
2025-02-01T02:02:00Z,0.0,0.24,0.24
2025-02-01T02:05:00Z,0.0,0.28,0.28
2025-02-01T02:06:00Z,0.0,0.24,0.24
2025-02-01T13:17:00Z,0.0,0.32,0.32
2025-02-01T13:18:00Z,0.0,0.3,0.3
2025-02-01T13:19:00Z,0.0,0.61,0.61
2025-02-01T13:20:00Z,0.0,0.61,0.61
2025-02-01T13:21:00Z,0.0,0.36,0.36
2025-02-01T13:22:00Z,0.0,0.65,0.65
2025-02-01T13:23:00Z,0.0,0.59,0.59
2025-02-01T13:26:00Z,0.0,0.62,0.62
2025-02-01T13:27:00Z,0.0,0.37,0.37
2025-02-01T13:28:00Z,0.0,0.56,0.56
2025-02-01T13:29:00Z,0.0,0.32,0.32
2025-02-01T13:30:00Z,0.0,0.27,0.27
2025-02-01T13:38:00Z,0.0,0.26,0.26
2025-02-01T13:39:00Z,0.0,0.31,0.31
2025-02-01T13:43:00Z,0.0,0.78,0.78
2025-02-01T13:44:00Z,0.0,0.37,0.37
2025-02-01T13:45:00Z,0.0,0.34,0.34
2025-02-01T13:46:00Z,0.0,0.34,0.34
2025-02-01T14:06:00Z,0.0,0.62,0.62
2025-02-01T14:07:00Z,0.0,0.35,0.35
2025-02-01T14:08:00Z,0.0,0.28,0.28
2025-02-01T14:30:00Z,0.0,0.61,0.61
2025-02-01T14:31:00Z,0.0,0.34,0.34
2025-02-01T14:33:00Z,0.0,0.71,0.71
2025-02-01T14:34:00Z,0.0,0.7,0.7
2025-02-01T14:35:00Z,0.0,0.62,0.62
2025-02-01T14:36:00Z,0.0,0.6,0.6
2025-02-01T14:37:00Z,0.0,0.66,0.66
2025-02-01T14:38:00Z,0.0,0.3,0.3
2025-02-01T14:48:00Z,0.0,0.67,0.67
2025-02-01T14:49:00Z,0.79,0.0,0.79
2025-02-01T14:50:00Z,0.85,0.0,0.85
2025-02-01T14:51:00Z,0.83,0.0,0.83
2025-02-01T14:52:00Z,0.81,0.0,0.81
2025-02-01T14:53:00Z,0.9,0.0,0.9
2025-02-01T14:54:00Z,1.19,0.0,1.19
2025-02-01T14:55:00Z,1.1299,0.0,1.1299
2025-02-01T14:56:00Z,1.69,0.0,1.69
2025-02-01T14:57:00Z,2.68,0.0,2.68
2025-02-01T14:58:00Z,2.87,0.0,2.87
2025-02-01T14:59:00Z,1.5,0.0,1.5
2025-02-01T15:00:00Z,2.66,0.0,2.66
2025-02-01T15:01:00Z,2.94,0.0,2.94
2025-02-01T15:02:00Z,3.24,0.0,3.24
2025-02-01T15:03:00Z,1.3899,0.0,1.3899
2025-02-01T15:04:00Z,2.64,0.0,2.64
2025-02-01T15:05:00Z,3.02,0.0,3.02
2025-02-01T15:06:00Z,3.42,0.0,3.42
2025-02-01T15:07:00Z,1.65,0.0,1.65
2025-02-01T15:08:00Z,2.7799,0.0,2.7799
2025-02-01T15:09:00Z,3.09,0.0,3.09
2025-02-01T15:10:00Z,3.53,0.0,3.53
2025-02-01T15:11:00Z,1.92,0.0,1.92
2025-02-01T15:12:00Z,1.59,0.0,1.59
2025-02-01T15:13:00Z,1.44,0.0,1.44
2025-02-01T15:14:00Z,1.43,0.0,1.43
2025-02-01T15:15:00Z,1.3899,0.0,1.3899
2025-02-01T15:16:00Z,1.35,0.0,1.35
2025-02-01T15:17:00Z,1.0,0.0,1.0
2025-02-01T15:18:00Z,1.57,0.0,1.57
2025-02-01T15:19:00Z,1.34,0.0,1.34
2025-02-01T15:20:00Z,1.09,0.0,1.09
2025-02-01T15:21:00Z,1.26,0.0,1.26
2025-02-01T15:22:00Z,0.93,0.0,0.93
2025-02-01T15:23:00Z,1.02,0.0,1.02
2025-02-01T15:24:00Z,0.96,0.0,0.96
2025-02-01T15:25:00Z,0.0,0.92,0.92
2025-02-01T15:32:00Z,0.0,0.68,0.68
2025-02-01T15:33:00Z,0.0,0.9,0.9
2025-02-01T15:34:00Z,0.0,0.73,0.73
2025-02-01T15:35:00Z,0.0,0.87,0.87
2025-02-01T15:36:00Z,0.0,0.6899,0.6899
2025-02-01T15:37:00Z,0.0,0.72,0.72
2025-02-01T16:08:00Z,0.0,0.75,0.75
2025-02-01T16:09:00Z,0.0,0.6,0.6
2025-02-01T16:10:00Z,0.0,0.68,0.68
2025-02-01T16:11:00Z,0.0,0.23,0.23
2025-02-01T16:13:00Z,0.0,0.33,0.33
2025-02-01T16:14:00Z,0.0,0.98,0.98
2025-02-01T16:15:00Z,0.0,1.03,1.03
2025-02-01T16:16:00Z,0.0,0.6,0.6
2025-02-01T16:17:00Z,0.0,0.61,0.61
2025-02-01T16:19:00Z,0.0,0.6899,0.6899
2025-02-01T16:20:00Z,0.0,0.82,0.82
2025-02-01T16:21:00Z,0.0,0.93,0.93
2025-02-01T16:22:00Z,0.0,0.93,0.93
2025-02-01T16:23:00Z,0.0,1.17,1.17
2025-02-01T16:24:00Z,0.0,0.93,0.93
2025-02-01T16:25:00Z,0.0,0.85,0.85
2025-02-01T16:26:00Z,0.0,1.26,1.26
2025-02-01T16:27:00Z,0.0,0.75,0.75
2025-02-01T16:28:00Z,0.0,0.59,0.59
2025-02-01T16:29:00Z,0.0,0.79,0.79
2025-02-01T16:30:00Z,0.0,0.66,0.66
2025-02-01T16:31:00Z,0.0,0.58,0.58
2025-02-01T16:32:00Z,0.0,0.63,0.63
2025-02-01T16:33:00Z,0.0,0.67,0.67
2025-02-01T16:34:00Z,0.0,0.7,0.7
2025-02-01T16:35:00Z,0.0,0.61,0.61
2025-02-01T17:16:00Z,0.0,0.62,0.62
2025-02-01T17:17:00Z,0.0,0.65,0.65
2025-02-01T17:18:00Z,0.0,0.33,0.33
2025-02-01T17:19:00Z,0.0,0.58,0.58
2025-02-01T17:20:00Z,0.0,0.6899,0.6899
2025-02-01T17:21:00Z,0.0,0.58,0.58
2025-02-01T17:22:00Z,0.0,0.67,0.67
2025-02-01T17:23:00Z,0.0,0.6,0.6
2025-02-01T17:24:00Z,0.0,0.29,0.29
2025-02-01T17:25:00Z,0.0,0.28,0.28
2025-02-01T17:44:00Z,0.0,0.58,0.58
2025-02-01T17:45:00Z,0.0,0.31,0.31
2025-02-01T17:46:00Z,0.0,0.32,0.32
2025-02-01T17:47:00Z,0.0,0.63,0.63
2025-02-01T17:48:00Z,0.0,0.58,0.58
2025-02-01T17:51:00Z,0.0,0.58,0.58
2025-02-01T17:52:00Z,0.0,0.58,0.58
2025-02-01T17:53:00Z,0.0,0.71,0.71
2025-02-01T17:54:00Z,0.0,0.78,0.78
2025-02-01T17:55:00Z,0.0,0.6899,0.6899
2025-02-01T17:56:00Z,0.0,0.82,0.82
2025-02-01T17:57:00Z,0.0,1.1399,1.1399
2025-02-01T17:58:00Z,0.0,0.75,0.75
2025-02-01T17:59:00Z,0.0,0.77,0.77
2025-02-01T18:00:00Z,0.0,0.77,0.77
2025-02-01T18:01:00Z,0.0,0.82,0.82
2025-02-01T18:02:00Z,0.0,0.78,0.78
2025-02-01T18:03:00Z,0.0,0.85,0.85
2025-02-01T18:04:00Z,0.0,0.72,0.72
2025-02-01T18:05:00Z,0.0,0.77,0.77
2025-02-01T18:06:00Z,0.0,0.72,0.72
2025-02-01T18:07:00Z,0.0,0.73,0.73
2025-02-01T18:08:00Z,0.0,1.01,1.01
2025-02-01T18:09:00Z,0.0,0.35,0.35
2025-02-01T18:10:00Z,0.0,0.59,0.59
2025-02-01T18:11:00Z,0.0,0.58,0.58
2025-02-01T18:12:00Z,0.0,0.55,0.55
2025-02-01T18:13:00Z,0.0,0.33,0.33
2025-02-01T18:14:00Z,0.0,0.34,0.34
2025-02-01T18:16:00Z,0.0,0.32,0.32
2025-02-01T18:17:00Z,0.0,0.31,0.31
2025-02-01T18:18:00Z,0.0,0.29,0.29
2025-02-01T18:28:00Z,0.0,0.3,0.3
2025-02-01T18:29:00Z,0.0,0.33,0.33
2025-02-01T18:30:00Z,0.0,0.33,0.33
2025-02-01T18:31:00Z,0.0,0.35,0.35
2025-02-01T18:32:00Z,0.0,0.34,0.34
2025-02-01T18:33:00Z,0.0,0.34,0.34
2025-02-01T18:34:00Z,0.0,0.37,0.37
2025-02-01T18:35:00Z,0.0,0.34,0.34
2025-02-01T18:39:00Z,0.0,0.29,0.29
2025-02-01T18:40:00Z,0.0,0.34,0.34
2025-02-01T18:41:00Z,0.0,0.35,0.35
2025-02-01T19:05:00Z,0.0,0.29,0.29
2025-02-01T19:06:00Z,0.0,0.3,0.3
2025-02-01T19:17:00Z,0.0,0.34,0.34
2025-02-01T19:18:00Z,0.0,0.32,0.32
2025-02-01T19:19:00Z,0.0,0.61,0.61
2025-02-01T19:20:00Z,0.0,0.35,0.35
2025-02-01T19:21:00Z,0.0,0.6899,0.6899
2025-02-01T19:22:00Z,0.0,0.63,0.63
2025-02-01T19:23:00Z,0.0,0.58,0.58
2025-02-01T19:24:00Z,0.0,0.35,0.35
2025-02-01T19:25:00Z,0.0,0.36,0.36
2025-02-01T19:34:00Z,0.0,0.31,0.31
2025-02-01T20:03:00Z,0.0,0.79,0.79
2025-02-01T20:04:00Z,0.0,0.67,0.67
2025-02-01T20:05:00Z,0.0,0.35,0.35
2025-02-01T20:06:00Z,0.0,0.9,0.9
2025-02-01T20:07:00Z,0.0,0.6899,0.6899
2025-02-01T20:08:00Z,0.0,0.62,0.62
2025-02-01T20:09:00Z,0.0,0.33,0.33
2025-02-01T20:10:00Z,0.0,0.33,0.33
2025-02-01T20:11:00Z,0.0,0.31,0.31
2025-02-01T20:47:00Z,0.0,0.76,0.76
2025-02-01T20:48:00Z,0.0,0.64,0.64
2025-02-01T20:49:00Z,0.0,0.37,0.37
2025-02-01T20:50:00Z,0.0,0.56,0.56
2025-02-01T20:51:00Z,0.0,0.64,0.64
2025-02-01T20:55:00Z,0.0,0.35,0.35
2025-02-01T20:57:00Z,0.0,0.71,0.71
2025-02-01T20:58:00Z,0.0,0.55,0.55
2025-02-01T20:59:00Z,0.0,0.5699,0.5699
2025-02-01T21:00:00Z,0.0,0.29,0.29
2025-02-01T21:01:00Z,0.0,0.3,0.3
2025-02-01T21:25:00Z,0.0,0.29,0.29
2025-02-01T21:26:00Z,0.0,0.29,0.29
2025-02-01T21:27:00Z,0.0,0.32,0.32
2025-02-01T21:41:00Z,0.0,0.77,0.77
2025-02-01T21:42:00Z,0.0,0.6899,0.6899
2025-02-01T21:43:00Z,0.0,0.66,0.66
2025-02-01T21:44:00Z,0.0,0.63,0.63
2025-02-01T21:45:00Z,0.0,0.72,0.72
2025-02-01T21:46:00Z,0.0,0.64,0.64
2025-02-01T21:47:00Z,0.0,0.68,0.68
2025-02-01T21:48:00Z,0.0,0.3,0.3
2025-02-01T21:49:00Z,0.0,0.31,0.31
2025-02-01T21:57:00Z,0.0,0.36,0.36
2025-02-01T21:58:00Z,0.0,0.32,0.32
2025-02-01T21:59:00Z,0.0,0.28,0.28
2025-02-01T22:11:00Z,0.0,0.24,0.24
2025-02-01T22:12:00Z,0.0,0.24,0.24
2025-02-01T22:20:00Z,0.0,0.25,0.25
2025-02-01T22:21:00Z,0.0,0.36,0.36
2025-02-01T22:22:00Z,0.0,0.56,0.56
2025-02-01T22:23:00Z,0.0,0.3,0.3
2025-02-01T22:24:00Z,0.0,0.26,0.26
2025-02-01T22:33:00Z,0.0,0.31,0.31
2025-02-01T22:34:00Z,0.0,0.24,0.24
2025-02-01T22:35:00Z,0.0,0.35,0.35
2025-02-01T22:36:00Z,0.0,0.31,0.31
2025-02-01T22:37:00Z,0.0,0.29,0.29
2025-02-01T22:38:00Z,0.0,0.24,0.24
2025-02-01T22:41:00Z,0.0,0.35,0.35
2025-02-01T22:42:00Z,0.0,0.31,0.31
2025-02-01T22:43:00Z,0.0,0.32,0.32
2025-02-01T22:44:00Z,0.0,0.33,0.33
2025-02-01T22:45:00Z,0.0,0.31,0.31
2025-02-01T22:46:00Z,0.0,0.29,0.29
2025-02-01T22:47:00Z,0.0,0.55,0.55
2025-02-01T22:48:00Z,0.0,0.26,0.26
2025-02-01T22:49:00Z,0.0,0.25,0.25
2025-02-01T22:50:00Z,0.0,0.27,0.27
2025-02-01T23:15:00Z,0.0,0.37,0.37
2025-02-01T23:17:00Z,0.0,0.23,0.23
2025-02-01T23:43:00Z,0.0,0.32,0.32
2025-02-02T00:15:00Z,0.0,0.25,0.25
2025-02-02T00:17:00Z,0.0,0.26,0.26
2025-02-02T00:22:00Z,0.0,0.3,0.3
2025-02-02T00:23:00Z,0.0,0.28,0.28
2025-02-02T00:24:00Z,0.0,0.23,0.23
2025-02-02T00:25:00Z,0.0,0.31,0.31
2025-02-02T00:26:00Z,0.0,0.37,0.37
2025-02-02T00:27:00Z,0.0,0.3,0.3
2025-02-02T00:28:00Z,0.0,0.24,0.24
2025-02-02T00:29:00Z,0.0,0.24,0.24
2025-02-02T01:08:00Z,0.0,0.23,0.23
2025-02-02T01:12:00Z,0.0,0.25,0.25
2025-02-02T03:40:00Z,0.0,0.27,0.27
2025-02-02T03:41:00Z,0.0,0.29,0.29
2025-02-02T03:42:00Z,0.0,0.26,0.26
2025-02-02T03:43:00Z,0.0,0.32,0.32
2025-02-02T03:44:00Z,0.0,0.3,0.3
2025-02-02T03:45:00Z,0.0,0.28,0.28
2025-02-02T03:46:00Z,0.0,0.26,0.26
2025-02-02T03:47:00Z,0.0,0.29,0.29
2025-02-02T03:59:00Z,0.0,0.32,0.32
2025-02-02T04:00:00Z,0.0,0.28,0.28
2025-02-02T04:02:00Z,0.0,0.23,0.23
2025-02-02T04:03:00Z,0.0,0.29,0.29
2025-02-02T04:18:00Z,0.0,0.25,0.25
2025-02-02T04:19:00Z,0.0,0.29,0.29
2025-02-02T04:20:00Z,0.0,0.27,0.27
2025-02-02T04:21:00Z,0.0,0.24,0.24
2025-02-02T04:22:00Z,0.0,0.23,0.23
2025-02-02T04:24:00Z,0.0,0.24,0.24
2025-02-02T04:31:00Z,0.0,0.25,0.25
2025-02-02T04:33:00Z,0.0,0.26,0.26
2025-02-02T04:34:00Z,0.0,0.28,0.28
2025-02-02T04:51:00Z,0.0,0.26,0.26
2025-02-02T04:58:00Z,0.0,0.24,0.24
2025-02-02T04:59:00Z,0.0,0.23,0.23
2025-02-02T05:00:00Z,0.0,0.27,0.27
2025-02-02T05:01:00Z,0.0,0.25,0.25
2025-02-02T05:02:00Z,0.0,0.3,0.3
2025-02-02T05:03:00Z,0.0,0.28,0.28
2025-02-02T05:04:00Z,0.0,0.27,0.27
2025-02-02T05:05:00Z,0.0,0.31,0.31
2025-02-02T05:06:00Z,0.0,0.33,0.33
2025-02-02T05:07:00Z,0.0,0.28,0.28
2025-02-02T05:08:00Z,0.0,0.71,0.71
2025-02-02T05:09:00Z,0.0,0.35,0.35
2025-02-02T05:10:00Z,0.0,0.35,0.35
2025-02-02T05:11:00Z,0.0,0.28,0.28
2025-02-02T05:12:00Z,0.0,0.35,0.35
2025-02-02T05:53:00Z,0.0,0.28,0.28
2025-02-02T05:54:00Z,0.0,0.36,0.36
2025-02-02T05:55:00Z,0.0,0.23,0.23
2025-02-02T05:56:00Z,0.0,0.31,0.31
2025-02-02T05:57:00Z,0.0,0.35,0.35
2025-02-02T05:58:00Z,0.0,0.32,0.32
2025-02-02T05:59:00Z,0.0,0.29,0.29
2025-02-02T06:53:00Z,0.0,0.34,0.34
2025-02-02T06:55:00Z,0.0,0.27,0.27
2025-02-02T06:56:00Z,0.0,0.27,0.27
2025-02-02T06:57:00Z,0.0,0.58,0.58
2025-02-02T07:23:00Z,0.0,0.6899,0.6899
2025-02-02T07:24:00Z,0.0,0.32,0.32
2025-02-02T07:25:00Z,0.0,0.31,0.31
2025-02-02T07:26:00Z,0.0,0.73,0.73
2025-02-02T07:27:00Z,0.0,0.67,0.67
2025-02-02T07:28:00Z,0.0,0.3,0.3
2025-02-02T07:29:00Z,0.0,0.23,0.23
2025-02-02T07:30:00Z,0.0,0.28,0.28
2025-02-02T07:31:00Z,0.0,0.3,0.3
2025-02-02T07:32:00Z,0.0,0.27,0.27
2025-02-02T07:33:00Z,0.0,0.24,0.24
2025-02-02T07:39:00Z,0.0,0.31,0.31
2025-02-02T07:40:00Z,0.0,0.23,0.23
2025-02-02T07:41:00Z,0.0,0.23,0.23
2025-02-02T09:26:00Z,0.0,0.29,0.29
2025-02-02T09:58:00Z,0.0,0.58,0.58
2025-02-06T16:12:00Z,0.24,0.0,0.24
2025-02-06T16:13:00Z,0.27,0.0,0.27
2025-02-06T16:15:00Z,0.32,0.0,0.32
2025-02-06T16:16:00Z,0.93,0.0,0.93
2025-02-06T16:17:00Z,0.3,0.0,0.3
2025-02-06T16:18:00Z,0.33,0.0,0.33
2025-02-06T16:19:00Z,0.27,0.0,0.27
2025-02-06T16:20:00Z,0.98,0.0,0.98
2025-02-06T16:21:00Z,1.31,0.0,1.31
2025-02-06T16:22:00Z,0.65,0.0,0.65
2025-02-06T16:23:00Z,0.83,0.0,0.83
2025-02-06T16:24:00Z,0.36,0.0,0.36
2025-02-06T16:25:00Z,0.23,0.0,0.23
2025-02-06T16:26:00Z,0.31,0.0,0.31
2025-02-06T16:27:00Z,0.92,0.0,0.92
2025-02-06T16:28:00Z,0.71,0.0,0.71
2025-02-06T16:29:00Z,0.92,0.0,0.92
2025-02-06T16:30:00Z,1.15,0.0,1.15
2025-02-06T16:31:00Z,0.92,0.0,0.92
2025-02-06T16:32:00Z,0.94,0.0,0.94
2025-02-06T16:33:00Z,1.0,0.0,1.0
2025-02-06T16:34:00Z,0.56,0.0,0.56
2025-02-06T16:35:00Z,1.0,0.0,1.0
2025-02-06T16:36:00Z,1.18,0.0,1.18
2025-02-06T16:37:00Z,0.99,0.0,0.99
2025-02-06T16:38:00Z,1.74,0.0,1.74
2025-02-06T16:39:00Z,0.95,0.0,0.95
2025-02-06T16:40:00Z,1.4,0.0,1.4
2025-02-06T16:41:00Z,0.85,0.0,0.85
2025-02-06T16:42:00Z,0.66,0.0,0.66
2025-02-06T16:43:00Z,0.33,0.0,0.33
2025-02-06T16:44:00Z,0.34,0.0,0.34
2025-02-06T16:45:00Z,0.33,0.0,0.33
2025-02-06T16:46:00Z,0.0,0.5699,0.5699
2025-02-06T21:57:00Z,0.0,0.23,0.23
2025-02-06T23:22:00Z,0.0,0.25,0.25
2025-02-07T14:19:00Z,0.0,0.31,0.31
2025-02-07T17:01:00Z,0.0,0.37,0.37
2025-02-07T17:02:00Z,0.0,0.65,0.65
2025-02-07T17:03:00Z,0.0,0.26,0.26
2025-02-07T17:07:00Z,0.56,0.0,0.56
2025-02-07T17:09:00Z,0.31,0.0,0.31
2025-02-07T17:10:00Z,0.31,0.0,0.31
2025-02-07T17:11:00Z,0.34,0.0,0.34
2025-02-07T17:12:00Z,0.74,0.0,0.74
2025-02-07T17:13:00Z,0.62,0.0,0.62
2025-02-07T17:14:00Z,0.34,0.0,0.34
2025-02-07T17:15:00Z,0.56,0.0,0.56
2025-02-07T17:16:00Z,0.27,0.0,0.27
2025-02-07T17:17:00Z,0.25,0.0,0.25
2025-02-07T17:18:00Z,0.32,0.0,0.32
2025-02-07T17:19:00Z,0.28,0.0,0.28
2025-02-07T17:20:00Z,0.59,0.0,0.59
2025-02-07T17:21:00Z,0.32,0.0,0.32
2025-02-07T17:22:00Z,0.32,0.0,0.32
2025-02-07T17:23:00Z,0.25,0.0,0.25
2025-02-07T17:25:00Z,0.32,0.0,0.32
2025-02-07T17:26:00Z,0.63,0.0,0.63
2025-02-07T17:27:00Z,0.75,0.0,0.75
2025-02-07T17:28:00Z,0.3,0.0,0.3
2025-02-07T17:29:00Z,0.32,0.0,0.32
2025-02-07T17:31:00Z,0.35,0.0,0.35
2025-02-07T17:32:00Z,0.32,0.0,0.32
2025-02-07T17:33:00Z,0.37,0.0,0.37
2025-02-07T17:34:00Z,0.33,0.0,0.33
2025-02-07T17:35:00Z,0.7,0.0,0.7
2025-02-07T17:36:00Z,0.32,0.0,0.32
2025-02-07T17:38:00Z,0.29,0.0,0.29
2025-02-07T17:39:00Z,0.29,0.0,0.29
2025-02-07T17:40:00Z,0.37,0.0,0.37
2025-02-07T17:41:00Z,0.63,0.0,0.63
2025-02-07T17:42:00Z,0.35,0.0,0.35
2025-02-10T12:25:00Z,0.0,0.25,0.25
2025-02-10T12:26:00Z,0.0,0.58,0.58
2025-02-10T12:28:00Z,0.31,0.0,0.31
2025-02-10T12:29:00Z,0.31,0.0,0.31
2025-02-10T12:30:00Z,0.24,0.0,0.24
2025-02-10T12:32:00Z,0.26,0.0,0.26
2025-02-10T12:33:00Z,0.78,0.0,0.78
2025-02-10T12:34:00Z,0.27,0.0,0.27
2025-02-10T12:35:00Z,0.95,0.0,0.95
2025-02-10T12:36:00Z,0.65,0.0,0.65
2025-02-10T12:37:00Z,0.7,0.0,0.7
2025-02-10T12:38:00Z,1.23,0.0,1.23
2025-02-10T12:39:00Z,1.03,0.0,1.03
2025-02-10T12:40:00Z,0.73,0.0,0.73
2025-02-10T12:41:00Z,0.56,0.0,0.56
2025-02-10T12:42:00Z,1.1399,0.0,1.1399
2025-02-10T12:43:00Z,0.8,0.0,0.8
2025-02-10T12:44:00Z,0.78,0.0,0.78
2025-02-10T12:45:00Z,0.66,0.0,0.66
2025-02-10T12:46:00Z,1.42,0.0,1.42
2025-02-10T12:47:00Z,0.61,0.0,0.61
2025-02-10T12:48:00Z,1.02,0.0,1.02
2025-02-10T12:49:00Z,0.65,0.0,0.65
2025-02-10T12:50:00Z,0.79,0.0,0.79
2025-02-10T12:51:00Z,0.75,0.0,0.75
2025-02-10T12:52:00Z,1.49,0.0,1.49
2025-02-10T12:53:00Z,1.1,0.0,1.1
2025-02-10T12:54:00Z,1.09,0.0,1.09
2025-02-10T12:55:00Z,1.23,0.0,1.23
2025-02-10T12:56:00Z,1.1399,0.0,1.1399
2025-02-10T12:57:00Z,1.0,0.0,1.0
2025-02-10T12:58:00Z,1.03,0.0,1.03
2025-02-10T12:59:00Z,0.73,0.0,0.73
2025-02-10T13:00:00Z,0.84,0.0,0.84
2025-02-10T13:01:00Z,0.64,0.0,0.64
2025-02-10T13:02:00Z,0.3,0.0,0.3
2025-02-10T13:03:00Z,0.28,0.0,0.28
2025-02-10T13:04:00Z,0.7,0.0,0.7
2025-02-10T13:05:00Z,0.37,0.0,0.37
2025-02-10T13:06:00Z,0.35,0.0,0.35
2025-02-10T13:07:00Z,0.3,0.0,0.3
2025-02-10T13:53:00Z,0.0,0.29,0.29
2025-02-10T13:54:00Z,0.0,0.28,0.28
2025-02-10T13:56:00Z,0.0,0.23,0.23
2025-02-10T15:17:00Z,0.0,0.26,0.26
2025-02-10T15:34:00Z,0.0,0.27,0.27
2025-02-10T23:05:00Z,0.0,1.25,1.25
2025-02-10T23:06:00Z,0.0,0.72,0.72
2025-02-10T23:07:00Z,0.0,0.92,0.92
2025-02-10T23:16:00Z,0.0,0.26,0.26
2025-02-11T00:29:00Z,0.34,0.0,0.34
2025-02-11T00:30:00Z,0.78,0.0,0.78
2025-02-11T00:31:00Z,0.64,0.0,0.64
2025-02-11T00:32:00Z,0.68,0.0,0.68
2025-02-11T00:33:00Z,0.92,0.0,0.92
2025-02-11T00:34:00Z,1.08,0.0,1.08
2025-02-11T00:35:00Z,1.58,0.0,1.58
2025-02-11T00:36:00Z,1.18,0.0,1.18
2025-02-11T00:37:00Z,1.97,0.0,1.97
2025-02-11T00:38:00Z,2.02,0.0,2.02
2025-02-11T00:39:00Z,2.14,0.0,2.14
2025-02-11T00:40:00Z,0.87,0.0,0.87
2025-02-11T00:41:00Z,2.06,0.0,2.06
2025-02-11T00:42:00Z,2.36,0.0,2.36
2025-02-11T00:43:00Z,2.72,0.0,2.72
2025-02-11T00:44:00Z,1.02,0.0,1.02
2025-02-11T00:45:00Z,2.36,0.0,2.36
2025-02-11T00:46:00Z,2.56,0.0,2.56
2025-02-11T00:47:00Z,2.86,0.0,2.86
2025-02-11T00:48:00Z,0.86,0.0,0.86
2025-02-11T00:49:00Z,0.62,0.0,0.62
2025-02-11T00:50:00Z,0.0,0.36,0.36
2025-02-11T00:51:00Z,0.0,0.31,0.31
2025-02-11T00:52:00Z,0.0,0.24,0.24
2025-02-11T00:53:00Z,0.0,0.23,0.23
2025-02-11T00:56:00Z,0.0,0.28,0.28
2025-02-11T00:58:00Z,0.0,0.28,0.28
2025-02-11T00:59:00Z,0.0,0.3,0.3
2025-02-11T01:00:00Z,0.0,0.5699,0.5699
2025-02-11T01:01:00Z,0.0,0.26,0.26
2025-02-11T01:02:00Z,0.0,0.25,0.25
2025-02-11T12:19:00Z,0.0,0.29,0.29
2025-02-11T12:20:00Z,0.0,0.33,0.33
2025-02-11T12:21:00Z,0.0,0.29,0.29
2025-02-11T12:22:00Z,0.0,0.61,0.61
2025-02-11T12:23:00Z,0.35,0.0,0.35
2025-02-11T12:24:00Z,0.9,0.0,0.9
2025-02-11T12:25:00Z,0.72,0.0,0.72
2025-02-11T12:26:00Z,0.83,0.0,0.83
2025-02-11T12:27:00Z,0.66,0.0,0.66
2025-02-11T12:28:00Z,1.65,0.0,1.65
2025-02-11T12:29:00Z,1.1399,0.0,1.1399
2025-02-11T12:30:00Z,1.17,0.0,1.17
2025-02-11T12:31:00Z,1.01,0.0,1.01
2025-02-11T12:32:00Z,0.75,0.0,0.75
2025-02-11T12:33:00Z,1.18,0.0,1.18
2025-02-11T12:34:00Z,1.07,0.0,1.07
2025-02-11T12:35:00Z,1.88,0.0,1.88
2025-02-11T12:36:00Z,1.22,0.0,1.22
2025-02-11T12:37:00Z,1.3899,0.0,1.3899
2025-02-11T12:38:00Z,1.28,0.0,1.28
2025-02-11T12:39:00Z,1.6299,0.0,1.6299
2025-02-11T12:40:00Z,1.02,0.0,1.02
2025-02-11T12:41:00Z,0.93,0.0,0.93
2025-02-11T12:42:00Z,2.11,0.0,2.11
2025-02-11T12:43:00Z,1.52,0.0,1.52
2025-02-11T12:44:00Z,1.64,0.0,1.64
2025-02-11T12:46:00Z,1.44,0.0,1.44
2025-02-11T12:47:00Z,1.07,0.0,1.07
2025-02-11T12:48:00Z,1.74,0.0,1.74
2025-02-11T12:49:00Z,1.36,0.0,1.36
2025-02-11T12:50:00Z,0.86,0.0,0.86
2025-02-11T12:51:00Z,0.71,0.0,0.71
2025-02-11T12:52:00Z,0.37,0.0,0.37
2025-02-11T12:53:00Z,0.29,0.0,0.29
2025-02-11T12:54:00Z,0.5699,0.0,0.5699
2025-02-11T12:55:00Z,0.0,0.72,0.72
2025-02-11T12:56:00Z,0.0,0.37,0.37
2025-02-11T12:57:00Z,0.0,0.33,0.33
2025-02-11T14:26:00Z,0.0,0.6,0.6
2025-02-11T23:23:00Z,0.0,0.24,0.24
2025-02-12T00:23:00Z,0.0,0.24,0.24
2025-02-12T01:22:00Z,0.0,0.64,0.64
2025-02-12T01:23:00Z,0.3,0.0,0.3
2025-02-12T01:24:00Z,0.63,0.0,0.63
2025-02-12T01:25:00Z,0.79,0.0,0.79
2025-02-12T01:26:00Z,0.65,0.0,0.65
2025-02-12T01:27:00Z,0.97,0.0,0.97
2025-02-12T01:28:00Z,1.46,0.0,1.46
2025-02-12T01:29:00Z,1.6299,0.0,1.6299
2025-02-12T01:30:00Z,0.88,0.0,0.88
2025-02-12T01:31:00Z,1.88,0.0,1.88
2025-02-12T01:32:00Z,2.15,0.0,2.15
2025-02-12T01:33:00Z,1.66,0.0,1.66
2025-02-12T01:34:00Z,1.21,0.0,1.21
2025-02-12T01:35:00Z,2.3,0.0,2.3
2025-02-12T01:36:00Z,2.45,0.0,2.45
2025-02-12T01:37:00Z,2.2599,0.0,2.2599
2025-02-12T01:38:00Z,1.24,0.0,1.24
2025-02-12T01:39:00Z,2.58,0.0,2.58
2025-02-12T01:40:00Z,2.93,0.0,2.93
2025-02-12T01:41:00Z,3.2599,0.0,3.2599
2025-02-12T01:42:00Z,0.8,0.0,0.8
2025-02-12T01:43:00Z,0.0,0.84,0.84
2025-02-12T01:44:00Z,0.0,0.76,0.76
2025-02-12T01:45:00Z,0.0,0.56,0.56
2025-02-12T01:46:00Z,0.0,0.31,0.31
2025-02-12T01:47:00Z,0.0,0.33,0.33
2025-02-12T01:48:00Z,0.0,0.35,0.35
2025-02-12T12:25:00Z,0.0,0.27,0.27
2025-02-12T12:27:00Z,0.36,0.0,0.36
2025-02-12T12:28:00Z,0.68,0.0,0.68
2025-02-12T12:29:00Z,0.24,0.0,0.24
2025-02-12T12:31:00Z,0.29,0.0,0.29
2025-02-12T12:32:00Z,0.27,0.0,0.27
2025-02-12T12:33:00Z,0.3,0.0,0.3
2025-02-12T12:34:00Z,0.59,0.0,0.59
2025-02-12T12:35:00Z,0.56,0.0,0.56
2025-02-12T12:36:00Z,0.75,0.0,0.75
2025-02-12T12:37:00Z,0.25,0.0,0.25
2025-02-12T12:38:00Z,0.3,0.0,0.3
2025-02-12T12:39:00Z,0.87,0.0,0.87
2025-02-12T12:40:00Z,0.56,0.0,0.56
2025-02-12T12:41:00Z,0.6,0.0,0.6
2025-02-12T12:42:00Z,0.71,0.0,0.71
2025-02-12T12:43:00Z,1.0,0.0,1.0
2025-02-12T12:44:00Z,0.91,0.0,0.91
2025-02-12T12:45:00Z,0.88,0.0,0.88
2025-02-12T12:46:00Z,0.67,0.0,0.67
2025-02-12T12:47:00Z,0.34,0.0,0.34
2025-02-12T12:48:00Z,0.7,0.0,0.7
2025-02-12T12:49:00Z,1.16,0.0,1.16
2025-02-12T12:50:00Z,1.36,0.0,1.36
2025-02-12T12:51:00Z,0.88,0.0,0.88
2025-02-12T12:52:00Z,0.9,0.0,0.9
2025-02-12T12:53:00Z,0.87,0.0,0.87
2025-02-12T12:54:00Z,0.79,0.0,0.79
2025-02-12T12:55:00Z,1.07,0.0,1.07
2025-02-12T12:56:00Z,1.2,0.0,1.2
2025-02-12T12:57:00Z,1.11,0.0,1.11
2025-02-12T12:58:00Z,1.0,0.0,1.0
2025-02-12T12:59:00Z,0.75,0.0,0.75
2025-02-12T13:00:00Z,0.71,0.0,0.71
2025-02-12T13:01:00Z,0.9,0.0,0.9
2025-02-12T13:02:00Z,0.96,0.0,0.96
2025-02-12T13:03:00Z,1.35,0.0,1.35
2025-02-12T13:04:00Z,1.32,0.0,1.32
2025-02-12T13:05:00Z,1.0,0.0,1.0
2025-02-12T13:06:00Z,1.71,0.0,1.71
2025-02-12T13:07:00Z,1.2,0.0,1.2
2025-02-12T13:08:00Z,1.18,0.0,1.18
2025-02-12T13:09:00Z,1.24,0.0,1.24
2025-02-12T13:10:00Z,1.19,0.0,1.19
2025-02-12T13:11:00Z,0.67,0.0,0.67
2025-02-12T13:13:00Z,0.7,0.0,0.7
2025-02-12T13:14:00Z,0.74,0.0,0.74
2025-02-12T13:15:00Z,0.63,0.0,0.63
2025-02-12T13:16:00Z,0.5699,0.0,0.5699
2025-02-12T13:17:00Z,0.6,0.0,0.6
2025-02-12T13:18:00Z,0.0,0.64,0.64
2025-02-12T13:19:00Z,0.0,0.34,0.34
2025-02-12T13:21:00Z,0.0,0.32,0.32
2025-02-12T13:22:00Z,0.0,0.5699,0.5699
2025-02-12T13:23:00Z,0.0,0.3,0.3
2025-02-12T13:24:00Z,0.0,0.36,0.36
2025-02-12T13:25:00Z,0.0,0.85,0.85
2025-02-12T13:26:00Z,0.0,0.36,0.36
2025-02-13T22:22:00Z,0.0,0.6,0.6
2025-02-13T22:23:00Z,0.0,0.35,0.35
2025-02-13T22:24:00Z,0.0,0.3,0.3
2025-02-13T22:25:00Z,0.0,0.55,0.55
2025-02-13T22:26:00Z,0.0,0.61,0.61
2025-02-13T22:27:00Z,0.0,0.68,0.68
2025-02-13T22:28:00Z,0.0,1.06,1.06
2025-02-13T22:29:00Z,0.0,1.22,1.22
2025-02-13T22:30:00Z,0.0,0.94,0.94
2025-02-13T22:31:00Z,0.0,0.75,0.75
2025-02-13T22:32:00Z,0.0,0.84,0.84
2025-02-13T22:33:00Z,0.0,0.9,0.9
2025-02-13T22:34:00Z,0.0,1.35,1.35
2025-02-13T22:35:00Z,0.0,1.67,1.67
2025-02-13T22:36:00Z,0.0,1.18,1.18
2025-02-13T22:37:00Z,0.0,0.93,0.93
2025-02-13T22:38:00Z,0.0,1.6299,1.6299
2025-02-13T22:39:00Z,0.0,1.41,1.41
2025-02-13T22:40:00Z,0.0,1.18,1.18
2025-02-13T22:41:00Z,0.0,1.41,1.41
2025-02-13T22:42:00Z,0.0,1.31,1.31
2025-02-13T22:43:00Z,0.0,2.48,2.48
2025-02-13T22:44:00Z,0.0,1.6,1.6
2025-02-13T22:45:00Z,0.0,1.54,1.54
2025-02-13T22:46:00Z,0.0,1.19,1.19
2025-02-13T22:47:00Z,0.0,1.28,1.28
2025-02-13T22:48:00Z,0.0,1.56,1.56
2025-02-13T22:49:00Z,0.0,2.4,2.4
2025-02-13T22:50:00Z,0.0,1.71,1.71
2025-02-13T22:51:00Z,0.0,1.73,1.73
2025-02-13T22:52:00Z,0.0,1.3799,1.3799
2025-02-13T22:53:00Z,0.0,1.96,1.96
2025-02-13T22:54:00Z,0.0,1.53,1.53
2025-02-13T22:55:00Z,0.0,2.02,2.02
2025-02-13T22:56:00Z,0.0,1.84,1.84
2025-02-13T22:57:00Z,0.0,1.08,1.08
2025-02-13T22:58:00Z,0.0,1.43,1.43
2025-02-13T22:59:00Z,0.0,1.52,1.52
2025-02-13T23:00:00Z,0.0,1.26,1.26
2025-02-13T23:01:00Z,0.0,1.18,1.18
2025-02-13T23:02:00Z,0.0,0.97,0.97
2025-02-13T23:03:00Z,0.0,0.8,0.8
2025-02-13T23:04:00Z,0.0,0.76,0.76
2025-02-13T23:05:00Z,0.0,0.87,0.87
2025-02-13T23:06:00Z,0.0,0.32,0.32
2025-02-13T23:09:00Z,0.0,0.71,0.71
2025-02-14T04:06:00Z,0.0,0.27,0.27
2025-02-14T10:25:00Z,0.0,0.36,0.36
2025-02-14T10:38:00Z,0.0,0.32,0.32
2025-02-14T13:15:00Z,0.0,0.31,0.31
2025-02-14T13:19:00Z,0.0,0.23,0.23
2025-02-14T13:20:00Z,0.0,0.35,0.35
2025-02-14T13:21:00Z,0.0,0.37,0.37
2025-02-14T13:40:00Z,0.0,0.25,0.25
2025-02-14T13:41:00Z,0.0,0.28,0.28
2025-02-14T13:42:00Z,0.0,0.36,0.36
2025-02-14T14:09:00Z,0.0,0.23,0.23
2025-02-14T14:53:00Z,0.0,0.25,0.25
2025-02-14T21:36:00Z,0.0,0.29,0.29
2025-02-15T03:12:00Z,0.0,0.23,0.23
2025-02-15T04:41:00Z,0.0,0.24,0.24
2025-02-17T22:11:00Z,0.0,0.25,0.25
2025-02-17T22:14:00Z,0.0,0.6,0.6
2025-02-17T22:15:00Z,0.0,0.26,0.26
2025-02-17T22:16:00Z,0.0,0.36,0.36
2025-02-17T22:17:00Z,0.59,0.0,0.59
2025-02-17T22:18:00Z,0.9,0.0,0.9
2025-02-17T22:19:00Z,0.63,0.0,0.63
2025-02-17T22:20:00Z,0.81,0.0,0.81
2025-02-17T22:21:00Z,0.66,0.0,0.66
2025-02-17T22:22:00Z,1.03,0.0,1.03
2025-02-17T22:23:00Z,1.07,0.0,1.07
2025-02-17T22:24:00Z,0.78,0.0,0.78
2025-02-17T22:25:00Z,1.3,0.0,1.3
2025-02-17T22:26:00Z,1.23,0.0,1.23
2025-02-17T22:27:00Z,0.78,0.0,0.78
2025-02-17T22:28:00Z,0.91,0.0,0.91
2025-02-17T22:29:00Z,1.25,0.0,1.25
2025-02-17T22:30:00Z,1.03,0.0,1.03
2025-02-17T22:31:00Z,1.1299,0.0,1.1299
2025-02-17T22:32:00Z,0.89,0.0,0.89
2025-02-17T22:33:00Z,0.92,0.0,0.92
2025-02-17T22:34:00Z,0.76,0.0,0.76
2025-02-17T22:35:00Z,0.79,0.0,0.79
2025-02-17T22:36:00Z,1.04,0.0,1.04
2025-02-17T22:37:00Z,1.19,0.0,1.19
2025-02-17T22:38:00Z,0.75,0.0,0.75
2025-02-17T22:39:00Z,1.02,0.0,1.02
2025-02-17T22:40:00Z,1.11,0.0,1.11
2025-02-17T22:41:00Z,0.79,0.0,0.79
2025-02-17T22:42:00Z,1.11,0.0,1.11
2025-02-17T22:43:00Z,1.06,0.0,1.06
2025-02-17T22:44:00Z,0.96,0.0,0.96
2025-02-17T22:45:00Z,0.87,0.0,0.87
2025-02-17T22:46:00Z,1.3,0.0,1.3
2025-02-17T22:47:00Z,0.95,0.0,0.95
2025-02-17T22:48:00Z,1.49,0.0,1.49
2025-02-17T22:49:00Z,1.09,0.0,1.09
2025-02-17T22:50:00Z,1.0,0.0,1.0
2025-02-17T22:51:00Z,1.0,0.0,1.0
2025-02-17T22:52:00Z,0.89,0.0,0.89
2025-02-17T22:53:00Z,0.94,0.0,0.94
2025-02-17T22:54:00Z,0.89,0.0,0.89
2025-02-17T22:55:00Z,1.25,0.0,1.25
2025-02-17T22:56:00Z,1.54,0.0,1.54
2025-02-17T22:57:00Z,1.64,0.0,1.64
2025-02-17T22:58:00Z,1.06,0.0,1.06
2025-02-17T22:59:00Z,1.23,0.0,1.23
2025-02-17T23:00:00Z,1.17,0.0,1.17
2025-02-17T23:01:00Z,1.4,0.0,1.4
2025-02-17T23:02:00Z,1.46,0.0,1.46
2025-02-17T23:03:00Z,0.9,0.0,0.9
2025-02-17T23:04:00Z,1.34,0.0,1.34
2025-02-17T23:05:00Z,1.31,0.0,1.31
2025-02-17T23:06:00Z,1.4,0.0,1.4
2025-02-17T23:07:00Z,0.83,0.0,0.83
2025-02-17T23:08:00Z,0.66,0.0,0.66
2025-02-17T23:09:00Z,0.67,0.0,0.67
2025-02-17T23:10:00Z,0.73,0.0,0.73
2025-02-17T23:11:00Z,0.91,0.0,0.91
2025-02-17T23:12:00Z,0.78,0.0,0.78
2025-02-17T23:13:00Z,1.11,0.0,1.11
2025-02-17T23:14:00Z,0.96,0.0,0.96
2025-02-17T23:15:00Z,1.05,0.0,1.05
2025-02-17T23:16:00Z,0.87,0.0,0.87
2025-02-17T23:17:00Z,1.31,0.0,1.31
2025-02-17T23:18:00Z,0.94,0.0,0.94
2025-02-17T23:19:00Z,0.93,0.0,0.93
2025-02-17T23:20:00Z,0.7,0.0,0.7
2025-02-17T23:21:00Z,0.64,0.0,0.64
2025-02-17T23:22:00Z,0.31,0.0,0.31
2025-02-17T23:23:00Z,0.29,0.0,0.29
2025-02-17T23:24:00Z,0.24,0.0,0.24
2025-02-17T23:26:00Z,0.34,0.0,0.34
2025-02-17T23:27:00Z,0.32,0.0,0.32
2025-02-17T23:28:00Z,0.26,0.0,0.26
2025-02-17T23:29:00Z,0.27,0.0,0.27
2025-02-17T23:30:00Z,0.56,0.0,0.56
2025-02-17T23:31:00Z,0.27,0.0,0.27
2025-02-17T23:32:00Z,0.28,0.0,0.28
2025-02-17T23:33:00Z,0.26,0.0,0.26
2025-02-17T23:34:00Z,0.23,0.0,0.23
2025-02-17T23:35:00Z,0.24,0.0,0.24
2025-02-17T23:36:00Z,0.24,0.0,0.24
2025-02-17T23:38:00Z,0.24,0.0,0.24
2025-02-17T23:39:00Z,0.25,0.0,0.25
2025-02-17T23:40:00Z,0.24,0.0,0.24
2025-02-17T23:41:00Z,0.24,0.0,0.24
2025-02-17T23:42:00Z,0.24,0.0,0.24
2025-02-17T23:48:00Z,0.25,0.0,0.25
2025-02-17T23:49:00Z,0.23,0.0,0.23
2025-02-17T23:50:00Z,0.25,0.0,0.25
2025-02-18T00:30:00Z,0.0,0.25,0.25
2025-02-18T00:31:00Z,0.0,0.26,0.26
2025-02-18T00:32:00Z,0.0,0.27,0.27
2025-02-18T00:33:00Z,0.0,0.31,0.31
2025-02-19T01:47:00Z,0.0,0.32,0.32
2025-02-19T15:23:00Z,0.0,0.59,0.59
2025-02-19T15:24:00Z,0.0,0.34,0.34
2025-02-19T15:27:00Z,0.0,0.59,0.59
2025-02-19T15:28:00Z,0.0,0.26,0.26
2025-02-19T15:29:00Z,0.0,0.24,0.24
2025-02-20T18:22:00Z,0.0,0.24,0.24
2025-02-20T18:28:00Z,0.0,0.29,0.29
2025-02-20T18:29:00Z,0.0,0.25,0.25
2025-02-26T13:03:00Z,0.0,0.34,0.34
2025-02-26T13:25:00Z,0.0,0.26,0.26
2025-02-26T13:26:00Z,0.0,0.24,0.24
2025-02-26T13:49:00Z,0.0,0.23,0.23
2025-02-26T20:28:00Z,0.0,0.29,0.29
2025-02-26T20:29:00Z,0.0,0.27,0.27
2025-02-26T20:30:00Z,0.0,0.26,0.26
2025-02-26T20:31:00Z,0.0,0.23,0.23
2025-02-26T20:34:00Z,0.0,0.28,0.28
2025-02-26T21:31:00Z,0.0,0.3,0.3
2025-02-26T21:47:00Z,0.0,0.25,0.25
2025-02-26T21:48:00Z,0.0,0.29,0.29
2025-02-26T21:50:00Z,0.0,0.23,0.23
2025-02-26T21:55:00Z,0.0,0.26,0.26
2025-02-26T22:57:00Z,0.0,0.25,0.25
2025-02-26T23:07:00Z,0.0,0.23,0.23
2025-02-26T23:09:00Z,0.0,0.23,0.23
2025-02-26T23:11:00Z,0.0,0.24,0.24
2025-02-26T23:12:00Z,0.0,0.23,0.23
2025-02-26T23:13:00Z,0.0,0.23,0.23
2025-02-26T23:14:00Z,0.0,0.25,0.25
2025-02-26T23:15:00Z,0.0,0.25,0.25
2025-02-26T23:16:00Z,0.0,0.25,0.25
2025-02-26T23:18:00Z,0.0,0.23,0.23
2025-02-26T23:19:00Z,0.0,0.33,0.33
2025-02-26T23:20:00Z,0.0,0.35,0.35
2025-02-26T23:21:00Z,0.0,0.3,0.3
2025-02-26T23:22:00Z,0.0,0.24,0.24
2025-02-26T23:23:00Z,0.0,0.28,0.28
2025-02-26T23:24:00Z,0.0,0.34,0.34
2025-02-26T23:25:00Z,0.0,0.36,0.36
2025-02-26T23:26:00Z,0.0,0.5699,0.5699
2025-02-26T23:27:00Z,0.0,0.56,0.56
2025-02-26T23:28:00Z,0.0,0.63,0.63
2025-02-26T23:29:00Z,0.0,0.61,0.61
2025-02-26T23:30:00Z,0.0,0.66,0.66
2025-02-26T23:31:00Z,0.0,0.68,0.68
2025-02-26T23:32:00Z,0.0,0.66,0.66
2025-02-26T23:33:00Z,0.0,0.7,0.7
2025-02-26T23:34:00Z,0.0,0.36,0.36
2025-02-26T23:35:00Z,0.0,0.32,0.32
2025-02-26T23:36:00Z,0.0,0.32,0.32
2025-02-26T23:37:00Z,0.0,0.33,0.33
2025-02-26T23:38:00Z,0.0,0.71,0.71
2025-02-26T23:39:00Z,0.0,0.7,0.7
2025-02-26T23:40:00Z,0.0,0.63,0.63
2025-02-26T23:41:00Z,0.0,0.33,0.33
2025-02-26T23:42:00Z,0.0,0.71,0.71
2025-02-26T23:43:00Z,0.0,0.67,0.67
2025-02-26T23:44:00Z,0.0,0.71,0.71
2025-02-26T23:45:00Z,0.0,0.5699,0.5699
2025-02-26T23:46:00Z,0.0,0.37,0.37
2025-02-26T23:47:00Z,0.0,0.63,0.63
2025-02-26T23:48:00Z,0.0,0.63,0.63
2025-02-26T23:49:00Z,0.0,0.34,0.34
2025-02-26T23:50:00Z,0.0,0.33,0.33
2025-02-26T23:51:00Z,0.0,0.3,0.3
2025-02-26T23:52:00Z,0.0,0.3,0.3
2025-02-26T23:53:00Z,0.0,0.3,0.3
2025-02-26T23:54:00Z,0.0,0.26,0.26
2025-02-26T23:55:00Z,0.0,0.27,0.27
2025-02-26T23:56:00Z,0.0,0.34,0.34
2025-02-26T23:57:00Z,0.0,0.34,0.34
2025-02-26T23:58:00Z,0.0,0.35,0.35
2025-02-26T23:59:00Z,0.0,0.3,0.3
2025-02-27T00:00:00Z,0.0,0.27,0.27
2025-02-27T00:01:00Z,0.0,0.27,0.27
2025-02-27T00:02:00Z,0.0,0.3,0.3
2025-02-27T00:03:00Z,0.0,0.25,0.25
2025-02-27T00:04:00Z,0.0,0.26,0.26
2025-02-27T00:05:00Z,0.0,0.25,0.25
2025-02-27T00:07:00Z,0.0,0.23,0.23
2025-02-27T00:10:00Z,0.0,0.27,0.27
2025-02-27T00:11:00Z,0.0,0.33,0.33
2025-02-27T00:12:00Z,0.0,0.29,0.29
2025-02-27T00:13:00Z,0.0,0.29,0.29
2025-02-27T00:14:00Z,0.0,0.28,0.28
2025-02-27T00:15:00Z,0.0,0.27,0.27
2025-02-27T00:18:00Z,0.0,0.25,0.25
2025-02-27T00:21:00Z,0.0,0.25,0.25
2025-02-27T00:25:00Z,0.0,0.27,0.27
2025-02-27T00:26:00Z,0.0,0.26,0.26
2025-02-27T00:31:00Z,0.0,0.23,0.23
2025-02-27T02:26:00Z,0.0,0.23,0.23
2025-02-27T13:43:00Z,0.0,0.24,0.24
2025-02-27T13:46:00Z,0.0,0.29,0.29
2025-02-27T13:47:00Z,0.0,0.28,0.28
2025-02-27T13:53:00Z,0.0,0.24,0.24
2025-02-27T13:54:00Z,0.0,0.31,0.31
2025-02-27T13:55:00Z,0.0,0.68,0.68
2025-02-27T13:56:00Z,0.0,0.88,0.88
2025-02-27T13:57:00Z,0.0,2.5099,2.5099
2025-02-27T13:58:00Z,0.0,3.28,3.28
2025-02-27T13:59:00Z,0.0,3.44,3.44
2025-02-27T14:01:00Z,0.0,0.72,0.72
2025-02-27T14:03:00Z,0.0,0.36,0.36
2025-02-27T14:05:00Z,0.0,0.25,0.25
2025-02-27T14:08:00Z,0.0,0.32,0.32
2025-02-27T14:09:00Z,0.0,0.3,0.3
2025-02-27T14:15:00Z,0.0,0.63,0.63
2025-02-27T14:16:00Z,0.0,0.25,0.25
2025-02-27T14:18:00Z,0.0,0.5699,0.5699
2025-02-27T14:19:00Z,0.0,0.6899,0.6899
2025-02-27T14:20:00Z,0.0,0.64,0.64
2025-02-27T14:21:00Z,0.0,0.64,0.64
2025-02-27T14:22:00Z,0.0,0.88,0.88
2025-02-27T14:23:00Z,0.0,3.47,3.47
2025-02-27T14:24:00Z,0.0,0.83,0.83
2025-02-27T14:26:00Z,0.0,0.26,0.26
2025-02-27T17:03:00Z,0.0,0.23,0.23
2025-02-27T23:40:00Z,0.0,0.25,0.25
2025-02-27T23:41:00Z,0.0,0.26,0.26
2025-02-27T23:42:00Z,0.0,0.26,0.26
2025-02-27T23:43:00Z,0.0,0.25,0.25
2025-02-27T23:44:00Z,0.0,0.26,0.26
2025-02-27T23:45:00Z,0.0,0.23,0.23
2025-02-27T23:46:00Z,0.0,0.24,0.24
2025-02-27T23:47:00Z,0.0,0.3,0.3
2025-02-27T23:48:00Z,0.0,0.25,0.25
2025-02-27T23:49:00Z,0.0,0.27,0.27
2025-02-27T23:50:00Z,0.0,0.34,0.34
2025-02-27T23:51:00Z,0.0,0.28,0.28
2025-02-27T23:52:00Z,0.0,0.3,0.3
2025-02-27T23:58:00Z,0.0,0.33,0.33
2025-02-27T23:59:00Z,0.0,0.24,0.24
2025-02-28T00:00:00Z,0.0,0.28,0.28
2025-02-28T00:51:00Z,0.0,0.26,0.26
2025-02-28T00:52:00Z,0.0,0.27,0.27
2025-02-28T00:54:00Z,0.0,0.34,0.34
2025-02-28T00:55:00Z,0.0,0.29,0.29
2025-02-28T00:56:00Z,0.0,0.92,0.92
2025-02-28T00:57:00Z,0.56,0.0,0.56
2025-02-28T00:58:00Z,0.36,0.0,0.36
2025-02-28T00:59:00Z,0.76,0.0,0.76
2025-02-28T01:00:00Z,0.82,0.0,0.82
2025-02-28T01:01:00Z,0.72,0.0,0.72
2025-02-28T01:02:00Z,0.93,0.0,0.93
2025-02-28T01:03:00Z,0.86,0.0,0.86
2025-02-28T01:04:00Z,1.2,0.0,1.2
2025-02-28T01:05:00Z,1.0,0.0,1.0
2025-02-28T01:06:00Z,1.3799,0.0,1.3799
2025-02-28T01:07:00Z,0.93,0.0,0.93
2025-02-28T01:08:00Z,1.29,0.0,1.29
2025-02-28T01:09:00Z,1.01,0.0,1.01
2025-02-28T01:10:00Z,0.86,0.0,0.86
2025-02-28T01:11:00Z,0.97,0.0,0.97
2025-02-28T01:12:00Z,0.8,0.0,0.8
2025-02-28T01:13:00Z,0.97,0.0,0.97
2025-02-28T01:14:00Z,1.05,0.0,1.05
2025-02-28T01:15:00Z,0.72,0.0,0.72
2025-02-28T01:16:00Z,0.82,0.0,0.82
2025-02-28T01:17:00Z,1.07,0.0,1.07
2025-02-28T01:18:00Z,1.48,0.0,1.48
2025-02-28T01:19:00Z,1.77,0.0,1.77
2025-02-28T01:20:00Z,1.54,0.0,1.54
2025-02-28T01:21:00Z,1.46,0.0,1.46
2025-02-28T01:22:00Z,1.24,0.0,1.24
2025-02-28T01:23:00Z,1.27,0.0,1.27
2025-02-28T01:24:00Z,1.73,0.0,1.73
2025-02-28T01:25:00Z,1.78,0.0,1.78
2025-02-28T01:26:00Z,1.4,0.0,1.4
2025-02-28T01:27:00Z,1.23,0.0,1.23
2025-02-28T01:28:00Z,2.09,0.0,2.09
2025-02-28T01:29:00Z,1.87,0.0,1.87
2025-02-28T01:30:00Z,1.43,0.0,1.43
2025-02-28T01:31:00Z,1.22,0.0,1.22
2025-02-28T01:32:00Z,1.49,0.0,1.49
2025-02-28T01:33:00Z,1.29,0.0,1.29
2025-02-28T01:34:00Z,1.57,0.0,1.57
2025-02-28T01:35:00Z,1.81,0.0,1.81
2025-02-28T01:36:00Z,1.3899,0.0,1.3899
2025-02-28T01:37:00Z,1.65,0.0,1.65
2025-02-28T01:38:00Z,2.16,0.0,2.16
2025-02-28T01:39:00Z,1.47,0.0,1.47
2025-02-28T01:40:00Z,1.77,0.0,1.77
2025-02-28T01:41:00Z,1.54,0.0,1.54
2025-02-28T01:42:00Z,2.08,0.0,2.08
2025-02-28T01:43:00Z,1.99,0.0,1.99
2025-02-28T01:44:00Z,1.33,0.0,1.33
2025-02-28T01:45:00Z,1.69,0.0,1.69
2025-02-28T01:46:00Z,1.81,0.0,1.81
2025-02-28T01:47:00Z,2.07,0.0,2.07
2025-02-28T01:48:00Z,1.74,0.0,1.74
2025-02-28T01:49:00Z,1.34,0.0,1.34
2025-02-28T01:50:00Z,1.93,0.0,1.93
2025-02-28T01:51:00Z,1.61,0.0,1.61
2025-02-28T01:52:00Z,1.71,0.0,1.71
2025-02-28T01:53:00Z,1.4,0.0,1.4
2025-02-28T01:54:00Z,1.91,0.0,1.91
2025-02-28T01:55:00Z,1.78,0.0,1.78
2025-02-28T01:56:00Z,1.78,0.0,1.78
2025-02-28T01:57:00Z,1.61,0.0,1.61
2025-02-28T01:58:00Z,1.29,0.0,1.29
2025-02-28T01:59:00Z,1.01,0.0,1.01
2025-02-28T02:00:00Z,0.66,0.0,0.66
2025-02-28T02:01:00Z,0.6899,0.0,0.6899
2025-02-28T02:02:00Z,0.75,0.0,0.75
2025-02-28T02:03:00Z,0.71,0.0,0.71
2025-02-28T02:04:00Z,0.59,0.0,0.59
2025-02-28T02:05:00Z,0.31,0.0,0.31
2025-02-28T02:07:00Z,0.61,0.0,0.61
2025-02-28T02:08:00Z,0.35,0.0,0.35
2025-02-28T02:09:00Z,0.37,0.0,0.37
2025-02-28T02:10:00Z,0.34,0.0,0.34
2025-02-28T02:11:00Z,0.33,0.0,0.33
2025-02-28T02:12:00Z,0.55,0.0,0.55
2025-02-28T02:13:00Z,0.32,0.0,0.32
2025-02-28T02:14:00Z,0.34,0.0,0.34
2025-02-28T02:15:00Z,0.31,0.0,0.31
2025-02-28T02:16:00Z,0.29,0.0,0.29
2025-02-28T02:17:00Z,0.26,0.0,0.26
2025-02-28T02:19:00Z,0.27,0.0,0.27
2025-02-28T02:20:00Z,0.31,0.0,0.31
2025-02-28T12:24:00Z,0.0,0.25,0.25
2025-02-28T13:19:00Z,0.0,0.24,0.24
2025-02-28T13:20:00Z,0.0,0.25,0.25
2025-02-28T13:21:00Z,0.0,0.28,0.28
2025-02-28T13:22:00Z,0.0,0.33,0.33
2025-02-28T13:23:00Z,0.0,0.3,0.3
2025-02-28T13:25:00Z,0.0,0.26,0.26
2025-02-28T13:26:00Z,0.0,0.24,0.24
2025-02-28T13:27:00Z,0.0,0.24,0.24
2025-02-28T13:44:00Z,0.0,0.28,0.28
2025-02-28T13:47:00Z,0.0,0.27,0.27
2025-02-28T13:49:00Z,0.0,0.23,0.23
2025-02-28T13:55:00Z,0.0,0.25,0.25
2025-02-28T20:48:00Z,0.0,0.26,0.26
2025-02-28T20:49:00Z,0.0,0.31,0.31
2025-02-28T21:14:00Z,0.0,0.23,0.23
2025-02-28T22:54:00Z,0.0,0.24,0.24
2025-02-28T23:19:00Z,0.0,0.25,0.25
2025-02-28T23:22:00Z,0.0,0.25,0.25
2025-02-28T23:23:00Z,0.0,0.25,0.25
2025-02-28T23:27:00Z,0.0,0.23,0.23
2025-02-28T23:33:00Z,0.0,0.34,0.34
