timestamp,latitude,longitude,altitude
2025-04-10T14:08:45Z,36.109005,-115.172885,680.6
2025-04-10T14:08:46Z,36.109003,-115.172877,679.6
2025-04-10T14:08:47Z,36.109002,-115.172867,680.6
2025-04-10T14:08:48Z,36.108998,-115.172858,681.7
2025-04-10T14:08:49Z,36.108997,-115.172848,681.7
2025-04-10T14:08:50Z,36.108992,-115.172832,683.4
2025-04-10T14:08:51Z,36.108988,-115.172812,681.8
2025-04-10T14:08:52Z,36.108987,-115.172793,682.7
2025-04-10T14:08:53Z,36.108983,-115.172777,683.2
2025-04-10T14:08:54Z,36.108982,-115.172758,682.1
2025-04-10T14:08:55Z,36.108978,-115.172742,681.5
2025-04-10T14:08:56Z,36.108975,-115.172725,680.0
2025-04-10T14:08:57Z,36.108970,-115.172708,678.1
2025-04-10T14:08:58Z,36.108962,-115.172690,678.2
2025-04-10T14:08:59Z,36.108952,-115.172672,677.8
2025-04-10T14:09:00Z,36.108940,-115.172657,677.2
2025-04-10T14:09:01Z,36.108928,-115.172642,677.1
2025-04-10T14:09:02Z,36.108918,-115.172628,676.3
2025-04-10T14:09:03Z,36.108912,-115.172617,673.5
2025-04-10T14:09:04Z,36.108907,-115.172607,672.0
2025-04-10T14:09:05Z,36.108903,-115.172598,671.3
2025-04-10T14:09:06Z,36.108903,-115.172593,670.5
2025-04-10T14:09:07Z,36.108902,-115.172590,669.4
2025-04-10T14:09:08Z,36.108902,-115.172590,668.4
2025-04-10T14:09:09Z,36.108900,-115.172590,668.6
2025-04-10T14:09:10Z,36.108900,-115.172590,668.0
2025-04-10T14:09:11Z,36.108898,-115.172588,666.9
2025-04-10T14:09:12Z,36.108895,-115.172587,666.5
2025-04-10T14:09:13Z,36.108893,-115.172585,666.5
2025-04-10T14:09:14Z,36.108890,-115.172580,666.4
2025-04-10T14:09:15Z,36.108887,-115.172577,666.199
2025-04-10T14:09:16Z,36.108883,-115.172573,666.099
2025-04-10T14:09:17Z,36.108878,-115.172572,664.499
2025-04-10T14:09:18Z,36.108873,-115.172570,664.599
2025-04-10T14:09:19Z,36.108868,-115.172568,663.599
2025-04-10T14:09:20Z,36.108865,-115.172567,663.8
2025-04-10T14:09:21Z,36.108863,-115.172563,662.6
2025-04-10T14:09:22Z,36.108862,-115.172560,662.8
2025-04-10T14:09:23Z,36.108860,-115.172555,662.3
2025-04-10T14:09:24Z,36.108860,-115.172550,661.6
2025-04-10T14:09:25Z,36.108858,-115.172545,661.1
2025-04-10T14:09:26Z,36.108857,-115.172542,660.0
2025-04-10T14:09:27Z,36.108855,-115.172538,659.9
2025-04-10T14:09:28Z,36.108855,-115.172535,659.5
2025-04-10T14:09:29Z,36.108853,-115.172533,659.4
2025-04-10T14:09:30Z,36.108852,-115.172532,658.6
2025-04-10T14:09:31Z,36.108850,-115.172532,658.7
2025-04-10T14:09:32Z,36.108848,-115.172532,658.7
2025-04-10T14:09:33Z,36.108847,-115.172532,659.2
2025-04-10T14:09:34Z,36.108845,-115.172532,658.9
2025-04-10T14:09:35Z,36.108843,-115.172530,659.0
2025-04-10T14:09:36Z,36.108840,-115.172528,659.6
2025-04-10T14:09:37Z,36.108837,-115.172528,659.3
2025-04-10T14:09:38Z,36.108833,-115.172527,659.3
2025-04-10T14:09:39Z,36.108830,-115.172525,659.4
2025-04-10T14:09:40Z,36.108827,-115.172523,658.5
2025-04-10T14:09:41Z,36.108823,-115.172522,658.6
2025-04-10T14:09:42Z,36.108822,-115.172520,658.2
2025-04-10T14:09:43Z,36.108822,-115.172520,658.2
2025-04-10T14:09:44Z,36.108822,-115.172522,658.0
2025-04-10T14:09:45Z,36.108825,-115.172523,657.8
2025-04-10T14:09:46Z,36.108832,-115.172525,657.099
2025-04-10T14:09:47Z,36.108838,-115.172525,655.999
2025-04-10T14:09:48Z,36.108845,-115.172527,656.0
2025-04-10T14:09:49Z,36.108852,-115.172527,656.4
2025-04-10T14:09:50Z,36.108858,-115.172527,656.199
2025-04-10T14:09:51Z,36.108862,-115.172528,656.3
2025-04-10T14:09:52Z,36.108863,-115.172528,656.199
2025-04-10T14:09:53Z,36.108863,-115.172528,656.099
2025-04-10T14:09:54Z,36.108863,-115.172527,654.999
2025-04-10T14:09:55Z,36.108863,-115.172523,654.699
2025-04-10T14:09:56Z,36.108867,-115.172518,653.999
2025-04-10T14:09:57Z,36.108870,-115.172515,653.1
2025-04-10T14:09:58Z,36.108875,-115.172510,652.4
2025-04-10T14:09:59Z,36.108880,-115.172507,652.4
2025-04-10T14:10:00Z,36.108885,-115.172507,652.5
2025-04-10T14:10:01Z,36.108890,-115.172505,652.5
2025-04-10T14:10:02Z,36.108895,-115.172503,652.4
2025-04-10T14:10:03Z,36.108900,-115.172502,652.199
2025-04-10T14:10:04Z,36.108907,-115.172500,652.099
2025-04-10T14:10:05Z,36.108912,-115.172497,652.099
2025-04-10T14:10:06Z,36.108918,-115.172493,652.3
2025-04-10T14:10:07Z,36.108925,-115.172492,652.5
2025-04-10T14:10:08Z,36.108932,-115.172488,652.7
2025-04-10T14:10:09Z,36.108938,-115.172487,652.2
2025-04-10T14:10:10Z,36.108945,-115.172485,652.6
2025-04-10T14:10:11Z,36.108950,-115.172483,652.9
2025-04-10T14:10:12Z,36.108957,-115.172483,653.4
2025-04-10T14:10:13Z,36.108963,-115.172482,654.1
2025-04-10T14:10:14Z,36.108970,-115.172482,654.2
2025-04-10T14:10:15Z,36.108975,-115.172482,654.1
2025-04-10T14:10:16Z,36.108980,-115.172483,654.1
2025-04-10T14:10:17Z,36.108987,-115.172483,654.4
2025-04-10T14:10:18Z,36.108992,-115.172483,655.0
2025-04-10T14:10:19Z,36.108998,-115.172485,655.3
2025-04-10T14:10:20Z,36.109003,-115.172485,655.4
2025-04-10T14:10:21Z,36.109007,-115.172485,655.4
2025-04-10T14:10:22Z,36.109010,-115.172485,655.4
2025-04-10T14:10:23Z,36.109012,-115.172485,655.9
2025-04-10T14:10:24Z,36.109012,-115.172487,655.8
2025-04-10T14:10:25Z,36.109012,-115.172487,656.3
2025-04-10T14:10:26Z,36.109012,-115.172487,657.5
2025-04-10T14:10:27Z,36.109013,-115.172488,657.6
2025-04-10T14:10:28Z,36.109018,-115.172492,657.4
2025-04-10T14:10:29Z,36.109027,-115.172495,656.8
2025-04-10T14:10:30Z,36.109037,-115.172497,656.4
2025-04-10T14:10:31Z,36.109042,-115.172497,656.8
2025-04-10T14:10:32Z,36.109043,-115.172495,656.4
2025-04-10T14:10:33Z,36.109040,-115.172490,655.8
2025-04-10T14:10:34Z,36.109033,-115.172483,655.0
2025-04-10T14:10:35Z,36.109025,-115.172477,655.3
2025-04-10T14:10:36Z,36.109015,-115.172475,655.199
2025-04-10T14:10:37Z,36.109005,-115.172475,655.099
2025-04-10T14:10:38Z,36.108995,-115.172480,655.099
2025-04-10T14:10:39Z,36.108987,-115.172487,654.599
2025-04-10T14:10:40Z,36.108980,-115.172497,654.399
2025-04-10T14:10:41Z,36.108975,-115.172510,654.399
2025-04-10T14:10:42Z,36.108977,-115.172527,653.9
2025-04-10T14:10:43Z,36.108990,-115.172538,654.1
2025-04-10T14:10:44Z,36.109017,-115.172545,654.1
2025-04-10T14:10:45Z,36.109052,-115.172545,654.0
2025-04-10T14:10:46Z,36.109095,-115.172540,654.1
2025-04-10T14:10:47Z,36.109132,-115.172522,654.9
2025-04-10T14:10:48Z,36.109160,-115.172505,654.5
2025-04-10T14:10:49Z,36.109180,-115.172490,654.6
2025-04-10T14:10:50Z,36.109195,-115.172477,654.7
2025-04-10T14:10:51Z,36.109205,-115.172467,652.6
2025-04-10T14:10:52Z,36.109212,-115.172453,652.8
2025-04-10T14:10:53Z,36.109210,-115.172437,652.7
2025-04-10T14:10:54Z,36.109198,-115.172410,654.6
2025-04-10T14:10:55Z,36.109175,-115.172375,652.6
2025-04-10T14:10:56Z,36.109142,-115.172335,654.5
2025-04-10T14:10:57Z,36.109108,-115.172292,656.6
2025-04-10T14:10:58Z,36.109073,-115.172247,661.5
2025-04-10T14:10:59Z,36.109040,-115.172208,661.9
2025-04-10T14:11:00Z,36.109008,-115.172177,662.7
2025-04-10T14:11:01Z,36.108978,-115.172153,661.0
2025-04-10T14:11:02Z,36.108952,-115.172142,661.7
2025-04-10T14:11:03Z,36.108928,-115.172135,664.6
2025-04-10T14:11:04Z,36.108913,-115.172125,664.5
2025-04-10T14:11:05Z,36.108905,-115.172115,662.9
2025-04-10T14:11:06Z,36.108900,-115.172100,662.699
2025-04-10T14:11:07Z,36.108898,-115.172082,661.999
2025-04-10T14:11:08Z,36.108898,-115.172065,661.999
2025-04-10T14:11:09Z,36.108897,-115.172050,661.7
2025-04-10T14:11:10Z,36.108893,-115.172033,661.5
2025-04-10T14:11:11Z,36.108892,-115.172018,661.3
2025-04-10T14:11:12Z,36.108888,-115.172003,661.0
2025-04-10T14:11:13Z,36.108887,-115.172032,662.4
2025-04-10T14:11:14Z,36.108885,-115.172063,662.4
2025-04-10T14:11:23Z,36.108850,-115.172047,658.8
2025-04-10T14:11:24Z,36.108812,-115.172035,658.599
2025-04-10T14:11:25Z,36.108765,-115.172028,641.9
2025-04-10T14:11:26Z,36.108712,-115.171982,640.6
2025-04-10T14:11:27Z,36.108660,-115.171940,631.0
2025-04-10T14:11:28Z,36.108642,-115.171952,632.4
2025-04-10T14:11:29Z,36.108622,-115.171965,635.1
2025-04-10T14:11:30Z,36.108608,-115.171978,640.5
2025-04-10T14:11:31Z,36.108595,-115.171993,644.5
2025-04-10T14:11:32Z,36.108578,-115.172005,644.6
2025-04-10T14:11:33Z,36.108562,-115.172018,647.2
2025-04-10T14:11:34Z,36.108545,-115.172035,651.1
2025-04-10T14:11:35Z,36.108532,-115.172053,651.5
2025-04-10T14:11:36Z,36.108518,-115.172077,652.9
2025-04-10T14:11:37Z,36.108507,-115.172105,648.699
2025-04-10T14:11:38Z,36.108493,-115.172132,648.9
2025-04-10T14:11:39Z,36.108478,-115.172157,647.9
2025-04-10T14:11:40Z,36.108462,-115.172177,650.699
2025-04-10T14:11:41Z,36.108445,-115.172192,650.8
2025-04-10T14:11:42Z,36.108428,-115.172198,650.4
2025-04-10T14:11:43Z,36.108415,-115.172200,650.5
2025-04-10T14:11:44Z,36.108403,-115.172202,649.9
2025-04-10T14:11:45Z,36.108393,-115.172200,649.699
2025-04-10T14:11:46Z,36.108383,-115.172198,651.099
2025-04-10T14:11:47Z,36.108372,-115.172200,650.8
2025-04-10T14:11:48Z,36.108358,-115.172203,651.8
2025-04-10T14:11:49Z,36.108343,-115.172207,652.599
2025-04-10T14:11:50Z,36.108327,-115.172213,655.7
2025-04-10T14:11:51Z,36.108312,-115.172222,656.0
2025-04-10T14:11:52Z,36.108298,-115.172232,657.0
2025-04-10T14:11:53Z,36.108287,-115.172240,656.8
2025-04-10T14:11:54Z,36.108280,-115.172247,656.699
2025-04-10T14:11:55Z,36.108275,-115.172252,656.699
2025-04-10T14:11:56Z,36.108273,-115.172253,656.699
2025-04-10T14:11:57Z,36.108272,-115.172253,656.699
2025-04-10T14:11:58Z,36.108272,-115.172252,656.699
2025-04-10T14:11:59Z,36.108272,-115.172252,656.7
2025-04-10T14:12:00Z,36.108272,-115.172252,656.7
2025-04-10T14:12:01Z,36.108272,-115.172252,656.7
2025-04-10T14:12:02Z,36.108272,-115.172252,656.7
2025-04-10T14:12:03Z,36.108272,-115.172252,656.7
2025-04-10T14:12:04Z,36.108272,-115.172252,656.7
2025-04-10T14:12:05Z,36.108272,-115.172252,656.8
2025-04-10T14:12:06Z,36.108270,-115.172252,657.7
2025-04-10T14:12:07Z,36.108268,-115.172252,658.5
2025-04-10T14:12:08Z,36.108263,-115.172252,659.2
2025-04-10T14:12:09Z,36.108258,-115.172252,658.4
2025-04-10T14:12:10Z,36.108252,-115.172250,656.5
2025-04-10T14:12:11Z,36.108243,-115.172248,658.7
2025-04-10T14:12:12Z,36.108237,-115.172248,657.3
2025-04-10T14:12:13Z,36.108228,-115.172247,655.2
2025-04-10T14:12:14Z,36.108222,-115.172247,654.3
2025-04-10T14:12:15Z,36.108213,-115.172248,654.4
2025-04-10T14:12:16Z,36.108207,-115.172250,652.9
2025-04-10T14:12:17Z,36.108198,-115.172250,651.8
2025-04-10T14:12:18Z,36.108190,-115.172253,650.3
2025-04-10T14:12:19Z,36.108180,-115.172255,651.0
2025-04-10T14:12:20Z,36.108168,-115.172258,651.7
2025-04-10T14:12:21Z,36.108153,-115.172262,651.2
2025-04-10T14:12:22Z,36.108137,-115.172265,651.9
2025-04-10T14:12:23Z,36.108120,-115.172270,652.7
2025-04-10T14:12:24Z,36.108102,-115.172272,653.6
2025-04-10T14:12:25Z,36.108082,-115.172275,654.2
2025-04-10T14:12:26Z,36.108060,-115.172277,655.4
2025-04-10T14:12:27Z,36.108038,-115.172280,654.5
2025-04-10T14:12:28Z,36.108017,-115.172287,653.6
2025-04-10T14:12:29Z,36.107998,-115.172297,653.7
2025-04-10T14:12:30Z,36.107983,-115.172308,653.1
2025-04-10T14:12:31Z,36.107975,-115.172323,653.0
2025-04-10T14:12:32Z,36.107967,-115.172340,654.4
2025-04-10T14:12:33Z,36.107962,-115.172355,654.5
2025-04-10T14:12:34Z,36.107958,-115.172372,655.8
2025-04-10T14:12:35Z,36.107955,-115.172388,656.9
2025-04-10T14:12:37Z,36.107952,-115.172405,657.3
2025-04-10T14:12:38Z,36.107955,-115.172435,657.4
2025-04-10T14:12:39Z,36.107957,-115.172450,658.3
2025-04-10T14:12:40Z,36.107958,-115.172463,658.5
2025-04-10T14:12:41Z,36.107960,-115.172475,658.3
2025-04-10T14:12:42Z,36.107960,-115.172483,658.8
2025-04-10T14:12:43Z,36.107960,-115.172490,658.599
2025-04-10T14:12:44Z,36.107960,-115.172493,658.1
2025-04-10T14:12:45Z,36.107960,-115.172498,656.9
2025-04-10T14:12:46Z,36.107958,-115.172502,657.3
2025-04-10T14:12:47Z,36.107957,-115.172507,657.9
2025-04-10T14:12:48Z,36.107957,-115.172515,657.6
2025-04-10T14:12:49Z,36.107958,-115.172523,657.3
2025-04-10T14:12:50Z,36.107962,-115.172530,657.9
2025-04-10T14:12:51Z,36.107970,-115.172535,658.4
2025-04-10T14:12:52Z,36.107980,-115.172540,657.9
2025-04-10T14:12:53Z,36.107988,-115.172543,656.3
2025-04-10T14:12:54Z,36.107998,-115.172547,654.8
2025-04-10T14:12:55Z,36.108005,-115.172548,650.5
2025-04-10T14:12:56Z,36.108012,-115.172548,650.5
2025-04-10T14:12:57Z,36.108017,-115.172550,648.5
2025-04-10T14:12:58Z,36.108020,-115.172553,648.0
2025-04-10T14:12:59Z,36.108022,-115.172553,647.7
2025-04-10T14:13:00Z,36.108020,-115.172555,649.3
2025-04-10T14:13:01Z,36.108015,-115.172557,647.3
2025-04-10T14:13:02Z,36.108010,-115.172557,646.8
2025-04-10T14:13:03Z,36.108002,-115.172558,647.199
2025-04-10T14:13:04Z,36.107995,-115.172560,648.199
2025-04-10T14:13:05Z,36.107987,-115.172563,652.199
2025-04-10T14:13:06Z,36.107978,-115.172568,653.999
2025-04-10T14:13:07Z,36.107968,-115.172573,654.199
2025-04-10T14:13:08Z,36.107958,-115.172578,653.499
2025-04-10T14:13:09Z,36.107948,-115.172585,651.5
2025-04-10T14:13:10Z,36.107942,-115.172590,650.6
2025-04-10T14:13:11Z,36.107937,-115.172595,648.9
2025-04-10T14:13:12Z,36.107933,-115.172600,648.699
2025-04-10T14:13:13Z,36.107930,-115.172605,650.3
2025-04-10T14:13:14Z,36.107927,-115.172610,649.9
2025-04-10T14:13:15Z,36.107923,-115.172615,650.0
2025-04-10T14:13:16Z,36.107917,-115.172620,649.2
2025-04-10T14:13:17Z,36.107908,-115.172627,648.2
2025-04-10T14:13:18Z,36.107900,-115.172637,648.8
2025-04-10T14:13:19Z,36.107888,-115.172643,648.699
2025-04-10T14:13:20Z,36.107877,-115.172647,645.8
2025-04-10T14:13:21Z,36.107862,-115.172650,644.8
2025-04-10T14:13:22Z,36.107847,-115.172650,645.9
2025-04-10T14:13:23Z,36.107832,-115.172647,646.3
2025-04-10T14:13:24Z,36.107818,-115.172647,645.5
2025-04-10T14:13:25Z,36.107807,-115.172647,645.5
2025-04-10T14:13:26Z,36.107793,-115.172645,644.5
2025-04-10T14:13:27Z,36.107782,-115.172645,643.7
2025-04-10T14:13:28Z,36.107768,-115.172643,644.5
2025-04-10T14:13:29Z,36.107755,-115.172642,644.2
2025-04-10T14:13:30Z,36.107742,-115.172638,644.7
2025-04-10T14:13:31Z,36.107728,-115.172635,644.3
2025-04-10T14:13:32Z,36.107713,-115.172633,643.1
2025-04-10T14:13:33Z,36.107700,-115.172630,642.3
2025-04-10T14:13:34Z,36.107685,-115.172628,641.9
2025-04-10T14:13:35Z,36.107670,-115.172627,641.6
2025-04-10T14:13:36Z,36.107655,-115.172627,640.2
2025-04-10T14:13:37Z,36.107640,-115.172627,639.7
2025-04-10T14:13:38Z,36.107627,-115.172628,640.7
2025-04-10T14:13:39Z,36.107613,-115.172628,640.6
2025-04-10T14:13:40Z,36.107602,-115.172628,640.1
2025-04-10T14:13:41Z,36.107588,-115.172630,639.6
2025-04-10T14:13:42Z,36.107575,-115.172630,641.4
2025-04-10T14:13:43Z,36.107562,-115.172630,641.199
2025-04-10T14:13:44Z,36.107548,-115.172630,642.6
2025-04-10T14:13:45Z,36.107535,-115.172630,642.6
2025-04-10T14:13:46Z,36.107520,-115.172632,643.3
2025-04-10T14:13:47Z,36.107507,-115.172635,643.5
2025-04-10T14:13:48Z,36.107492,-115.172637,644.9
2025-04-10T14:13:49Z,36.107478,-115.172640,645.0
2025-04-10T14:13:50Z,36.107463,-115.172642,646.3
2025-04-10T14:13:51Z,36.107448,-115.172643,646.3
2025-04-10T14:13:52Z,36.107433,-115.172647,646.0
2025-04-10T14:13:53Z,36.107418,-115.172648,645.6
2025-04-10T14:13:54Z,36.107403,-115.172652,646.7
2025-04-10T14:13:55Z,36.107388,-115.172653,646.2
2025-04-10T14:13:56Z,36.107375,-115.172653,648.2
2025-04-10T14:13:57Z,36.107363,-115.172653,648.2
2025-04-10T14:13:59Z,36.107352,-115.172652,648.6
2025-04-10T14:14:00Z,36.107327,-115.172653,650.9
2025-04-10T14:14:01Z,36.107315,-115.172657,651.199
2025-04-10T14:14:02Z,36.107302,-115.172658,649.0
2025-04-10T14:14:03Z,36.107290,-115.172663,648.5
2025-04-10T14:14:04Z,36.107275,-115.172668,648.8
2025-04-10T14:14:05Z,36.107262,-115.172673,648.8
2025-04-10T14:14:06Z,36.107248,-115.172678,650.199
2025-04-10T14:14:07Z,36.107233,-115.172682,650.3
2025-04-10T14:14:08Z,36.107218,-115.172683,650.599
2025-04-10T14:14:09Z,36.107205,-115.172685,650.3
2025-04-10T14:14:10Z,36.107190,-115.172683,649.8
2025-04-10T14:14:11Z,36.107175,-115.172682,649.8
2025-04-10T14:14:12Z,36.107162,-115.172680,649.9
2025-04-10T14:14:13Z,36.107148,-115.172680,649.699
2025-04-10T14:14:14Z,36.107135,-115.172678,650.499
2025-04-10T14:14:15Z,36.107123,-115.172680,650.799
2025-04-10T14:14:16Z,36.107113,-115.172682,650.599
2025-04-10T14:14:17Z,36.107102,-115.172685,650.199
2025-04-10T14:14:18Z,36.107092,-115.172688,651.599
2025-04-10T14:14:19Z,36.107080,-115.172690,651.399
2025-04-10T14:14:20Z,36.107068,-115.172692,650.9
2025-04-10T14:14:21Z,36.107057,-115.172692,650.8
2025-04-10T14:14:22Z,36.107045,-115.172693,650.099
2025-04-10T14:14:23Z,36.107033,-115.172695,649.199
2025-04-10T14:14:24Z,36.107020,-115.172697,650.199
2025-04-10T14:14:25Z,36.107008,-115.172700,650.199
2025-04-10T14:14:26Z,36.106997,-115.172705,649.9
2025-04-10T14:14:27Z,36.106985,-115.172712,649.3
2025-04-10T14:14:28Z,36.106975,-115.172717,649.5
2025-04-10T14:14:29Z,36.106965,-115.172722,645.4
2025-04-10T14:14:30Z,36.106957,-115.172730,646.8
2025-04-10T14:14:31Z,36.106948,-115.172735,646.199
2025-04-10T14:14:32Z,36.106938,-115.172738,647.099
2025-04-10T14:14:33Z,36.106928,-115.172743,647.499
2025-04-10T14:14:34Z,36.106913,-115.172745,647.399
2025-04-10T14:14:35Z,36.106897,-115.172742,647.899
2025-04-10T14:14:36Z,36.106880,-115.172737,649.199
2025-04-10T14:14:37Z,36.106863,-115.172728,650.399
2025-04-10T14:14:38Z,36.106845,-115.172718,651.2
2025-04-10T14:14:39Z,36.106828,-115.172710,651.6
2025-04-10T14:14:40Z,36.106813,-115.172703,652.1
2025-04-10T14:14:41Z,36.106800,-115.172695,652.7
2025-04-10T14:14:42Z,36.106787,-115.172688,652.3
2025-04-10T14:14:43Z,36.106775,-115.172682,652.7
2025-04-10T14:14:44Z,36.106762,-115.172672,653.4
2025-04-10T14:14:45Z,36.106752,-115.172663,653.4
2025-04-10T14:14:46Z,36.106740,-115.172653,653.1
2025-04-10T14:14:47Z,36.106728,-115.172643,653.0
2025-04-10T14:14:48Z,36.106718,-115.172632,653.0
2025-04-10T14:14:49Z,36.106708,-115.172623,652.6
2025-04-10T14:14:50Z,36.106698,-115.172615,652.7
2025-04-10T14:14:51Z,36.106688,-115.172608,652.9
2025-04-10T14:14:52Z,36.106678,-115.172603,653.3
2025-04-10T14:14:53Z,36.106668,-115.172602,653.3
2025-04-10T14:14:54Z,36.106658,-115.172602,653.4
2025-04-10T14:14:55Z,36.106648,-115.172603,654.5
2025-04-10T14:14:56Z,36.106638,-115.172605,655.0
2025-04-10T14:14:57Z,36.106627,-115.172607,654.0
2025-04-10T14:14:58Z,36.106617,-115.172607,654.0
2025-04-10T14:14:59Z,36.106605,-115.172605,651.7
2025-04-10T14:15:00Z,36.106592,-115.172603,650.9
2025-04-10T14:15:01Z,36.106580,-115.172598,652.4
2025-04-10T14:15:02Z,36.106570,-115.172595,653.1
2025-04-10T14:15:03Z,36.106558,-115.172592,655.1
2025-04-10T14:15:04Z,36.106547,-115.172588,656.8
2025-04-10T14:15:05Z,36.106537,-115.172583,653.199
2025-04-10T14:15:06Z,36.106525,-115.172578,652.599
2025-04-10T14:15:07Z,36.106513,-115.172575,652.8
2025-04-10T14:15:08Z,36.106502,-115.172572,652.699
2025-04-10T14:15:09Z,36.106490,-115.172572,650.599
2025-04-10T14:15:10Z,36.106478,-115.172573,649.3
2025-04-10T14:15:11Z,36.106467,-115.172577,649.199
2025-04-10T14:15:12Z,36.106455,-115.172582,648.999
2025-04-10T14:15:13Z,36.106443,-115.172587,649.4
2025-04-10T14:15:14Z,36.106432,-115.172590,649.4
2025-04-10T14:15:15Z,36.106420,-115.172592,650.199
2025-04-10T14:15:16Z,36.106410,-115.172595,650.4
2025-04-10T14:15:17Z,36.106400,-115.172597,649.8
2025-04-10T14:15:18Z,36.106388,-115.172598,649.4
2025-04-10T14:15:19Z,36.106377,-115.172600,649.199
2025-04-10T14:15:20Z,36.106365,-115.172600,648.9
2025-04-10T14:15:21Z,36.106353,-115.172598,647.699
2025-04-10T14:15:22Z,36.106343,-115.172598,647.7
2025-04-10T14:15:23Z,36.106333,-115.172597,645.9
2025-04-10T14:15:24Z,36.106325,-115.172595,645.6
2025-04-10T14:15:25Z,36.106317,-115.172592,646.1
2025-04-10T14:15:26Z,36.106307,-115.172588,646.3
2025-04-10T14:15:27Z,36.106297,-115.172583,645.9
2025-04-10T14:15:28Z,36.106285,-115.172580,645.9
2025-04-10T14:15:29Z,36.106273,-115.172573,645.3
2025-04-10T14:15:30Z,36.106262,-115.172567,644.3
2025-04-10T14:15:31Z,36.106248,-115.172558,644.3
2025-04-10T14:15:32Z,36.106237,-115.172552,643.8
2025-04-10T14:15:33Z,36.106225,-115.172545,645.8
2025-04-10T14:15:34Z,36.106213,-115.172540,645.3
2025-04-10T14:15:35Z,36.106203,-115.172535,645.9
2025-04-10T14:15:36Z,36.106195,-115.172532,645.6
2025-04-10T14:15:37Z,36.106185,-115.172528,645.5
2025-04-10T14:15:38Z,36.106175,-115.172525,644.9
2025-04-10T14:15:39Z,36.106165,-115.172522,642.4
2025-04-10T14:15:40Z,36.106155,-115.172518,641.4
2025-04-10T14:15:41Z,36.106143,-115.172515,642.3
2025-04-10T14:15:42Z,36.106132,-115.172510,641.9
2025-04-10T14:15:43Z,36.106122,-115.172505,641.8
2025-04-10T14:15:44Z,36.106110,-115.172500,641.699
2025-04-10T14:15:45Z,36.106100,-115.172497,644.199
2025-04-10T14:15:47Z,36.106090,-115.172493,643.499
2025-04-10T14:15:48Z,36.106068,-115.172488,643.699
2025-04-10T14:15:49Z,36.106060,-115.172488,642.8
2025-04-10T14:15:50Z,36.106052,-115.172487,642.8
2025-04-10T14:15:51Z,36.106043,-115.172485,643.699
2025-04-10T14:15:52Z,36.106035,-115.172483,642.9
2025-04-10T14:15:53Z,36.106025,-115.172482,644.8
2025-04-10T14:15:54Z,36.106013,-115.172483,645.4
2025-04-10T14:15:55Z,36.106002,-115.172487,645.6
2025-04-10T14:15:56Z,36.105990,-115.172493,646.0
2025-04-10T14:15:57Z,36.105978,-115.172500,645.2
2025-04-10T14:15:58Z,36.105968,-115.172507,643.6
2025-04-10T14:15:59Z,36.105957,-115.172515,643.7
2025-04-10T14:16:00Z,36.105947,-115.172520,643.3
2025-04-10T14:16:01Z,36.105938,-115.172527,643.6
2025-04-10T14:16:02Z,36.105928,-115.172532,643.4
2025-04-10T14:16:03Z,36.105920,-115.172533,643.5
2025-04-10T14:16:04Z,36.105910,-115.172535,643.2
2025-04-10T14:16:05Z,36.105900,-115.172533,642.4
2025-04-10T14:16:06Z,36.105888,-115.172532,641.6
2025-04-10T14:16:07Z,36.105877,-115.172530,641.7
2025-04-10T14:16:08Z,36.105863,-115.172532,640.9
2025-04-10T14:16:09Z,36.105850,-115.172532,639.8
2025-04-10T14:16:10Z,36.105840,-115.172532,638.5
2025-04-10T14:16:11Z,36.105828,-115.172530,639.5
2025-04-10T14:16:12Z,36.105820,-115.172527,639.4
2025-04-10T14:16:13Z,36.105810,-115.172520,640.8
2025-04-10T14:16:14Z,36.105798,-115.172512,640.7
2025-04-10T14:16:15Z,36.105788,-115.172503,640.7
2025-04-10T14:16:16Z,36.105777,-115.172493,640.5
2025-04-10T14:16:17Z,36.105767,-115.172485,640.4
2025-04-10T14:16:18Z,36.105757,-115.172475,640.1
2025-04-10T14:16:19Z,36.105747,-115.172465,639.8
2025-04-10T14:16:20Z,36.105735,-115.172457,639.2
2025-04-10T14:16:21Z,36.105723,-115.172448,639.8
2025-04-10T14:16:22Z,36.105710,-115.172442,640.4
2025-04-10T14:16:23Z,36.105697,-115.172437,639.8
2025-04-10T14:16:24Z,36.105683,-115.172432,640.2
2025-04-10T14:16:25Z,36.105670,-115.172428,639.8
2025-04-10T14:16:26Z,36.105657,-115.172427,641.5
2025-04-10T14:16:27Z,36.105643,-115.172427,641.0
2025-04-10T14:16:28Z,36.105630,-115.172428,641.3
2025-04-10T14:16:29Z,36.105617,-115.172430,641.599
2025-04-10T14:16:30Z,36.105603,-115.172433,641.099
2025-04-10T14:16:31Z,36.105592,-115.172435,641.399
2025-04-10T14:16:32Z,36.105578,-115.172438,642.999
2025-04-10T14:16:33Z,36.105567,-115.172440,644.199
2025-04-10T14:16:34Z,36.105555,-115.172443,644.3
2025-04-10T14:16:35Z,36.105543,-115.172445,644.699
2025-04-10T14:16:36Z,36.105530,-115.172448,644.699
2025-04-10T14:16:37Z,36.105518,-115.172452,645.4
2025-04-10T14:16:38Z,36.105505,-115.172453,645.5
2025-04-10T14:16:39Z,36.105493,-115.172455,643.4
2025-04-10T14:16:40Z,36.105480,-115.172457,643.0
2025-04-10T14:16:41Z,36.105467,-115.172458,642.6
2025-04-10T14:16:42Z,36.105453,-115.172460,642.3
2025-04-10T14:16:43Z,36.105440,-115.172462,643.9
2025-04-10T14:16:44Z,36.105427,-115.172463,643.9
2025-04-10T14:16:45Z,36.105413,-115.172463,643.699
2025-04-10T14:16:46Z,36.105400,-115.172462,643.4
2025-04-10T14:16:47Z,36.105390,-115.172460,644.0
2025-04-10T14:16:48Z,36.105378,-115.172457,643.9
2025-04-10T14:16:49Z,36.105368,-115.172453,642.9
2025-04-10T14:16:50Z,36.105358,-115.172450,642.699
2025-04-10T14:16:51Z,36.105348,-115.172447,640.2
2025-04-10T14:16:52Z,36.105338,-115.172445,639.5
2025-04-10T14:16:53Z,36.105327,-115.172443,640.2
2025-04-10T14:16:54Z,36.105315,-115.172442,640.2
2025-04-10T14:16:55Z,36.105303,-115.172442,641.6
2025-04-10T14:16:56Z,36.105292,-115.172442,643.4
2025-04-10T14:16:57Z,36.105282,-115.172443,642.1
2025-04-10T14:16:58Z,36.105272,-115.172447,642.9
2025-04-10T14:16:59Z,36.105262,-115.172453,645.1
2025-04-10T14:17:00Z,36.105252,-115.172458,645.9
2025-04-10T14:17:01Z,36.105240,-115.172465,648.9
2025-04-10T14:17:02Z,36.105225,-115.172475,651.5
2025-04-10T14:17:03Z,36.105208,-115.172485,652.2
2025-04-10T14:17:04Z,36.105190,-115.172498,655.3
2025-04-10T14:17:05Z,36.105168,-115.172515,656.5
2025-04-10T14:17:06Z,36.105150,-115.172532,656.7
2025-04-10T14:17:07Z,36.105132,-115.172548,656.4
2025-04-10T14:17:08Z,36.105115,-115.172562,656.5
2025-04-10T14:17:09Z,36.105100,-115.172575,657.6
2025-04-10T14:17:10Z,36.105085,-115.172587,657.1
2025-04-10T14:17:11Z,36.105072,-115.172597,657.5
2025-04-10T14:17:12Z,36.105058,-115.172605,657.8
2025-04-10T14:17:13Z,36.105045,-115.172613,658.9
2025-04-10T14:17:14Z,36.105030,-115.172620,659.699
2025-04-10T14:17:15Z,36.105015,-115.172625,659.8
2025-04-10T14:17:16Z,36.105002,-115.172627,660.5
2025-04-10T14:17:17Z,36.104988,-115.172627,660.5
2025-04-10T14:17:18Z,36.104978,-115.172623,659.8
2025-04-10T14:17:19Z,36.104970,-115.172620,659.8
2025-04-10T14:17:20Z,36.104963,-115.172617,656.8
2025-04-10T14:17:21Z,36.104957,-115.172615,656.3
2025-04-10T14:17:22Z,36.104952,-115.172613,654.699
2025-04-10T14:17:23Z,36.104945,-115.172615,654.199
2025-04-10T14:17:24Z,36.104940,-115.172617,653.099
2025-04-10T14:17:25Z,36.104935,-115.172620,652.699
2025-04-10T14:17:26Z,36.104930,-115.172623,648.6
2025-04-10T14:17:27Z,36.104925,-115.172627,648.0
2025-04-10T14:17:28Z,36.104920,-115.172630,648.5
2025-04-10T14:17:29Z,36.104915,-115.172633,648.2
2025-04-10T14:17:30Z,36.104908,-115.172635,649.7
2025-04-10T14:17:31Z,36.104900,-115.172635,649.8
2025-04-10T14:17:32Z,36.104892,-115.172637,651.0
2025-04-10T14:17:33Z,36.104882,-115.172640,650.7
2025-04-10T14:17:34Z,36.104873,-115.172642,646.5
2025-04-10T14:17:35Z,36.104865,-115.172643,645.4
2025-04-10T14:17:36Z,36.104857,-115.172647,645.4
2025-04-10T14:17:37Z,36.104848,-115.172652,644.8
2025-04-10T14:17:38Z,36.104838,-115.172655,648.699
2025-04-10T14:17:39Z,36.104827,-115.172658,649.8
2025-04-10T14:17:40Z,36.104815,-115.172663,649.8
2025-04-10T14:17:41Z,36.104803,-115.172668,650.599
2025-04-10T14:17:42Z,36.104790,-115.172672,649.699
2025-04-10T14:17:43Z,36.104778,-115.172673,649.4
2025-04-10T14:17:44Z,36.104767,-115.172675,650.4
2025-04-10T14:17:45Z,36.104752,-115.172677,651.199
2025-04-10T14:17:46Z,36.104737,-115.172675,650.699
2025-04-10T14:17:47Z,36.104722,-115.172675,651.099
2025-04-10T14:17:48Z,36.104705,-115.172672,650.699
2025-04-10T14:17:49Z,36.104690,-115.172670,650.8
2025-04-10T14:17:50Z,36.104673,-115.172667,649.9
2025-04-10T14:17:51Z,36.104658,-115.172667,649.9
2025-04-10T14:17:52Z,36.104645,-115.172665,648.5
2025-04-10T14:17:53Z,36.104632,-115.172665,648.4
2025-04-10T14:17:54Z,36.104617,-115.172665,648.199
2025-04-10T14:17:55Z,36.104605,-115.172665,648.199
2025-04-10T14:17:56Z,36.104592,-115.172665,648.4
2025-04-10T14:17:57Z,36.104578,-115.172665,647.8
2025-04-10T14:17:58Z,36.104563,-115.172665,648.9
2025-04-10T14:17:59Z,36.104550,-115.172665,648.4
2025-04-10T14:18:00Z,36.104537,-115.172667,647.3
2025-04-10T14:18:01Z,36.104525,-115.172668,646.1
2025-04-10T14:18:02Z,36.104513,-115.172672,647.8
2025-04-10T14:18:03Z,36.104502,-115.172677,647.3
2025-04-10T14:18:04Z,36.104492,-115.172680,648.1
2025-04-10T14:18:05Z,36.104478,-115.172682,648.8
2025-04-10T14:18:06Z,36.104465,-115.172680,649.0
2025-04-10T14:18:07Z,36.104450,-115.172677,650.3
2025-04-10T14:18:08Z,36.104433,-115.172672,650.1
2025-04-10T14:18:09Z,36.104418,-115.172663,651.1
2025-04-10T14:18:10Z,36.104403,-115.172653,651.8
2025-04-10T14:18:11Z,36.104393,-115.172643,651.8
2025-04-10T14:18:12Z,36.104383,-115.172632,651.699
2025-04-10T14:18:13Z,36.104377,-115.172617,651.099
2025-04-10T14:18:14Z,36.104370,-115.172602,652.099
2025-04-10T14:18:15Z,36.104362,-115.172588,650.599
2025-04-10T14:18:16Z,36.104352,-115.172577,650.099
2025-04-10T14:18:17Z,36.104343,-115.172568,651.499
2025-04-10T14:18:18Z,36.104332,-115.172562,651.999
2025-04-10T14:18:19Z,36.104322,-115.172557,652.5
2025-04-10T14:18:20Z,36.104312,-115.172552,653.1
2025-04-10T14:18:21Z,36.104302,-115.172548,654.2
2025-04-10T14:18:22Z,36.104292,-115.172543,654.9
2025-04-10T14:18:23Z,36.104282,-115.172538,654.5
2025-04-10T14:18:24Z,36.104270,-115.172533,654.4
2025-04-10T14:18:25Z,36.104258,-115.172530,654.7
2025-04-10T14:18:26Z,36.104248,-115.172525,653.7
2025-04-10T14:18:27Z,36.104237,-115.172520,653.5
2025-04-10T14:18:28Z,36.104225,-115.172515,652.8
2025-04-10T14:18:29Z,36.104213,-115.172510,653.099
2025-04-10T14:18:30Z,36.104202,-115.172505,652.3
2025-04-10T14:18:31Z,36.104188,-115.172502,650.8
2025-04-10T14:18:32Z,36.104175,-115.172500,650.599
2025-04-10T14:18:33Z,36.104162,-115.172500,646.099
2025-04-10T14:18:34Z,36.104148,-115.172500,643.699
2025-04-10T14:18:35Z,36.104137,-115.172502,644.9
2025-04-10T14:18:36Z,36.104123,-115.172503,643.5
2025-04-10T14:18:37Z,36.104112,-115.172503,647.0
2025-04-10T14:18:38Z,36.104100,-115.172503,647.4
2025-04-10T14:18:39Z,36.104088,-115.172502,644.4
2025-04-10T14:18:40Z,36.104077,-115.172500,643.699
2025-04-10T14:18:41Z,36.104065,-115.172497,644.099
2025-04-10T14:18:42Z,36.104053,-115.172493,643.899
2025-04-10T14:18:43Z,36.104042,-115.172490,643.899
2025-04-10T14:18:44Z,36.104030,-115.172487,643.399
2025-04-10T14:18:45Z,36.104020,-115.172483,644.3
2025-04-10T14:18:46Z,36.104012,-115.172478,644.9
2025-04-10T14:18:47Z,36.104002,-115.172477,649.1
2025-04-10T14:18:48Z,36.103992,-115.172475,651.5
2025-04-10T14:18:49Z,36.103982,-115.172477,648.1
2025-04-10T14:18:50Z,36.103968,-115.172477,647.7
2025-04-10T14:18:51Z,36.103955,-115.172480,649.3
2025-04-10T14:18:52Z,36.103942,-115.172482,649.7
2025-04-10T14:18:53Z,36.103927,-115.172483,650.0
2025-04-10T14:18:54Z,36.103913,-115.172487,651.1
2025-04-10T14:18:55Z,36.103900,-115.172490,652.0
2025-04-10T14:18:56Z,36.103887,-115.172492,652.8
2025-04-10T14:18:57Z,36.103877,-115.172492,648.9
2025-04-10T14:18:58Z,36.103867,-115.172492,649.0
2025-04-10T14:18:59Z,36.103857,-115.172488,651.6
2025-04-10T14:19:00Z,36.103848,-115.172483,651.9
2025-04-10T14:19:01Z,36.103838,-115.172478,650.6
2025-04-10T14:19:02Z,36.103828,-115.172472,649.4
2025-04-10T14:19:03Z,36.103817,-115.172467,652.7
2025-04-10T14:19:04Z,36.103803,-115.172460,652.5
2025-04-10T14:19:05Z,36.103788,-115.172455,653.3
2025-04-10T14:19:06Z,36.103773,-115.172452,653.9
2025-04-10T14:19:07Z,36.103757,-115.172448,653.6
2025-04-10T14:19:08Z,36.103742,-115.172448,654.1
2025-04-10T14:19:09Z,36.103725,-115.172447,651.4
2025-04-10T14:19:10Z,36.103712,-115.172447,651.3
2025-04-10T14:19:11Z,36.103700,-115.172448,649.6
2025-04-10T14:19:12Z,36.103687,-115.172448,648.7
2025-04-10T14:19:13Z,36.103675,-115.172448,647.7
2025-04-10T14:19:14Z,36.103665,-115.172452,648.2
2025-04-10T14:19:15Z,36.103653,-115.172452,648.3
2025-04-10T14:19:16Z,36.103640,-115.172453,647.4
2025-04-10T14:19:17Z,36.103628,-115.172455,646.8
2025-04-10T14:19:18Z,36.103617,-115.172455,647.9
2025-04-10T14:19:19Z,36.103603,-115.172455,647.1
2025-04-10T14:19:20Z,36.103592,-115.172455,647.6
2025-04-10T14:19:21Z,36.103582,-115.172457,649.2
2025-04-10T14:19:22Z,36.103570,-115.172460,649.9
2025-04-10T14:19:23Z,36.103560,-115.172465,651.2
2025-04-10T14:19:24Z,36.103548,-115.172472,651.8
2025-04-10T14:19:25Z,36.103537,-115.172477,652.9
2025-04-10T14:19:26Z,36.103523,-115.172483,653.1
2025-04-10T14:19:27Z,36.103512,-115.172488,652.7
2025-04-10T14:19:28Z,36.103500,-115.172492,652.2
2025-04-10T14:19:29Z,36.103487,-115.172495,652.3
2025-04-10T14:19:30Z,36.103473,-115.172498,651.9
2025-04-10T14:19:31Z,36.103460,-115.172502,650.4
2025-04-10T14:19:32Z,36.103443,-115.172505,651.199
2025-04-10T14:19:33Z,36.103428,-115.172508,651.199
2025-04-10T14:19:34Z,36.103415,-115.172512,649.9
2025-04-10T14:19:35Z,36.103402,-115.172515,649.3
2025-04-10T14:19:36Z,36.103390,-115.172518,651.0
2025-04-10T14:19:37Z,36.103380,-115.172520,650.8
2025-04-10T14:19:38Z,36.103368,-115.172522,649.5
2025-04-10T14:19:39Z,36.103358,-115.172523,649.2
2025-04-10T14:19:40Z,36.103347,-115.172523,650.3
2025-04-10T14:19:41Z,36.103337,-115.172523,650.4
2025-04-10T14:19:42Z,36.103325,-115.172523,652.1
2025-04-10T14:19:43Z,36.103315,-115.172522,652.7
2025-04-10T14:19:44Z,36.103303,-115.172520,652.2
2025-04-10T14:19:45Z,36.103292,-115.172518,652.7
2025-04-10T14:19:46Z,36.103282,-115.172515,651.6
2025-04-10T14:19:47Z,36.103270,-115.172512,652.1
2025-04-10T14:19:48Z,36.103258,-115.172508,650.4
2025-04-10T14:19:49Z,36.103248,-115.172505,651.0
2025-04-10T14:19:50Z,36.103235,-115.172503,650.8
2025-04-10T14:19:51Z,36.103223,-115.172503,650.599
2025-04-10T14:19:52Z,36.103208,-115.172503,651.3
2025-04-10T14:19:53Z,36.103195,-115.172503,651.199
2025-04-10T14:19:54Z,36.103180,-115.172505,650.199
2025-04-10T14:19:55Z,36.103167,-115.172505,650.4
2025-04-10T14:19:56Z,36.103152,-115.172507,649.5
2025-04-10T14:19:57Z,36.103137,-115.172508,649.9
2025-04-10T14:19:58Z,36.103122,-115.172512,653.699
2025-04-10T14:19:59Z,36.103107,-115.172515,655.599
2025-04-10T14:20:00Z,36.103092,-115.172518,654.199
2025-04-10T14:20:01Z,36.103077,-115.172522,654.9
2025-04-10T14:20:02Z,36.103062,-115.172525,653.0
2025-04-10T14:20:03Z,36.103048,-115.172527,653.3
2025-04-10T14:20:04Z,36.103033,-115.172528,651.6
2025-04-10T14:20:05Z,36.103020,-115.172527,650.8
2025-04-10T14:20:06Z,36.103005,-115.172527,651.5
2025-04-10T14:20:07Z,36.102992,-115.172525,652.2
2025-04-10T14:20:08Z,36.102978,-115.172523,650.4
2025-04-10T14:20:09Z,36.102965,-115.172525,651.1
2025-04-10T14:20:10Z,36.102953,-115.172527,653.2
2025-04-10T14:20:11Z,36.102943,-115.172530,654.4
2025-04-10T14:20:12Z,36.102932,-115.172533,655.0
2025-04-10T14:20:13Z,36.102920,-115.172535,655.5
2025-04-10T14:20:14Z,36.102910,-115.172537,651.0
2025-04-10T14:20:15Z,36.102900,-115.172537,650.7
2025-04-10T14:20:16Z,36.102890,-115.172535,649.7
2025-04-10T14:20:17Z,36.102880,-115.172535,650.0
2025-04-10T14:20:18Z,36.102872,-115.172535,645.8
2025-04-10T14:20:19Z,36.102863,-115.172535,643.0
2025-04-10T14:20:20Z,36.102853,-115.172533,645.8
2025-04-10T14:20:21Z,36.102843,-115.172530,644.699
2025-04-10T14:20:22Z,36.102832,-115.172527,647.1
2025-04-10T14:20:23Z,36.102820,-115.172522,647.8
2025-04-10T14:20:24Z,36.102808,-115.172515,650.5
2025-04-10T14:20:25Z,36.102797,-115.172508,651.1
2025-04-10T14:20:26Z,36.102787,-115.172502,651.9
2025-04-10T14:20:27Z,36.102775,-115.172498,652.1
2025-04-10T14:20:28Z,36.102765,-115.172493,652.9
2025-04-10T14:20:29Z,36.102755,-115.172492,653.0
2025-04-10T14:20:30Z,36.102743,-115.172490,652.9
2025-04-10T14:20:31Z,36.102732,-115.172488,652.9
2025-04-10T14:20:32Z,36.102720,-115.172487,651.699
2025-04-10T14:20:33Z,36.102708,-115.172485,651.599
2025-04-10T14:20:34Z,36.102697,-115.172485,654.099
2025-04-10T14:20:35Z,36.102687,-115.172485,654.599
2025-04-10T14:20:36Z,36.102677,-115.172485,652.999
2025-04-10T14:20:37Z,36.102667,-115.172485,653.199
2025-04-10T14:20:38Z,36.102657,-115.172487,652.599
2025-04-10T14:20:39Z,36.102647,-115.172487,651.2
2025-04-10T14:20:40Z,36.102635,-115.172488,653.1
2025-04-10T14:20:41Z,36.102623,-115.172488,652.4
2025-04-10T14:20:42Z,36.102612,-115.172490,653.4
2025-04-10T14:20:43Z,36.102598,-115.172490,653.199
2025-04-10T14:20:44Z,36.102585,-115.172490,656.499
2025-04-10T14:20:45Z,36.102572,-115.172490,658.199
2025-04-10T14:20:46Z,36.102560,-115.172488,654.3
2025-04-10T14:20:47Z,36.102550,-115.172488,655.3
2025-04-10T14:20:48Z,36.102538,-115.172488,651.9
2025-04-10T14:20:49Z,36.102530,-115.172487,651.0
2025-04-10T14:20:50Z,36.102520,-115.172488,654.8
2025-04-10T14:20:51Z,36.102512,-115.172490,655.5
2025-04-10T14:20:52Z,36.102502,-115.172493,655.3
2025-04-10T14:20:53Z,36.102492,-115.172497,655.699
2025-04-10T14:20:54Z,36.102480,-115.172502,654.499
2025-04-10T14:20:55Z,36.102470,-115.172505,654.499
2025-04-10T14:20:56Z,36.102460,-115.172508,656.0
2025-04-10T14:20:57Z,36.102450,-115.172513,656.7
2025-04-10T14:20:58Z,36.102440,-115.172518,657.1
2025-04-10T14:20:59Z,36.102428,-115.172523,657.4
2025-04-10T14:21:00Z,36.102417,-115.172527,658.6
2025-04-10T14:21:01Z,36.102407,-115.172530,658.8
2025-04-10T14:21:02Z,36.102395,-115.172532,660.7
2025-04-10T14:21:03Z,36.102383,-115.172532,660.9
2025-04-10T14:21:04Z,36.102370,-115.172533,663.4
2025-04-10T14:21:05Z,36.102358,-115.172538,664.0
2025-04-10T14:21:06Z,36.102343,-115.172545,665.3
2025-04-10T14:21:07Z,36.102327,-115.172555,665.599
2025-04-10T14:21:08Z,36.102310,-115.172567,663.599
2025-04-10T14:21:09Z,36.102295,-115.172577,662.499
2025-04-10T14:21:10Z,36.102278,-115.172587,663.799
2025-04-10T14:21:11Z,36.102263,-115.172592,664.399
2025-04-10T14:21:12Z,36.102248,-115.172595,663.999
2025-04-10T14:21:13Z,36.102233,-115.172595,664.2
2025-04-10T14:21:14Z,36.102217,-115.172595,661.9
2025-04-10T14:21:15Z,36.102202,-115.172595,661.7
2025-04-10T14:21:16Z,36.102185,-115.172597,662.4
2025-04-10T14:21:17Z,36.102168,-115.172597,662.3
2025-04-10T14:21:18Z,36.102153,-115.172598,662.5
2025-04-10T14:21:19Z,36.102140,-115.172600,662.6
2025-04-10T14:21:20Z,36.102128,-115.172602,661.4
2025-04-10T14:21:21Z,36.102117,-115.172602,661.2
2025-04-10T14:21:22Z,36.102107,-115.172600,660.5
2025-04-10T14:21:23Z,36.102098,-115.172598,660.5
2025-04-10T14:21:24Z,36.102090,-115.172595,661.2
2025-04-10T14:21:25Z,36.102082,-115.172592,661.2
2025-04-10T14:21:26Z,36.102075,-115.172588,661.0
2025-04-10T14:21:27Z,36.102068,-115.172587,661.5
2025-04-10T14:21:28Z,36.102060,-115.172583,659.9
2025-04-10T14:21:29Z,36.102053,-115.172582,660.9
2025-04-10T14:21:30Z,36.102048,-115.172580,660.699
2025-04-10T14:21:31Z,36.102042,-115.172577,660.9
2025-04-10T14:21:32Z,36.102035,-115.172572,661.0
2025-04-10T14:21:33Z,36.102027,-115.172568,661.0
2025-04-10T14:21:34Z,36.102017,-115.172565,659.5
2025-04-10T14:21:35Z,36.102007,-115.172562,659.3
2025-04-10T14:21:36Z,36.101997,-115.172560,658.4
2025-04-10T14:21:37Z,36.101987,-115.172558,658.4
2025-04-10T14:21:38Z,36.101977,-115.172557,656.9
2025-04-10T14:21:39Z,36.101967,-115.172555,655.8
2025-04-10T14:21:40Z,36.101957,-115.172553,654.6
2025-04-10T14:21:41Z,36.101947,-115.172550,654.3
2025-04-10T14:21:42Z,36.101935,-115.172548,653.0
2025-04-10T14:21:43Z,36.101922,-115.172545,652.7
2025-04-10T14:21:45Z,36.101907,-115.172542,652.0
2025-04-10T14:21:46Z,36.101880,-115.172537,651.4
2025-04-10T14:21:47Z,36.101870,-115.172542,651.3
2025-04-10T14:21:48Z,36.101863,-115.172547,652.5
2025-04-10T14:21:49Z,36.101857,-115.172555,652.9
2025-04-10T14:21:50Z,36.101852,-115.172563,653.8
2025-04-10T14:21:51Z,36.101845,-115.172568,654.0
2025-04-10T14:21:52Z,36.101835,-115.172568,654.2
2025-04-10T14:21:53Z,36.101823,-115.172568,654.9
2025-04-10T14:21:54Z,36.101810,-115.172567,655.7
2025-04-10T14:21:55Z,36.101795,-115.172563,656.9
2025-04-10T14:21:56Z,36.101778,-115.172562,658.8
2025-04-10T14:21:57Z,36.101762,-115.172562,659.4
2025-04-10T14:21:58Z,36.101747,-115.172560,659.5
2025-04-10T14:21:59Z,36.101732,-115.172562,660.5
2025-04-10T14:22:00Z,36.101720,-115.172567,659.1
2025-04-10T14:22:01Z,36.101710,-115.172572,658.2
2025-04-10T14:22:02Z,36.101700,-115.172577,659.8
2025-04-10T14:22:03Z,36.101693,-115.172582,659.3
2025-04-10T14:22:04Z,36.101688,-115.172585,660.0
2025-04-10T14:22:05Z,36.101683,-115.172585,660.0
2025-04-10T14:22:06Z,36.101678,-115.172583,658.2
2025-04-10T14:22:07Z,36.101672,-115.172582,657.0
2025-04-10T14:22:08Z,36.101662,-115.172580,655.4
2025-04-10T14:22:09Z,36.101650,-115.172580,654.1
2025-04-10T14:22:10Z,36.101637,-115.172580,653.4
2025-04-10T14:22:11Z,36.101620,-115.172580,652.0
2025-04-10T14:22:12Z,36.101603,-115.172580,652.7
2025-04-10T14:22:13Z,36.101587,-115.172580,652.9
2025-04-10T14:22:14Z,36.101570,-115.172578,652.2
2025-04-10T14:22:15Z,36.101553,-115.172580,651.5
2025-04-10T14:22:16Z,36.101537,-115.172583,651.4
2025-04-10T14:22:17Z,36.101522,-115.172587,650.7
2025-04-10T14:22:18Z,36.101510,-115.172593,650.5
2025-04-10T14:22:19Z,36.101498,-115.172602,652.3
2025-04-10T14:22:20Z,36.101490,-115.172608,652.4
2025-04-10T14:22:21Z,36.101480,-115.172615,652.4
2025-04-10T14:22:22Z,36.101472,-115.172618,654.8
2025-04-10T14:22:23Z,36.101462,-115.172622,655.9
2025-04-10T14:22:24Z,36.101453,-115.172620,655.199
2025-04-10T14:22:25Z,36.101445,-115.172617,655.499
2025-04-10T14:22:26Z,36.101440,-115.172610,655.7
2025-04-10T14:22:27Z,36.101438,-115.172600,655.6
2025-04-10T14:22:28Z,36.101440,-115.172588,656.1
2025-04-10T14:22:29Z,36.101448,-115.172577,654.0
2025-04-10T14:22:30Z,36.101462,-115.172568,654.2
2025-04-10T14:22:31Z,36.101475,-115.172562,653.6
2025-04-10T14:22:32Z,36.101490,-115.172557,651.7
2025-04-10T14:22:33Z,36.101502,-115.172552,651.9
2025-04-10T14:22:34Z,36.101512,-115.172550,652.5
2025-04-10T14:22:35Z,36.101518,-115.172548,652.2
2025-04-10T14:22:36Z,36.101523,-115.172548,651.6
2025-04-10T14:22:37Z,36.101527,-115.172550,652.1
2025-04-10T14:22:38Z,36.101530,-115.172553,650.1
2025-04-10T14:22:39Z,36.101535,-115.172555,650.2
2025-04-10T14:22:40Z,36.101538,-115.172558,648.7
2025-04-10T14:22:41Z,36.101543,-115.172560,649.6
2025-04-10T14:22:42Z,36.101547,-115.172562,650.3
2025-04-10T14:22:43Z,36.101550,-115.172563,651.2
2025-04-10T14:22:44Z,36.101553,-115.172565,652.6
2025-04-10T14:22:45Z,36.101557,-115.172567,652.4
2025-04-10T14:22:46Z,36.101560,-115.172568,652.9
2025-04-10T14:22:47Z,36.101565,-115.172570,653.6
2025-04-10T14:22:48Z,36.101568,-115.172572,653.5
2025-04-10T14:22:49Z,36.101572,-115.172572,653.1
2025-04-10T14:22:50Z,36.101577,-115.172573,653.8
2025-04-10T14:22:51Z,36.101580,-115.172573,654.3
2025-04-10T14:22:52Z,36.101583,-115.172573,655.4
2025-04-10T14:22:53Z,36.101587,-115.172575,655.8
2025-04-10T14:22:54Z,36.101592,-115.172577,656.0
2025-04-10T14:22:55Z,36.101595,-115.172578,657.0
2025-04-10T14:22:56Z,36.101598,-115.172580,657.8
2025-04-10T14:22:57Z,36.101602,-115.172582,658.0
2025-04-10T14:22:58Z,36.101607,-115.172582,658.0
2025-04-10T14:22:59Z,36.101610,-115.172583,657.8
2025-04-10T14:23:00Z,36.101613,-115.172583,658.099
2025-04-10T14:23:01Z,36.101617,-115.172583,656.7
2025-04-10T14:23:02Z,36.101620,-115.172582,656.4
2025-04-10T14:23:03Z,36.101623,-115.172580,656.2
2025-04-10T14:23:04Z,36.101627,-115.172577,656.2
2025-04-10T14:23:05Z,36.101632,-115.172575,656.1
2025-04-10T14:23:06Z,36.101638,-115.172573,656.6
2025-04-10T14:23:07Z,36.101645,-115.172577,656.4
2025-04-10T14:23:08Z,36.101652,-115.172582,656.0
2025-04-10T14:23:09Z,36.101655,-115.172593,657.0
2025-04-10T14:23:10Z,36.101657,-115.172608,657.4
2025-04-10T14:23:11Z,36.101657,-115.172625,657.5
2025-04-10T14:23:12Z,36.101655,-115.172642,658.9
2025-04-10T14:23:13Z,36.101653,-115.172660,659.3
2025-04-10T14:23:14Z,36.101650,-115.172677,660.099
2025-04-10T14:23:15Z,36.101648,-115.172692,658.8
2025-04-10T14:23:16Z,36.101647,-115.172705,658.9
2025-04-10T14:23:17Z,36.101645,-115.172720,658.6
2025-04-10T14:23:18Z,36.101640,-115.172735,658.5
2025-04-10T14:23:19Z,36.101637,-115.172752,659.9
2025-04-10T14:23:20Z,36.101633,-115.172768,660.4
2025-04-10T14:23:21Z,36.101628,-115.172785,661.5
2025-04-10T14:23:22Z,36.101625,-115.172802,661.5
2025-04-10T14:23:23Z,36.101622,-115.172820,661.2
2025-04-10T14:23:24Z,36.101618,-115.172838,662.6
2025-04-10T14:23:25Z,36.101617,-115.172857,662.5
2025-04-10T14:23:26Z,36.101613,-115.172875,663.5
2025-04-10T14:23:27Z,36.101610,-115.172892,663.4
2025-04-10T14:23:28Z,36.101608,-115.172908,663.7
2025-04-10T14:23:29Z,36.101605,-115.172925,663.2
2025-04-10T14:23:30Z,36.101602,-115.172940,662.9
2025-04-10T14:23:31Z,36.101598,-115.172955,661.7
2025-04-10T14:23:32Z,36.101597,-115.172972,662.4
2025-04-10T14:23:33Z,36.101595,-115.172988,661.5
2025-04-10T14:23:34Z,36.101595,-115.173005,664.4
2025-04-10T14:23:35Z,36.101595,-115.173020,664.2
2025-04-10T14:23:36Z,36.101595,-115.173038,665.0
2025-04-10T14:23:37Z,36.101597,-115.173057,665.0
2025-04-10T14:23:38Z,36.101597,-115.173073,663.2
2025-04-10T14:23:39Z,36.101598,-115.173088,662.9
2025-04-10T14:23:40Z,36.101600,-115.173105,664.8
2025-04-10T14:23:41Z,36.101602,-115.173118,665.0
2025-04-10T14:23:42Z,36.101605,-115.173132,664.4
2025-04-10T14:23:43Z,36.101608,-115.173145,663.7
2025-04-10T14:23:44Z,36.101610,-115.173158,663.4
2025-04-10T14:23:45Z,36.101615,-115.173172,663.5
2025-04-10T14:23:46Z,36.101618,-115.173183,664.2
2025-04-10T14:23:47Z,36.101620,-115.173195,664.3
2025-04-10T14:23:48Z,36.101622,-115.173208,664.9
2025-04-10T14:23:49Z,36.101622,-115.173220,665.0
2025-04-10T14:23:50Z,36.101620,-115.173232,662.3
2025-04-10T14:23:51Z,36.101613,-115.173243,662.0
2025-04-10T14:23:52Z,36.101607,-115.173255,663.3
2025-04-10T14:23:53Z,36.101598,-115.173267,663.7
2025-04-10T14:23:54Z,36.101588,-115.173277,660.8
2025-04-10T14:23:55Z,36.101577,-115.173285,660.5
2025-04-10T14:23:56Z,36.101567,-115.173290,657.9
2025-04-10T14:23:57Z,36.101557,-115.173293,658.4
2025-04-10T14:23:58Z,36.101547,-115.173295,658.8
2025-04-10T14:23:59Z,36.101538,-115.173295,657.5
2025-04-10T14:24:00Z,36.101532,-115.173295,656.5
2025-04-10T14:24:01Z,36.101527,-115.173295,655.8
2025-04-10T14:24:02Z,36.101522,-115.173297,653.9
2025-04-10T14:24:03Z,36.101517,-115.173297,654.199
2025-04-10T14:24:04Z,36.101513,-115.173295,653.599
2025-04-10T14:24:05Z,36.101510,-115.173295,652.699
2025-04-10T14:24:06Z,36.101505,-115.173293,652.9
2025-04-10T14:24:07Z,36.101503,-115.173293,652.5
2025-04-10T14:24:08Z,36.101500,-115.173292,651.5
2025-04-10T14:24:09Z,36.101497,-115.173292,651.3
2025-04-10T14:24:10Z,36.101495,-115.173290,650.699
2025-04-10T14:24:11Z,36.101492,-115.173292,650.4
2025-04-10T14:24:12Z,36.101490,-115.173292,650.199
2025-04-10T14:24:13Z,36.101488,-115.173292,649.199
2025-04-10T14:24:14Z,36.101485,-115.173292,648.9
2025-04-10T14:24:15Z,36.101483,-115.173293,647.9
2025-04-10T14:24:16Z,36.101480,-115.173293,647.0
2025-04-10T14:24:17Z,36.101478,-115.173293,646.4
2025-04-10T14:24:18Z,36.101475,-115.173293,645.5
2025-04-10T14:24:19Z,36.101473,-115.173292,645.5
2025-04-10T14:24:20Z,36.101472,-115.173290,645.5
2025-04-10T14:24:21Z,36.101472,-115.173288,645.6
2025-04-10T14:24:22Z,36.101470,-115.173288,646.3
2025-04-10T14:24:23Z,36.101468,-115.173287,646.2
2025-04-10T14:24:24Z,36.101463,-115.173285,646.2
2025-04-10T14:24:25Z,36.101457,-115.173283,646.5
2025-04-10T14:24:26Z,36.101445,-115.173280,646.4
2025-04-10T14:24:27Z,36.101433,-115.173278,647.4
2025-04-10T14:24:28Z,36.101420,-115.173277,648.5
2025-04-10T14:24:29Z,36.101407,-115.173277,648.9
2025-04-10T14:24:31Z,36.101395,-115.173278,649.199
2025-04-10T14:24:32Z,36.101382,-115.173282,650.199
2025-04-10T14:24:33Z,36.101380,-115.173287,647.999
2025-04-10T14:24:34Z,36.101377,-115.173290,648.399
2025-04-10T14:24:35Z,36.101375,-115.173293,648.599
2025-04-10T14:24:36Z,36.101373,-115.173297,649.899
2025-04-10T14:24:37Z,36.101367,-115.173300,646.899
2025-04-10T14:24:38Z,36.101360,-115.173303,646.099
2025-04-10T14:24:39Z,36.101353,-115.173305,644.3
2025-04-10T14:24:40Z,36.101345,-115.173308,645.0
2025-04-10T14:24:41Z,36.101337,-115.173313,643.9
2025-04-10T14:24:42Z,36.101328,-115.173320,643.3
2025-04-10T14:24:43Z,36.101318,-115.173328,643.099
2025-04-10T14:24:44Z,36.101310,-115.173335,642.999
2025-04-10T14:24:45Z,36.101298,-115.173343,643.399
2025-04-10T14:24:46Z,36.101288,-115.173352,644.999
2025-04-10T14:24:47Z,36.101277,-115.173358,645.399
2025-04-10T14:24:48Z,36.101265,-115.173365,645.9
2025-04-10T14:24:49Z,36.101253,-115.173370,645.9
2025-04-10T14:24:50Z,36.101243,-115.173377,645.699
2025-04-10T14:24:51Z,36.101233,-115.173383,645.3
2025-04-10T14:24:52Z,36.101225,-115.173388,646.699
2025-04-10T14:24:53Z,36.101217,-115.173395,646.599
2025-04-10T14:24:54Z,36.101208,-115.173402,648.199
2025-04-10T14:24:55Z,36.101200,-115.173410,648.499
2025-04-10T14:24:56Z,36.101190,-115.173417,649.299
2025-04-10T14:24:57Z,36.101178,-115.173423,649.2
2025-04-10T14:24:58Z,36.101167,-115.173432,647.1
2025-04-10T14:24:59Z,36.101157,-115.173440,646.3
2025-04-10T14:25:00Z,36.101147,-115.173450,646.8
2025-04-10T14:25:01Z,36.101140,-115.173460,646.2
2025-04-10T14:25:02Z,36.101133,-115.173470,647.4
2025-04-10T14:25:03Z,36.101130,-115.173482,647.1
2025-04-10T14:25:04Z,36.101127,-115.173495,648.1
2025-04-10T14:25:05Z,36.101127,-115.173508,647.6
2025-04-10T14:25:06Z,36.101125,-115.173523,647.5
2025-04-10T14:25:07Z,36.101123,-115.173540,646.9
2025-04-10T14:25:08Z,36.101123,-115.173553,648.199
2025-04-10T14:25:09Z,36.101122,-115.173568,648.699
2025-04-10T14:25:10Z,36.101122,-115.173582,649.099
2025-04-10T14:25:11Z,36.101122,-115.173595,649.399
2025-04-10T14:25:12Z,36.101122,-115.173610,649.199
2025-04-10T14:25:13Z,36.101122,-115.173623,649.199
2025-04-10T14:25:14Z,36.101120,-115.173638,653.6
2025-04-10T14:25:15Z,36.101117,-115.173653,654.1
2025-04-10T14:25:16Z,36.101110,-115.173670,653.7
2025-04-10T14:25:17Z,36.101103,-115.173685,652.9
2025-04-10T14:25:18Z,36.101098,-115.173702,653.8
2025-04-10T14:25:19Z,36.101095,-115.173718,653.4
2025-04-10T14:25:21Z,36.101097,-115.173732,653.3
2025-04-10T14:25:22Z,36.101107,-115.173755,653.9
2025-04-10T14:25:23Z,36.101115,-115.173767,653.9
2025-04-10T14:25:24Z,36.101123,-115.173777,654.1
2025-04-10T14:25:25Z,36.101130,-115.173785,653.9
2025-04-10T14:25:26Z,36.101137,-115.173793,653.6
2025-04-10T14:25:27Z,36.101142,-115.173798,655.3
2025-04-10T14:25:28Z,36.101143,-115.173800,654.1
2025-04-10T14:25:29Z,36.101143,-115.173803,655.0
2025-04-10T14:25:30Z,36.101143,-115.173803,655.0
2025-04-10T14:25:31Z,36.101142,-115.173803,654.7
2025-04-10T14:25:32Z,36.101142,-115.173803,655.3
2025-04-10T14:25:33Z,36.101140,-115.173802,656.0
2025-04-10T14:25:34Z,36.101140,-115.173802,657.0
2025-04-10T14:25:35Z,36.101138,-115.173800,656.7
2025-04-10T14:25:36Z,36.101137,-115.173800,657.1
2025-04-10T14:25:37Z,36.101135,-115.173802,657.1
2025-04-10T14:25:38Z,36.101133,-115.173805,656.6
2025-04-10T14:25:39Z,36.101132,-115.173810,656.4
2025-04-10T14:25:40Z,36.101132,-115.173815,656.6
2025-04-10T14:25:41Z,36.101133,-115.173822,656.8
2025-04-10T14:25:42Z,36.101133,-115.173828,656.4
2025-04-10T14:25:43Z,36.101133,-115.173833,656.9
2025-04-10T14:25:44Z,36.101135,-115.173840,656.8
2025-04-10T14:25:45Z,36.101135,-115.173847,656.599
2025-04-10T14:25:46Z,36.101135,-115.173852,656.599
2025-04-10T14:25:47Z,36.101133,-115.173858,657.099
2025-04-10T14:25:48Z,36.101133,-115.173865,656.899
2025-04-10T14:25:49Z,36.101132,-115.173870,657.799
2025-04-10T14:25:50Z,36.101132,-115.173875,658.199
2025-04-10T14:25:51Z,36.101132,-115.173880,659.2
2025-04-10T14:25:52Z,36.101132,-115.173885,659.2
2025-04-10T14:25:53Z,36.101132,-115.173888,658.9
2025-04-10T14:25:54Z,36.101132,-115.173893,659.1
2025-04-10T14:25:55Z,36.101132,-115.173898,659.0
2025-04-10T14:25:56Z,36.101133,-115.173903,659.5
2025-04-10T14:25:57Z,36.101133,-115.173910,660.1
2025-04-10T14:25:58Z,36.101135,-115.173920,660.3
2025-04-10T14:25:59Z,36.101137,-115.173930,660.1
2025-04-10T14:26:00Z,36.101138,-115.173943,659.1
2025-04-10T14:26:01Z,36.101137,-115.173953,659.5
2025-04-10T14:26:02Z,36.101133,-115.173963,658.8
2025-04-10T14:26:03Z,36.101127,-115.173968,658.8
2025-04-10T14:26:04Z,36.101115,-115.173970,659.5
2025-04-10T14:26:05Z,36.101102,-115.173970,658.9
2025-04-10T14:26:06Z,36.101087,-115.173970,658.699
2025-04-10T14:26:07Z,36.101072,-115.173968,659.8
2025-04-10T14:26:08Z,36.101057,-115.173968,660.599
2025-04-10T14:26:09Z,36.101043,-115.173967,661.6
2025-04-10T14:26:10Z,36.101032,-115.173967,661.5
2025-04-10T14:26:11Z,36.101018,-115.173965,661.5
2025-04-10T14:26:12Z,36.101005,-115.173965,662.0
2025-04-10T14:26:13Z,36.100992,-115.173965,661.6
2025-04-10T14:26:14Z,36.100980,-115.173967,662.7
2025-04-10T14:26:15Z,36.100967,-115.173968,662.9
2025-04-10T14:26:16Z,36.100955,-115.173970,662.7
2025-04-10T14:26:17Z,36.100945,-115.173972,661.4
2025-04-10T14:26:18Z,36.100932,-115.173975,661.8
2025-04-10T14:26:19Z,36.100920,-115.173975,662.699
2025-04-10T14:26:20Z,36.100907,-115.173977,663.9
2025-04-10T14:26:21Z,36.100893,-115.173977,664.0
2025-04-10T14:26:22Z,36.100880,-115.173977,663.9
2025-04-10T14:26:23Z,36.100867,-115.173975,663.8
2025-04-10T14:26:24Z,36.100855,-115.173973,662.3
2025-04-10T14:26:25Z,36.100842,-115.173973,661.699
2025-04-10T14:26:26Z,36.100830,-115.173973,663.8
2025-04-10T14:26:27Z,36.100817,-115.173975,663.599
2025-04-10T14:26:28Z,36.100802,-115.173975,663.099
2025-04-10T14:26:29Z,36.100788,-115.173977,663.099
2025-04-10T14:26:30Z,36.100773,-115.173978,662.499
2025-04-10T14:26:31Z,36.100758,-115.173980,662.699
2025-04-10T14:26:32Z,36.100743,-115.173980,663.9
2025-04-10T14:26:33Z,36.100730,-115.173980,664.0
2025-04-10T14:26:34Z,36.100717,-115.173978,664.0
2025-04-10T14:26:35Z,36.100703,-115.173977,663.9
2025-04-10T14:26:36Z,36.100692,-115.173975,665.699
2025-04-10T14:26:37Z,36.100678,-115.173975,665.599
2025-04-10T14:26:38Z,36.100665,-115.173973,665.599
2025-04-10T14:26:39Z,36.100652,-115.173973,664.3
2025-04-10T14:26:40Z,36.100638,-115.173973,663.9
2025-04-10T14:26:41Z,36.100623,-115.173973,663.699
2025-04-10T14:26:42Z,36.100610,-115.173973,662.699
2025-04-10T14:26:43Z,36.100598,-115.173973,663.499
2025-04-10T14:26:44Z,36.100587,-115.173973,663.5
2025-04-10T14:26:45Z,36.100577,-115.173972,662.6
2025-04-10T14:26:46Z,36.100567,-115.173972,662.6
2025-04-10T14:26:47Z,36.100558,-115.173972,661.8
2025-04-10T14:26:48Z,36.100552,-115.173970,661.6
2025-04-10T14:26:49Z,36.100543,-115.173970,660.6
2025-04-10T14:26:50Z,36.100535,-115.173972,661.3
2025-04-10T14:26:51Z,36.100527,-115.173972,661.4
2025-04-10T14:26:52Z,36.100517,-115.173973,660.5
2025-04-10T14:26:53Z,36.100507,-115.173977,659.7
2025-04-10T14:26:54Z,36.100495,-115.173982,659.6
2025-04-10T14:26:55Z,36.100483,-115.173988,658.3
2025-04-10T14:26:56Z,36.100472,-115.173995,658.3
2025-04-10T14:26:57Z,36.100460,-115.174002,659.6
2025-04-10T14:26:58Z,36.100447,-115.174005,659.9
2025-04-10T14:27:00Z,36.100435,-115.174007,660.0
2025-04-10T14:27:01Z,36.100408,-115.174005,659.5
2025-04-10T14:27:02Z,36.100395,-115.174003,658.6
2025-04-10T14:27:03Z,36.100383,-115.174003,659.2
2025-04-10T14:27:04Z,36.100372,-115.174003,659.0
2025-04-10T14:27:05Z,36.100358,-115.174005,656.6
2025-04-10T14:27:06Z,36.100347,-115.174007,655.7
2025-04-10T14:27:07Z,36.100335,-115.174008,656.1
2025-04-10T14:27:08Z,36.100323,-115.174012,655.7
2025-04-10T14:27:09Z,36.100310,-115.174013,657.5
2025-04-10T14:27:10Z,36.100297,-115.174017,658.2
2025-04-10T14:27:11Z,36.100283,-115.174018,658.0
2025-04-10T14:27:12Z,36.100270,-115.174018,657.0
2025-04-10T14:27:13Z,36.100255,-115.174017,656.2
2025-04-10T14:27:14Z,36.100243,-115.174015,656.1
2025-04-10T14:27:15Z,36.100230,-115.174015,656.3
2025-04-10T14:27:16Z,36.100217,-115.174013,657.3
2025-04-10T14:27:17Z,36.100205,-115.174012,658.4
2025-04-10T14:27:18Z,36.100193,-115.174010,659.1
2025-04-10T14:27:19Z,36.100182,-115.174007,661.1
2025-04-10T14:27:20Z,36.100170,-115.174002,661.8
2025-04-10T14:27:21Z,36.100160,-115.173995,663.4
2025-04-10T14:27:22Z,36.100150,-115.173985,664.0
2025-04-10T14:27:23Z,36.100142,-115.173973,664.7
2025-04-10T14:27:24Z,36.100133,-115.173958,665.0
2025-04-10T14:27:25Z,36.100127,-115.173943,666.3
2025-04-10T14:27:26Z,36.100120,-115.173930,665.699
2025-04-10T14:27:27Z,36.100113,-115.173918,666.699
2025-04-10T14:27:28Z,36.100107,-115.173905,665.999
2025-04-10T14:27:29Z,36.100102,-115.173890,665.699
2025-04-10T14:27:30Z,36.100100,-115.173873,666.5
2025-04-10T14:27:31Z,36.100102,-115.173855,666.9
2025-04-10T14:27:32Z,36.100105,-115.173837,666.6
2025-04-10T14:27:33Z,36.100110,-115.173820,666.5
2025-04-10T14:27:34Z,36.100113,-115.173805,666.0
2025-04-10T14:27:35Z,36.100115,-115.173790,666.9
2025-04-10T14:27:36Z,36.100115,-115.173775,666.9
2025-04-10T14:27:37Z,36.100115,-115.173762,666.5
2025-04-10T14:27:38Z,36.100115,-115.173747,665.8
2025-04-10T14:27:39Z,36.100117,-115.173733,666.1
2025-04-10T14:27:40Z,36.100118,-115.173720,666.2
2025-04-10T14:27:41Z,36.100123,-115.173707,666.2
2025-04-10T14:27:42Z,36.100130,-115.173695,666.0
2025-04-10T14:27:43Z,36.100137,-115.173683,665.4
2025-04-10T14:27:44Z,36.100145,-115.173675,666.5
2025-04-10T14:27:45Z,36.100153,-115.173667,666.1
2025-04-10T14:27:46Z,36.100160,-115.173658,666.2
2025-04-10T14:27:47Z,36.100167,-115.173650,665.1
2025-04-10T14:27:48Z,36.100173,-115.173640,665.7
2025-04-10T14:27:49Z,36.100178,-115.173630,665.2
2025-04-10T14:27:50Z,36.100182,-115.173617,665.4
2025-04-10T14:27:51Z,36.100187,-115.173605,666.8
2025-04-10T14:27:52Z,36.100192,-115.173595,666.2
2025-04-10T14:27:53Z,36.100195,-115.173588,665.6
2025-04-10T14:27:54Z,36.100200,-115.173585,665.3
2025-04-10T14:27:55Z,36.100203,-115.173583,665.0
2025-04-10T14:27:56Z,36.100207,-115.173585,665.2
2025-04-10T14:27:57Z,36.100210,-115.173588,665.3
2025-04-10T14:27:58Z,36.100215,-115.173592,665.3
2025-04-10T14:27:59Z,36.100222,-115.173593,662.0
2025-04-10T14:28:00Z,36.100228,-115.173593,661.7
2025-04-10T14:28:01Z,36.100237,-115.173592,660.8
2025-04-10T14:28:02Z,36.100243,-115.173585,660.5
2025-04-10T14:28:03Z,36.100250,-115.173578,660.8
2025-04-10T14:28:04Z,36.100258,-115.173570,660.7
2025-04-10T14:28:05Z,36.100265,-115.173562,661.6
2025-04-10T14:28:06Z,36.100268,-115.173557,659.8
2025-04-10T14:28:07Z,36.100270,-115.173557,660.3
2025-04-10T14:28:08Z,36.100267,-115.173560,660.599
2025-04-10T14:28:09Z,36.100257,-115.173565,659.699
2025-04-10T14:28:10Z,36.100245,-115.173572,659.099
2025-04-10T14:28:11Z,36.100230,-115.173577,659.8
2025-04-10T14:28:12Z,36.100215,-115.173578,660.3
2025-04-10T14:28:13Z,36.100200,-115.173577,660.599
2025-04-10T14:28:14Z,36.100188,-115.173572,661.099
2025-04-10T14:28:15Z,36.100178,-115.173567,661.2
2025-04-10T14:28:16Z,36.100170,-115.173558,660.9
2025-04-10T14:28:17Z,36.100162,-115.173550,661.5
2025-04-10T14:28:18Z,36.100155,-115.173542,661.3
2025-04-10T14:28:19Z,36.100148,-115.173533,661.4
2025-04-10T14:28:20Z,36.100143,-115.173525,661.8
2025-04-10T14:28:21Z,36.100137,-115.173518,661.2
2025-04-10T14:28:22Z,36.100130,-115.173513,661.0
2025-04-10T14:28:23Z,36.100120,-115.173510,659.4
2025-04-10T14:28:24Z,36.100110,-115.173508,659.199
2025-04-10T14:28:25Z,36.100098,-115.173507,658.599
2025-04-10T14:28:26Z,36.100085,-115.173505,658.699
2025-04-10T14:28:27Z,36.100070,-115.173503,658.3
2025-04-10T14:28:28Z,36.100057,-115.173502,658.3
2025-04-10T14:28:30Z,36.100045,-115.173498,658.3
2025-04-10T14:28:31Z,36.100022,-115.173493,657.8
2025-04-10T14:28:32Z,36.100012,-115.173492,657.8
2025-04-10T14:28:33Z,36.100002,-115.173488,657.7
2025-04-10T14:28:34Z,36.099992,-115.173487,657.7
2025-04-10T14:28:35Z,36.099982,-115.173485,657.6
2025-04-10T14:28:36Z,36.099973,-115.173480,657.6
2025-04-10T14:28:37Z,36.099965,-115.173475,657.6
2025-04-10T14:28:38Z,36.099958,-115.173468,657.6
2025-04-10T14:28:39Z,36.099953,-115.173458,657.6
2025-04-10T14:28:40Z,36.099947,-115.173450,657.6
2025-04-10T14:28:41Z,36.099940,-115.173442,657.5
2025-04-10T14:28:42Z,36.099935,-115.173433,657.5
2025-04-10T14:28:43Z,36.099927,-115.173425,657.5
2025-04-10T14:29:30Z,36.099840,-115.173503,674.7
2025-04-10T14:29:31Z,36.099815,-115.173525,658.2
2025-04-10T14:29:32Z,36.099693,-115.173620,653.6
2025-04-10T14:29:33Z,36.099563,-115.173733,640.7
2025-04-10T14:29:34Z,36.099393,-115.173877,650.4
2025-04-10T14:29:35Z,36.099288,-115.173945,650.3
2025-04-10T14:29:36Z,36.099107,-115.174072,652.5
2025-04-10T14:29:37Z,36.099003,-115.174135,656.4
2025-04-10T14:29:38Z,36.098888,-115.174187,658.1
2025-04-10T14:29:39Z,36.098802,-115.174205,658.1
2025-04-10T14:29:40Z,36.098718,-115.174220,656.8
2025-04-10T14:29:41Z,36.098628,-115.174233,656.0
2025-04-10T14:29:42Z,36.098540,-115.174243,653.2
2025-04-10T14:29:43Z,36.098453,-115.174245,654.8
2025-04-10T14:29:44Z,36.098365,-115.174248,656.4
2025-04-10T14:29:45Z,36.098273,-115.174257,654.5
2025-04-10T14:29:46Z,36.098182,-115.174282,651.6
2025-04-10T14:29:47Z,36.098095,-115.174308,653.2
2025-04-10T14:29:48Z,36.098003,-115.174332,651.4
2025-04-10T14:29:49Z,36.097910,-115.174348,651.7
2025-04-10T14:29:50Z,36.097813,-115.174348,649.5
2025-04-10T14:29:51Z,36.097722,-115.174315,654.0
2025-04-10T14:29:52Z,36.097627,-115.174272,655.1
2025-04-10T14:29:53Z,36.097542,-115.174227,654.2
2025-04-10T14:29:54Z,36.097457,-115.174183,653.9
2025-04-10T14:29:55Z,36.097372,-115.174157,649.2
2025-04-10T14:29:56Z,36.097285,-115.174138,649.6
2025-04-10T14:29:57Z,36.097195,-115.174115,648.4
2025-04-10T14:29:58Z,36.097102,-115.174092,653.0
2025-04-10T14:29:59Z,36.097010,-115.174062,656.0
2025-04-10T14:30:00Z,36.096922,-115.174018,659.1
2025-04-10T14:30:01Z,36.096832,-115.173973,659.6
2025-04-10T14:30:02Z,36.096748,-115.173932,658.9
2025-04-10T14:30:03Z,36.096667,-115.173895,660.9
2025-04-10T14:30:04Z,36.096582,-115.173863,659.0
2025-04-10T14:30:05Z,36.096498,-115.173828,661.3
2025-04-10T14:30:06Z,36.096413,-115.173798,661.3
2025-04-10T14:30:07Z,36.096325,-115.173765,661.3
2025-04-10T14:30:08Z,36.096232,-115.173733,662.0
2025-04-10T14:30:09Z,36.096133,-115.173715,661.4
2025-04-10T14:30:10Z,36.096037,-115.173703,660.1
2025-04-10T14:30:11Z,36.095940,-115.173697,660.8
2025-04-10T14:30:12Z,36.095845,-115.173693,661.6
2025-04-10T14:30:13Z,36.095757,-115.173697,660.8
2025-04-10T14:30:14Z,36.095665,-115.173697,660.5
2025-04-10T14:30:15Z,36.095572,-115.173698,661.3
2025-04-10T14:30:16Z,36.095475,-115.173700,660.6
2025-04-10T14:30:17Z,36.095382,-115.173703,659.5
2025-04-10T14:30:18Z,36.095287,-115.173702,659.4
2025-04-10T14:30:19Z,36.095198,-115.173697,661.199
2025-04-10T14:30:20Z,36.095113,-115.173693,660.699
2025-04-10T14:30:21Z,36.095033,-115.173688,660.4
2025-04-10T14:30:22Z,36.094948,-115.173685,660.3
2025-04-10T14:30:23Z,36.094862,-115.173690,658.0
2025-04-10T14:30:24Z,36.094773,-115.173695,659.2
2025-04-10T14:30:25Z,36.094685,-115.173697,659.8
2025-04-10T14:30:26Z,36.094597,-115.173700,660.6
2025-04-10T14:30:27Z,36.094510,-115.173703,660.9
2025-04-10T14:30:28Z,36.094427,-115.173710,660.9
2025-04-10T14:30:29Z,36.094343,-115.173722,663.8
2025-04-10T14:30:30Z,36.094262,-115.173740,663.8
2025-04-10T14:30:31Z,36.094180,-115.173767,663.699
2025-04-10T14:30:32Z,36.094093,-115.173805,662.1
2025-04-10T14:30:33Z,36.094005,-115.173845,661.7
2025-04-10T14:30:34Z,36.093918,-115.173885,661.3
2025-04-10T14:30:35Z,36.093837,-115.173943,660.3
2025-04-10T14:30:36Z,36.093760,-115.174008,661.3
2025-04-10T14:30:37Z,36.093692,-115.174073,661.0
2025-04-10T14:30:38Z,36.093628,-115.174142,660.8
2025-04-10T14:30:39Z,36.093568,-115.174212,661.8
2025-04-10T14:30:40Z,36.093507,-115.174270,662.3
2025-04-10T14:30:41Z,36.093448,-115.174325,661.099
2025-04-10T14:30:42Z,36.093393,-115.174373,661.699
2025-04-10T14:30:43Z,36.093340,-115.174420,661.3
2025-04-10T14:30:44Z,36.093293,-115.174465,661.8
2025-04-10T14:30:45Z,36.093250,-115.174503,662.099
2025-04-10T14:30:46Z,36.093213,-115.174523,662.999
2025-04-10T14:30:47Z,36.093178,-115.174540,662.699
2025-04-10T14:30:48Z,36.093152,-115.174552,662.8
2025-04-10T14:32:07Z,36.093137,-115.174633,661.7
2025-04-10T14:32:08Z,36.093130,-115.174708,664.9
2025-04-10T14:32:09Z,36.093128,-115.174793,662.6
2025-04-10T14:32:10Z,36.093133,-115.174880,666.8
2025-04-10T14:32:11Z,36.093140,-115.174968,669.3
2025-04-10T14:32:12Z,36.093147,-115.174988,664.2
2025-04-10T14:32:13Z,36.093155,-115.175012,668.1
2025-04-10T14:32:14Z,36.093165,-115.175033,669.1
2025-04-10T14:32:15Z,36.093177,-115.175052,669.1
2025-04-10T14:32:16Z,36.093188,-115.175065,668.5
2025-04-10T14:32:17Z,36.093197,-115.175070,669.1
2025-04-10T14:32:18Z,36.093200,-115.175070,668.9
2025-04-10T14:32:19Z,36.093198,-115.175070,669.1
2025-04-10T14:32:20Z,36.093197,-115.175070,668.4
2025-04-10T14:32:21Z,36.093195,-115.175072,668.5
2025-04-10T14:32:22Z,36.093193,-115.175075,668.5
2025-04-10T14:32:23Z,36.093193,-115.175077,668.5
2025-04-10T14:32:24Z,36.093195,-115.175078,668.5
2025-04-10T14:32:25Z,36.093195,-115.175078,668.5
2025-04-10T14:32:26Z,36.093197,-115.175078,668.5
2025-04-10T14:32:27Z,36.093197,-115.175078,668.5
2025-04-10T14:32:28Z,36.093197,-115.175078,668.5
2025-04-10T14:32:29Z,36.093197,-115.175078,668.5
2025-04-10T14:32:30Z,36.093197,-115.175078,668.5
2025-04-10T14:32:31Z,36.093198,-115.175078,668.5
2025-04-10T14:32:32Z,36.093198,-115.175078,668.5
2025-04-10T14:32:33Z,36.093197,-115.175078,668.3
2025-04-10T14:32:34Z,36.093197,-115.175078,668.2
2025-04-10T14:32:35Z,36.093197,-115.175078,667.9
2025-04-10T14:32:36Z,36.093197,-115.175078,667.8
2025-04-10T14:32:37Z,36.093197,-115.175078,667.8
2025-04-10T14:32:38Z,36.093197,-115.175078,667.8
2025-04-10T14:32:39Z,36.093197,-115.175078,667.8
2025-04-10T14:32:40Z,36.093197,-115.175080,667.8
2025-04-10T14:32:41Z,36.093197,-115.175080,667.9
2025-04-10T14:32:42Z,36.093197,-115.175080,667.9
2025-04-10T14:32:43Z,36.093197,-115.175080,667.9
2025-04-10T14:32:44Z,36.093197,-115.175080,667.8
2025-04-10T14:32:45Z,36.093197,-115.175080,667.599
2025-04-10T14:32:46Z,36.093198,-115.175080,667.3
2025-04-10T14:32:47Z,36.093205,-115.175082,668.099
2025-04-10T14:32:48Z,36.093217,-115.175082,668.399
2025-04-10T14:32:49Z,36.093232,-115.175083,668.199
2025-04-10T14:32:50Z,36.093248,-115.175087,668.099
2025-04-10T14:32:51Z,36.093267,-115.175088,667.899
2025-04-10T14:32:52Z,36.093283,-115.175090,668.2
2025-04-10T14:32:53Z,36.093298,-115.175092,669.0
2025-04-10T14:32:54Z,36.093312,-115.175095,668.5
2025-04-10T14:32:55Z,36.093323,-115.175108,668.4
2025-04-10T14:32:56Z,36.093337,-115.175135,668.4
2025-04-10T14:32:57Z,36.093340,-115.175170,668.4
2025-04-10T14:32:58Z,36.093333,-115.175205,668.4
2025-04-10T14:32:59Z,36.093322,-115.175238,668.4
2025-04-10T14:33:00Z,36.093307,-115.175260,668.5
2025-04-10T14:33:01Z,36.093283,-115.175267,668.5
2025-04-10T14:33:02Z,36.093265,-115.175268,668.5
2025-04-10T14:33:03Z,36.093250,-115.175267,668.5
2025-04-10T14:33:04Z,36.093237,-115.175265,668.5
2025-04-10T14:33:05Z,36.093225,-115.175263,668.5
2025-04-10T14:33:06Z,36.093213,-115.175262,668.5
2025-04-10T14:33:07Z,36.093202,-115.175260,668.6
2025-04-10T14:33:08Z,36.093190,-115.175257,668.6
2025-04-10T14:33:09Z,36.093178,-115.175255,668.6
2025-04-10T14:33:10Z,36.093167,-115.175252,668.6
2025-04-10T14:33:11Z,36.093155,-115.175250,668.6
2025-04-10T14:33:12Z,36.093143,-115.175248,668.6
2025-04-10T14:33:13Z,36.093132,-115.175245,668.6
2025-04-10T14:33:14Z,36.093120,-115.175243,668.7
2025-04-10T14:33:19Z,36.093098,-115.175238,668.7
2025-04-10T14:33:28Z,36.093058,-115.175227,668.9
2025-04-10T14:33:33Z,36.093012,-115.175208,668.9
2025-04-10T14:33:34Z,36.092963,-115.175190,668.9
2025-04-10T14:33:35Z,36.092917,-115.175170,669.0
2025-04-10T14:33:40Z,36.092868,-115.175148,669.0
2025-04-10T14:33:41Z,36.092840,-115.175133,669.0
2025-04-10T14:33:42Z,36.092820,-115.175123,669.1
2025-04-10T14:33:43Z,36.092798,-115.175115,669.1
2025-04-10T14:33:44Z,36.092777,-115.175107,669.1
2025-04-10T14:33:45Z,36.092765,-115.175102,669.1
2025-04-10T14:33:46Z,36.092753,-115.175098,669.1
2025-04-10T14:33:47Z,36.092742,-115.175093,669.1
2025-04-10T14:33:48Z,36.092730,-115.175090,669.2
2025-04-10T14:33:49Z,36.092718,-115.175085,669.2
2025-04-10T14:33:50Z,36.092707,-115.175082,669.2
2025-04-10T14:33:51Z,36.092695,-115.175080,669.2
2025-04-10T14:33:53Z,36.092680,-115.175080,669.2
2025-04-10T14:33:54Z,36.092665,-115.175078,669.2
