timestamp,oxygen saturation percentage
2025-03-04T17:16:20Z,96.0
2025-03-04T17:17:20Z,96.3
2025-03-04T17:18:20Z,96.2
2025-03-04T17:19:20Z,97.0
2025-03-04T17:20:20Z,97.3
2025-03-04T17:25:50Z,95.9
2025-03-04T17:26:50Z,96.2
2025-03-04T17:28:50Z,96.2
2025-03-04T17:29:50Z,96.3
2025-03-04T17:30:50Z,96.5
2025-03-04T17:31:50Z,96.5
2025-03-04T17:34:20Z,96.1
2025-03-04T17:35:20Z,96.0
2025-03-04T17:36:20Z,96.1
2025-03-04T17:37:20Z,95.9
2025-03-04T17:38:20Z,95.8
2025-03-04T17:39:20Z,95.5
2025-03-04T17:42:20Z,95.5
2025-03-04T17:44:20Z,95.6
2025-03-04T17:45:20Z,95.8
2025-03-04T17:46:20Z,96.0
2025-03-04T17:47:20Z,95.9
2025-03-04T17:48:20Z,95.6
2025-03-04T17:49:20Z,95.8
2025-03-04T17:51:20Z,95.9
2025-03-04T17:53:20Z,95.9
2025-03-04T17:54:20Z,95.6
2025-03-04T17:55:20Z,95.2
2025-03-04T17:56:20Z,94.9
2025-03-04T17:57:20Z,94.8
2025-03-04T17:58:20Z,94.7
2025-03-04T17:59:20Z,94.4
2025-03-04T18:00:20Z,94.5
2025-03-04T18:01:20Z,94.6
2025-03-04T18:03:20Z,94.6
2025-03-06T04:18:20Z,93.0
2025-03-06T04:20:20Z,93.7
2025-03-06T04:23:20Z,94.2
2025-03-06T04:25:20Z,95.0
2025-03-06T04:26:20Z,95.3
2025-03-06T04:27:20Z,95.5
2025-03-06T04:28:20Z,95.3
2025-03-06T04:30:20Z,95.4
2025-03-06T04:31:20Z,95.5
2025-03-06T04:33:20Z,95.3
2025-03-06T04:34:20Z,94.9
2025-03-06T04:35:20Z,94.7
2025-03-06T04:37:20Z,95.1
2025-03-06T04:38:20Z,94.8
2025-03-06T04:39:20Z,94.3
2025-03-06T04:41:20Z,94.1
2025-03-06T04:42:20Z,94.1
2025-03-06T04:43:20Z,94.1
2025-03-06T04:45:20Z,94.0
2025-03-06T04:46:20Z,94.2
2025-03-06T04:47:20Z,94.2
2025-03-06T04:48:20Z,94.3
2025-03-06T04:49:20Z,94.1
2025-03-06T04:51:20Z,93.8
2025-03-06T04:52:20Z,94.2
2025-03-06T04:53:20Z,94.6
2025-03-06T04:54:20Z,95.1
2025-03-06T04:57:20Z,95.0
2025-03-06T04:59:20Z,94.9
2025-03-06T05:00:20Z,94.5
2025-03-06T05:08:20Z,92.2
2025-03-06T05:09:20Z,91.9
2025-03-06T05:10:20Z,92.0
2025-03-06T05:12:20Z,93.8
2025-03-06T05:13:20Z,95.8
2025-03-06T05:14:20Z,96.8
2025-03-06T05:15:20Z,97.3
2025-03-06T05:16:20Z,97.2
2025-03-06T05:18:20Z,96.8
2025-03-06T05:19:20Z,95.8
2025-03-06T05:20:20Z,95.7
2025-03-06T05:21:20Z,94.4
2025-03-06T05:22:20Z,93.9
2025-03-06T05:23:20Z,93.3
2025-03-06T05:24:20Z,93.4
2025-03-06T05:25:20Z,93.2
2025-03-06T05:26:20Z,93.5
2025-03-06T05:27:20Z,93.8
2025-03-06T05:28:20Z,93.5
2025-03-06T05:30:20Z,94.4
2025-03-06T05:31:20Z,94.9
2025-03-06T05:32:20Z,95.0
2025-03-06T05:33:20Z,95.2
2025-03-06T05:34:20Z,95.7
2025-03-06T05:35:20Z,95.8
2025-03-06T05:36:20Z,96.1
2025-03-06T05:37:20Z,96.1
2025-03-06T05:38:20Z,96.1
2025-03-06T05:39:20Z,96.4
2025-03-06T05:41:20Z,96.1
2025-03-06T05:42:20Z,95.5
2025-03-06T05:43:20Z,95.2
2025-03-06T05:44:20Z,95.1
2025-03-06T05:45:20Z,94.9
2025-03-06T05:46:20Z,94.9
2025-03-06T05:47:20Z,95.0
2025-03-06T05:48:20Z,95.1
2025-03-06T05:49:20Z,94.9
2025-03-06T05:51:20Z,94.7
2025-03-06T05:52:20Z,94.5
2025-03-06T05:53:20Z,94.3
2025-03-06T05:54:20Z,94.3
2025-03-06T05:55:20Z,94.2
2025-03-06T05:57:20Z,94.3
2025-03-06T05:58:20Z,94.7
2025-03-06T05:59:20Z,95.4
2025-03-06T06:01:20Z,95.6
2025-03-06T06:02:20Z,95.1
2025-03-06T06:03:20Z,94.9
2025-03-06T06:04:20Z,94.6
2025-03-06T06:06:20Z,94.4
2025-03-06T06:07:20Z,95.0
2025-03-06T06:08:20Z,95.4
2025-03-06T06:09:20Z,95.5
2025-03-06T06:10:20Z,95.6
2025-03-06T06:11:20Z,95.6
2025-03-06T06:12:20Z,95.4
2025-03-06T06:14:20Z,95.3
2025-03-06T06:15:20Z,95.0
2025-03-06T06:16:20Z,94.8
2025-03-06T06:17:20Z,94.7
2025-03-06T06:20:20Z,94.1
2025-03-06T06:22:20Z,93.6
2025-03-06T06:23:20Z,93.4
2025-03-06T06:24:20Z,93.2
2025-03-06T06:25:20Z,93.1
2025-03-06T06:27:20Z,93.1
2025-03-06T06:28:20Z,92.9
2025-03-06T06:29:20Z,92.6
2025-03-06T06:30:20Z,92.7
2025-03-06T06:31:20Z,92.3
2025-03-06T06:34:20Z,93.4
2025-03-06T06:36:20Z,94.2
2025-03-06T06:37:20Z,94.9
2025-03-06T06:38:20Z,95.1
2025-03-06T06:39:20Z,95.4
2025-03-06T06:40:20Z,95.6
2025-03-06T06:41:20Z,95.6
2025-03-06T06:42:20Z,95.7
2025-03-06T06:43:20Z,94.7
2025-03-06T06:45:20Z,97.4
2025-03-06T06:46:20Z,97.9
2025-03-06T06:48:20Z,96.9
2025-03-06T06:50:20Z,94.0
2025-03-06T06:51:20Z,95.2
2025-03-06T06:52:20Z,96.0
2025-03-06T06:53:20Z,96.5
2025-03-06T06:54:20Z,96.5
2025-03-06T06:55:20Z,96.7
2025-03-06T06:56:20Z,96.9
2025-03-06T06:57:20Z,97.0
2025-03-06T06:58:20Z,96.8
2025-03-06T07:00:20Z,96.4
2025-03-06T07:01:20Z,95.1
2025-03-06T07:03:20Z,94.2
2025-03-06T07:04:20Z,94.1
2025-03-06T07:05:20Z,93.9
2025-03-06T07:06:20Z,93.8
2025-03-06T07:07:20Z,93.8
2025-03-06T07:08:20Z,93.8
2025-03-06T07:09:20Z,94.0
2025-03-06T07:10:20Z,94.0
2025-03-06T07:12:20Z,94.1
2025-03-06T07:13:20Z,94.2
2025-03-06T07:14:20Z,94.1
2025-03-06T07:15:20Z,94.1
2025-03-06T07:16:20Z,94.2
2025-03-06T07:17:20Z,94.1
2025-03-06T07:18:20Z,94.1
2025-03-06T07:19:20Z,94.1
2025-03-06T07:20:20Z,94.1
2025-03-06T07:21:20Z,93.7
2025-03-06T07:22:20Z,93.5
2025-03-06T07:23:20Z,94.3
2025-03-06T07:24:20Z,94.6
2025-03-06T07:25:20Z,94.4
2025-03-06T07:27:20Z,94.3
2025-03-06T07:28:20Z,93.9
2025-03-06T07:29:20Z,93.7
2025-03-06T07:30:20Z,93.5
2025-03-06T07:31:20Z,93.4
2025-03-06T07:32:20Z,93.4
2025-03-06T07:33:20Z,93.4
2025-03-06T07:34:20Z,93.5
2025-03-06T07:35:20Z,93.6
2025-03-06T07:36:20Z,93.4
2025-03-06T07:37:20Z,93.6
2025-03-06T07:38:20Z,93.5
2025-03-06T07:39:20Z,93.4
2025-03-06T07:40:20Z,93.2
2025-03-06T07:41:20Z,92.9
2025-03-06T07:42:20Z,92.9
2025-03-06T07:43:20Z,92.9
2025-03-06T07:44:20Z,92.7
2025-03-06T07:45:20Z,92.6
2025-03-06T07:46:20Z,92.6
2025-03-06T07:47:20Z,92.8
2025-03-06T07:48:20Z,92.7
2025-03-06T07:50:20Z,92.6
2025-03-06T07:51:20Z,94.0
2025-03-06T07:52:20Z,94.8
2025-03-06T07:53:20Z,95.4
2025-03-06T07:54:20Z,95.7
2025-03-06T07:55:20Z,96.0
2025-03-06T07:56:20Z,95.4
2025-03-06T07:57:20Z,96.5
2025-03-06T07:58:20Z,97.0
2025-03-06T07:59:20Z,97.3
2025-03-06T08:00:20Z,97.4
2025-03-06T08:01:20Z,97.7
2025-03-06T08:02:20Z,97.7
2025-03-06T08:03:20Z,97.6
2025-03-06T08:04:20Z,97.6
2025-03-06T08:05:20Z,97.6
2025-03-06T08:06:20Z,97.7
2025-03-06T08:09:20Z,96.8
2025-03-06T08:10:20Z,96.1
2025-03-06T08:11:20Z,95.7
2025-03-06T08:12:20Z,95.6
2025-03-06T08:13:20Z,95.6
2025-03-06T08:14:20Z,95.3
2025-03-06T08:16:20Z,95.1
2025-03-06T08:17:20Z,94.1
2025-03-06T08:18:20Z,93.2
2025-03-06T08:19:20Z,92.2
2025-03-06T08:20:20Z,91.4
2025-03-06T08:21:20Z,91.2
2025-03-06T08:22:20Z,90.3
2025-03-06T08:23:20Z,89.9
2025-03-06T08:24:20Z,89.3
2025-03-06T08:25:20Z,89.3
2025-03-06T08:26:20Z,88.9
2025-03-06T08:27:20Z,89.2
2025-03-06T08:35:20Z,90.3
2025-03-06T08:36:20Z,91.3
2025-03-06T08:37:20Z,92.3
2025-03-06T08:38:20Z,93.1
2025-03-06T08:39:20Z,93.8
2025-03-06T08:40:20Z,94.2
2025-03-06T08:41:20Z,94.1
2025-03-06T08:42:20Z,94.2
2025-03-06T08:43:20Z,94.3
2025-03-06T08:44:20Z,94.4
2025-03-06T08:45:20Z,94.4
2025-03-06T08:47:20Z,94.9
2025-03-06T08:48:20Z,95.1
2025-03-06T08:49:20Z,94.7
2025-03-06T08:50:20Z,94.5
2025-03-06T08:51:20Z,94.8
2025-03-06T08:52:20Z,95.1
2025-03-06T08:53:20Z,95.2
2025-03-06T08:56:20Z,94.8
2025-03-06T08:57:20Z,94.5
2025-03-06T08:58:20Z,94.4
2025-03-06T08:59:20Z,94.8
2025-03-06T09:00:20Z,94.6
2025-03-06T09:01:20Z,94.8
2025-03-06T09:02:20Z,94.7
2025-03-06T09:03:20Z,94.7
2025-03-06T09:04:20Z,94.7
2025-03-06T09:06:20Z,94.9
2025-03-06T09:07:20Z,94.8
2025-03-06T09:08:20Z,94.8
2025-03-06T09:09:20Z,95.0
2025-03-06T09:10:20Z,95.2
2025-03-06T09:12:20Z,95.2
2025-03-06T09:13:20Z,95.1
2025-03-06T09:14:20Z,95.1
2025-03-06T09:15:20Z,95.1
2025-03-06T09:16:20Z,95.3
2025-03-06T09:17:20Z,95.1
2025-03-06T09:18:20Z,95.4
2025-03-06T09:19:20Z,95.3
2025-03-06T09:21:20Z,95.7
2025-03-06T09:28:20Z,96.0
2025-03-06T09:37:20Z,94.4
2025-03-06T09:39:20Z,94.1
2025-03-06T09:40:20Z,92.0
2025-03-06T09:51:20Z,88.4
2025-03-06T09:52:20Z,88.5
2025-03-06T09:53:20Z,88.7
2025-03-06T09:55:20Z,89.9
2025-03-06T09:56:20Z,90.8
2025-03-06T09:58:20Z,91.4
2025-03-06T09:59:20Z,92.8
2025-03-06T10:00:20Z,93.9
2025-03-06T10:01:20Z,94.8
2025-03-06T10:02:20Z,95.4
2025-03-06T10:03:20Z,95.5
2025-03-06T10:04:20Z,95.5
2025-03-06T10:05:20Z,95.8
2025-03-06T10:06:20Z,95.8
2025-03-06T10:07:20Z,95.9
2025-03-06T10:08:20Z,95.9
2025-03-06T10:09:20Z,96.0
2025-03-06T10:10:20Z,95.9
2025-03-06T10:11:20Z,96.2
2025-03-06T10:12:20Z,96.1
2025-03-06T10:14:20Z,96.1
2025-03-06T10:15:20Z,95.8
2025-03-06T10:17:20Z,95.6
2025-03-06T10:18:20Z,94.2
2025-03-06T10:19:20Z,92.5
2025-03-06T10:20:20Z,91.5
2025-03-06T10:21:20Z,91.3
2025-03-06T10:22:20Z,90.8
2025-03-06T10:24:20Z,92.0
2025-03-06T10:25:20Z,92.6
2025-03-06T10:26:20Z,93.2
2025-03-06T10:27:20Z,93.5
2025-03-06T10:28:20Z,93.6
2025-03-06T10:29:20Z,93.8
2025-03-06T10:30:20Z,93.6
2025-03-06T10:31:20Z,93.6
2025-03-06T10:32:20Z,93.6
2025-03-06T10:33:20Z,93.5
2025-03-06T10:34:20Z,93.3
2025-03-06T10:35:20Z,93.4
2025-03-06T10:36:20Z,93.5
2025-03-06T10:37:20Z,93.6
2025-03-06T10:38:20Z,93.5
2025-03-06T10:39:20Z,93.6
2025-03-06T10:40:20Z,93.6
2025-03-06T10:41:20Z,93.6
2025-03-06T10:42:20Z,93.7
2025-03-06T10:43:20Z,94.0
2025-03-06T10:45:20Z,94.2
2025-03-06T10:46:20Z,94.7
2025-03-06T10:47:20Z,94.7
2025-03-06T10:48:20Z,94.6
2025-03-06T10:49:20Z,94.7
2025-03-06T10:50:20Z,94.5
2025-03-06T10:51:20Z,94.1
2025-03-06T10:52:20Z,94.3
2025-03-06T10:53:20Z,94.5
2025-03-06T20:10:50Z,91.0
2025-03-06T20:11:50Z,90.8
2025-03-06T20:12:50Z,89.2
2025-03-06T20:13:50Z,89.0
2025-03-06T20:14:50Z,90.4
2025-03-06T20:15:50Z,90.4
2025-03-06T20:23:50Z,94.1
2025-03-06T20:24:50Z,94.7
2025-03-06T20:25:50Z,94.8
2025-03-06T20:26:50Z,95.1
2025-03-06T20:27:50Z,95.3
2025-03-06T20:28:50Z,95.5
2025-03-06T20:29:50Z,95.7
2025-03-06T20:30:50Z,95.8
2025-03-06T20:31:50Z,96.0
2025-03-06T20:32:50Z,96.3
2025-03-06T20:33:50Z,96.2
2025-03-06T20:34:50Z,96.2
2025-03-06T20:35:50Z,96.0
2025-03-06T20:36:50Z,95.8
2025-03-06T20:37:50Z,95.6
2025-03-06T20:38:50Z,95.5
2025-03-06T20:39:50Z,95.5
2025-03-06T20:41:50Z,94.3
2025-03-06T20:42:50Z,93.3
2025-03-06T20:43:50Z,92.6
2025-03-06T20:44:50Z,91.7
2025-03-06T20:45:50Z,91.4
2025-03-06T20:46:50Z,92.4
2025-03-06T20:47:50Z,92.7
2025-03-06T20:48:50Z,93.2
2025-03-06T20:49:50Z,93.3
2025-03-06T20:50:50Z,93.5
2025-03-06T20:51:50Z,93.5
2025-03-06T20:52:50Z,93.8
2025-03-06T20:53:50Z,93.5
2025-03-06T20:54:50Z,93.5
2025-03-06T20:55:50Z,91.1
2025-03-06T20:56:50Z,91.6
2025-03-06T20:57:50Z,91.8
2025-03-06T20:58:50Z,91.5
2025-03-06T20:59:50Z,91.6
2025-03-06T21:00:50Z,92.1
2025-03-06T21:01:50Z,91.8
2025-03-06T21:02:50Z,91.4
2025-03-06T21:03:50Z,91.4
2025-03-06T21:04:50Z,91.7
2025-03-06T21:05:50Z,91.9
2025-03-06T21:06:50Z,92.0
2025-03-06T21:07:50Z,92.0
2025-03-06T21:08:50Z,91.5
2025-03-06T21:09:50Z,91.4
2025-03-06T21:10:50Z,91.4
2025-03-06T21:12:50Z,92.1
2025-03-06T21:13:50Z,95.0
2025-03-06T21:14:50Z,94.0
2025-03-06T21:16:50Z,94.2
2025-03-06T21:17:50Z,94.1
2025-03-06T21:18:50Z,94.4
2025-03-06T21:19:50Z,94.5
2025-03-06T21:20:50Z,94.5
2025-03-06T21:22:50Z,94.1
2025-03-06T21:24:50Z,94.0
2025-03-06T21:25:50Z,94.2
2025-03-06T21:27:50Z,93.9
2025-03-07T04:44:50Z,93.8
2025-03-07T04:45:50Z,93.6
2025-03-07T04:46:50Z,93.7
2025-03-07T04:47:50Z,93.6
2025-03-07T04:48:50Z,93.6
2025-03-07T04:49:50Z,93.7
2025-03-07T04:50:50Z,93.6
2025-03-07T04:51:50Z,93.6
2025-03-07T04:52:50Z,93.6
2025-03-07T04:54:50Z,93.9
2025-03-07T04:55:50Z,94.1
2025-03-07T04:57:50Z,94.5
2025-03-07T04:58:50Z,94.8
2025-03-07T04:59:50Z,94.5
2025-03-07T05:00:50Z,94.0
2025-03-07T05:01:50Z,93.9
2025-03-07T05:02:50Z,93.6
2025-03-07T05:03:50Z,93.7
2025-03-07T05:04:50Z,93.2
2025-03-07T05:05:50Z,93.3
2025-03-07T05:07:50Z,93.0
2025-03-07T05:08:50Z,93.2
2025-03-07T05:10:50Z,94.0
2025-03-07T05:11:50Z,93.6
2025-03-07T05:12:50Z,93.5
2025-03-07T05:14:50Z,93.7
2025-03-07T05:15:50Z,93.7
2025-03-07T05:16:50Z,93.6
2025-03-07T05:17:50Z,93.5
2025-03-07T05:18:50Z,93.4
2025-03-07T05:19:50Z,93.5
2025-03-07T05:20:50Z,93.5
2025-03-07T05:22:50Z,93.3
2025-03-07T05:25:50Z,93.4
2025-03-07T05:27:50Z,93.2
2025-03-07T05:28:50Z,93.3
2025-03-07T05:29:50Z,93.3
2025-03-07T05:30:50Z,93.1
2025-03-07T05:31:50Z,93.4
2025-03-07T05:32:50Z,93.5
2025-03-07T05:33:50Z,93.4
2025-03-07T05:34:50Z,93.2
2025-03-07T05:36:50Z,93.2
2025-03-07T05:37:50Z,93.5
2025-03-07T05:39:50Z,93.6
2025-03-07T05:42:50Z,94.1
2025-03-07T05:43:50Z,94.1
2025-03-07T05:48:50Z,94.0
2025-03-07T05:49:50Z,94.1
2025-03-07T05:50:50Z,93.7
2025-03-07T05:51:50Z,94.0
2025-03-07T05:52:50Z,94.5
2025-03-07T05:53:50Z,94.8
2025-03-07T05:54:50Z,95.2
2025-03-07T05:55:50Z,94.8
2025-03-07T05:56:50Z,94.5
2025-03-07T05:57:50Z,94.4
2025-03-07T05:58:50Z,94.3
2025-03-07T05:59:50Z,94.2
2025-03-07T06:00:50Z,94.5
2025-03-07T06:01:50Z,94.7
2025-03-07T06:02:50Z,95.0
2025-03-07T06:03:50Z,95.1
2025-03-07T06:05:50Z,94.6
2025-03-07T06:06:50Z,94.3
2025-03-07T06:07:50Z,94.3
2025-03-07T06:08:50Z,94.4
2025-03-07T06:09:50Z,94.5
2025-03-07T06:10:50Z,94.7
2025-03-07T06:11:50Z,94.9
2025-03-07T06:12:50Z,94.7
2025-03-07T06:13:50Z,94.3
2025-03-07T06:14:50Z,94.5
2025-03-07T06:15:50Z,94.6
2025-03-07T06:16:50Z,94.5
2025-03-07T06:17:50Z,94.4
2025-03-07T06:18:50Z,94.5
2025-03-07T06:19:50Z,94.7
2025-03-07T06:20:50Z,94.8
2025-03-07T06:21:50Z,94.7
2025-03-07T06:24:50Z,94.6
2025-03-07T06:30:50Z,93.0
2025-03-07T07:13:50Z,94.0
2025-03-07T07:14:50Z,94.1
2025-03-07T07:15:50Z,94.2
2025-03-07T07:16:50Z,94.1
2025-03-07T07:17:50Z,93.9
2025-03-07T07:18:50Z,94.3
2025-03-07T07:19:50Z,93.6
2025-03-07T07:20:50Z,93.3
2025-03-07T07:21:50Z,93.4
2025-03-07T07:22:50Z,94.6
2025-03-07T07:23:50Z,95.2
2025-03-07T07:24:50Z,95.3
2025-03-07T07:25:50Z,95.8
2025-03-07T07:26:50Z,95.5
2025-03-07T07:27:50Z,95.3
2025-03-07T07:28:50Z,96.0
2025-03-07T07:29:50Z,96.1
2025-03-07T07:30:50Z,96.8
2025-03-07T07:34:50Z,93.9
2025-03-07T07:35:51Z,92.2
2025-03-07T07:36:51Z,91.0
2025-03-07T07:37:51Z,90.2
2025-03-07T07:38:51Z,89.6
2025-03-07T07:39:51Z,89.6
2025-03-07T07:40:51Z,89.5
2025-03-07T07:41:51Z,89.5
2025-03-07T07:42:51Z,89.4
2025-03-07T07:43:51Z,89.4
2025-03-07T07:44:51Z,89.2
2025-03-07T07:45:51Z,89.4
2025-03-07T07:46:51Z,89.5
2025-03-07T07:47:51Z,89.5
2025-03-07T07:48:51Z,89.4
2025-03-07T07:49:51Z,89.5
2025-03-07T07:50:51Z,89.3
2025-03-07T07:51:51Z,89.2
2025-03-07T07:52:51Z,89.2
2025-03-07T07:53:51Z,89.3
2025-03-07T07:54:51Z,89.4
2025-03-07T07:55:51Z,89.7
2025-03-07T07:56:51Z,89.6
2025-03-07T07:57:51Z,89.8
2025-03-07T07:58:51Z,89.4
2025-03-07T07:59:51Z,89.7
2025-03-07T08:00:51Z,89.6
2025-03-07T08:01:51Z,89.5
2025-03-07T08:02:51Z,89.3
2025-03-07T08:03:51Z,89.4
2025-03-07T08:04:51Z,89.5
2025-03-07T08:05:51Z,89.5
2025-03-07T08:06:51Z,89.5
2025-03-07T08:07:51Z,89.3
2025-03-07T08:08:51Z,89.2
2025-03-07T08:09:51Z,89.5
2025-03-07T08:10:51Z,89.4
2025-03-07T08:11:51Z,89.5
2025-03-07T08:12:51Z,89.8
2025-03-07T08:13:51Z,89.7
2025-03-07T08:14:51Z,89.8
2025-03-07T08:15:51Z,89.9
2025-03-07T08:18:51Z,91.4
2025-03-07T08:19:51Z,92.2
2025-03-07T08:20:51Z,93.1
2025-03-07T08:21:51Z,93.5
2025-03-07T08:22:51Z,93.5
2025-03-07T08:23:51Z,94.0
2025-03-07T08:24:51Z,94.3
2025-03-07T08:27:51Z,93.9
2025-03-07T08:28:51Z,93.7
2025-03-07T08:29:51Z,93.2
2025-03-07T08:30:51Z,93.2
2025-03-07T08:31:51Z,93.2
2025-03-07T08:32:51Z,93.5
2025-03-07T08:33:51Z,93.6
2025-03-07T08:34:51Z,93.7
2025-03-07T08:36:51Z,94.0
2025-03-07T08:38:51Z,94.5
2025-03-07T08:39:51Z,94.2
2025-03-07T08:40:51Z,94.4
2025-03-07T08:41:51Z,94.3
2025-03-07T08:42:51Z,94.2
2025-03-07T08:43:51Z,94.3
2025-03-07T08:44:51Z,94.0
2025-03-07T08:45:51Z,94.2
2025-03-07T08:46:51Z,94.2
2025-03-07T08:48:51Z,94.7
2025-03-07T08:49:51Z,94.2
2025-03-07T08:50:51Z,94.4
2025-03-07T08:51:51Z,94.7
2025-03-07T08:52:51Z,94.7
2025-03-07T08:53:51Z,94.8
2025-03-07T08:54:51Z,94.1
2025-03-07T08:55:51Z,92.8
2025-03-07T08:56:51Z,93.0
2025-03-07T08:58:51Z,93.7
2025-03-07T08:59:51Z,93.5
2025-03-07T09:00:51Z,94.0
2025-03-07T09:01:51Z,94.2
2025-03-07T09:02:51Z,94.4
2025-03-07T09:04:51Z,94.5
2025-03-07T09:05:51Z,94.3
2025-03-07T09:07:51Z,94.1
2025-03-07T09:08:51Z,93.3
2025-03-07T09:09:51Z,92.8
2025-03-07T09:10:51Z,93.1
2025-03-07T09:11:51Z,93.3
2025-03-07T09:13:51Z,93.4
2025-03-07T09:14:51Z,93.6
2025-03-07T09:15:51Z,93.6
2025-03-07T09:16:51Z,93.6
2025-03-07T09:17:51Z,93.5
2025-03-07T09:18:51Z,93.6
2025-03-07T09:19:51Z,93.6
2025-03-07T09:20:51Z,93.5
2025-03-07T09:21:51Z,93.7
2025-03-07T09:22:51Z,93.7
2025-03-07T09:24:51Z,93.6
2025-03-07T09:25:51Z,93.1
2025-03-07T09:26:51Z,92.7
2025-03-07T09:28:51Z,92.8
2025-03-07T09:29:51Z,93.0
2025-03-07T09:30:51Z,93.0
2025-03-07T09:31:51Z,93.0
2025-03-07T09:32:51Z,93.2
2025-03-07T09:33:51Z,93.2
2025-03-07T09:34:51Z,93.4
2025-03-07T09:35:51Z,93.4
2025-03-07T09:36:51Z,93.5
2025-03-07T09:37:51Z,93.5
2025-03-07T09:38:51Z,93.5
2025-03-07T09:39:51Z,93.7
2025-03-07T09:43:51Z,93.1
2025-03-07T09:47:51Z,92.7
2025-03-07T09:48:51Z,93.6
2025-03-07T09:49:51Z,94.3
2025-03-07T09:50:51Z,94.9
2025-03-07T09:52:51Z,94.9
2025-03-07T09:53:51Z,95.2
2025-03-07T09:54:51Z,95.5
2025-03-07T09:55:51Z,96.0
2025-03-07T09:56:51Z,96.3
2025-03-07T09:57:51Z,96.8
2025-03-07T09:58:51Z,96.8
2025-03-07T09:59:51Z,96.8
2025-03-07T10:00:51Z,97.2
2025-03-07T10:01:51Z,97.7
2025-03-07T10:02:51Z,97.6
2025-03-07T10:03:51Z,97.3
2025-03-07T10:05:51Z,96.6
2025-03-07T10:06:51Z,95.7
2025-03-07T10:07:51Z,95.6
2025-03-07T10:08:51Z,95.1
2025-03-07T10:09:51Z,94.4
2025-03-07T10:10:51Z,94.5
2025-03-07T10:11:51Z,94.7
2025-03-07T10:12:51Z,94.4
2025-03-07T10:15:51Z,94.8
2025-03-07T10:16:51Z,95.1
2025-03-07T10:17:51Z,95.2
2025-03-07T10:18:51Z,95.2
2025-03-07T10:19:51Z,95.2
2025-03-07T10:20:51Z,94.6
2025-03-07T10:21:51Z,93.7
2025-03-07T10:22:51Z,93.3
2025-03-07T10:23:51Z,93.0
2025-03-07T10:24:51Z,93.0
2025-03-07T10:25:51Z,92.7
2025-03-07T10:29:51Z,92.7
2025-03-07T10:30:51Z,92.6
2025-03-07T10:31:51Z,92.9
2025-03-07T10:32:51Z,93.0
2025-03-07T10:33:51Z,93.3
2025-03-07T10:34:51Z,93.4
2025-03-07T10:35:51Z,93.3
2025-03-07T10:36:51Z,93.0
2025-03-07T10:37:51Z,93.3
2025-03-07T10:38:51Z,93.2
2025-03-07T10:39:51Z,92.7
2025-03-07T10:40:51Z,93.0
2025-03-07T10:41:51Z,92.8
2025-03-07T10:42:51Z,92.5
2025-03-07T10:43:51Z,92.5
2025-03-07T10:44:51Z,93.1
2025-03-07T10:45:51Z,93.2
2025-03-07T10:46:51Z,93.4
2025-03-07T10:49:51Z,93.4
2025-03-07T10:50:51Z,93.2
2025-03-07T10:51:51Z,93.0
2025-03-07T10:52:51Z,93.0
2025-03-07T10:53:51Z,93.2
2025-03-07T10:54:51Z,93.3
2025-03-07T10:55:51Z,93.3
2025-03-07T10:56:51Z,93.6
2025-03-07T10:57:51Z,93.6
2025-03-07T10:58:51Z,93.5
2025-03-07T10:59:51Z,93.6
2025-03-07T11:01:51Z,93.6
2025-03-07T11:02:51Z,93.6
2025-03-07T11:03:51Z,93.5
2025-03-07T11:05:51Z,93.7
2025-03-07T11:06:51Z,93.6
2025-03-07T11:10:51Z,94.0
2025-03-07T11:11:51Z,93.9
2025-03-07T11:12:51Z,94.1
2025-03-07T11:13:51Z,94.5
2025-03-07T11:15:51Z,94.4
2025-03-07T11:16:51Z,93.5
2025-03-07T11:17:51Z,93.7
2025-03-07T11:18:51Z,92.9
2025-03-07T11:19:51Z,92.6
2025-03-07T11:20:51Z,92.9
2025-03-19T19:18:20Z,97.0
2025-03-19T19:19:20Z,96.7
2025-03-19T19:20:20Z,96.6
2025-03-19T19:21:20Z,96.7
2025-03-19T19:22:20Z,96.7
2025-03-19T19:23:20Z,95.9
2025-03-19T19:24:20Z,95.5
2025-03-19T19:25:20Z,95.4
2025-03-19T19:26:20Z,95.7
2025-03-19T19:27:20Z,95.9
2025-03-19T19:29:20Z,96.2
2025-03-19T19:30:20Z,96.2
2025-03-19T19:31:20Z,95.6
2025-03-19T19:32:20Z,94.9
2025-03-19T19:35:20Z,94.1
2025-03-19T19:36:20Z,93.7
2025-03-19T19:38:20Z,93.8
2025-03-20T04:11:50Z,96.5
2025-03-20T04:13:50Z,96.7
2025-03-20T04:14:50Z,97.0
2025-03-20T04:15:50Z,97.2
2025-03-20T04:16:50Z,96.9
2025-03-20T04:17:50Z,96.9
2025-03-20T04:18:50Z,96.9
2025-03-20T04:19:50Z,97.1
2025-03-20T04:20:50Z,97.3
2025-03-20T04:21:50Z,97.3
2025-03-20T04:22:50Z,97.1
2025-03-20T04:23:50Z,97.1
2025-03-20T04:24:50Z,97.1
2025-03-20T04:25:50Z,97.0
2025-03-20T04:27:50Z,96.9
2025-03-20T04:28:50Z,96.9
2025-03-20T04:29:50Z,96.8
2025-03-20T04:30:50Z,96.8
2025-03-20T04:31:50Z,96.8
2025-03-20T04:32:50Z,96.8
2025-03-20T04:33:50Z,96.7
2025-03-20T04:34:50Z,96.3
2025-03-20T04:35:50Z,96.5
2025-03-20T04:36:50Z,96.7
2025-03-20T04:37:50Z,96.9
2025-03-20T04:38:50Z,97.0
2025-03-20T04:39:50Z,97.0
2025-03-20T04:40:50Z,96.9
2025-03-20T04:41:50Z,96.7
2025-03-20T04:42:50Z,96.6
2025-03-20T04:43:50Z,96.6
2025-03-20T04:45:50Z,96.9
2025-03-20T04:46:50Z,97.2
2025-03-20T04:48:50Z,97.1
2025-03-20T04:49:50Z,97.0
2025-03-20T04:50:50Z,94.7
2025-03-20T04:51:50Z,94.2
2025-03-20T04:52:50Z,94.5
2025-03-20T04:53:50Z,95.0
2025-03-20T04:54:50Z,94.8
2025-03-20T04:55:50Z,95.2
2025-03-20T04:56:50Z,95.3
2025-03-20T04:57:50Z,95.7
2025-03-20T04:58:50Z,95.8
2025-03-20T04:59:50Z,96.1
2025-03-20T05:01:50Z,96.2
2025-03-20T05:03:50Z,95.4
2025-03-20T05:04:50Z,94.5
2025-03-20T05:05:50Z,94.1
2025-03-20T05:06:50Z,93.9
2025-03-20T05:07:50Z,93.6
2025-03-20T05:08:50Z,93.6
2025-03-20T05:09:50Z,94.1
2025-03-20T05:10:50Z,94.0
2025-03-20T05:11:50Z,93.9
2025-03-20T05:12:50Z,93.7
2025-03-20T05:13:50Z,93.7
2025-03-20T05:14:50Z,93.8
2025-03-20T05:16:50Z,93.8
2025-03-20T05:17:50Z,93.8
2025-03-20T05:18:50Z,93.9
2025-03-20T05:19:50Z,93.8
2025-03-20T05:22:50Z,93.6
2025-03-20T05:23:50Z,92.9
2025-03-20T05:24:50Z,92.8
2025-03-20T05:25:50Z,92.6
2025-03-20T05:26:50Z,92.5
2025-03-20T05:28:50Z,93.0
2025-03-20T05:30:50Z,94.4
2025-03-20T05:31:50Z,94.8
2025-03-20T05:32:50Z,94.9
2025-03-20T05:33:50Z,95.3
2025-03-20T05:34:50Z,95.5
2025-03-20T05:35:50Z,95.0
2025-03-20T05:36:50Z,95.1
2025-03-20T05:38:50Z,94.9
2025-03-20T05:39:50Z,94.8
2025-03-20T05:40:50Z,94.6
2025-03-20T05:45:50Z,94.7
2025-03-20T05:46:50Z,94.8
2025-03-20T05:47:50Z,95.0
2025-03-20T05:49:50Z,95.0
2025-03-20T05:50:50Z,94.8
2025-03-20T05:51:50Z,94.9
2025-03-20T05:52:50Z,94.9
2025-03-20T05:59:50Z,95.0
2025-03-20T06:00:50Z,93.6
2025-03-20T06:01:50Z,93.5
2025-03-20T06:03:50Z,93.7
2025-03-20T06:04:50Z,94.4
2025-03-20T06:05:50Z,93.5
2025-03-20T06:06:50Z,93.9
2025-03-20T06:07:50Z,94.2
2025-03-20T06:11:50Z,94.5
2025-03-20T06:12:50Z,93.9
2025-03-20T06:13:50Z,93.7
2025-03-20T06:14:50Z,93.9
2025-03-20T06:15:50Z,94.0
2025-03-20T06:16:50Z,93.9
2025-03-20T06:17:50Z,93.8
2025-03-20T06:19:50Z,94.0
2025-03-20T06:20:50Z,94.3
2025-03-20T06:21:50Z,94.6
2025-03-20T06:22:50Z,95.3
2025-03-20T06:23:50Z,95.3
2025-03-20T06:24:50Z,95.5
2025-03-20T06:25:50Z,95.3
2025-03-20T06:26:50Z,95.6
2025-03-20T06:27:50Z,95.6
2025-03-20T06:28:50Z,96.0
2025-03-20T06:29:50Z,95.8
2025-03-20T06:30:50Z,95.8
2025-03-20T06:31:50Z,95.8
2025-03-20T06:32:50Z,95.8
2025-03-20T06:33:50Z,96.0
2025-03-20T06:34:50Z,96.1
2025-03-20T06:35:50Z,95.8
2025-03-20T06:36:50Z,96.1
2025-03-20T06:37:50Z,95.9
2025-03-20T06:38:50Z,96.0
2025-03-20T06:39:50Z,96.2
2025-03-20T06:40:50Z,96.0
2025-03-20T06:41:50Z,95.9
2025-03-20T06:42:50Z,95.7
2025-03-20T06:43:50Z,95.8
2025-03-20T06:44:50Z,95.5
2025-03-20T06:45:50Z,95.9
2025-03-20T06:46:50Z,95.7
2025-03-20T06:47:50Z,95.8
2025-03-20T06:48:50Z,96.0
2025-03-20T06:49:50Z,96.1
2025-03-20T06:50:50Z,96.1
2025-03-20T06:51:50Z,95.9
2025-03-20T06:52:50Z,95.9
2025-03-20T06:53:50Z,95.6
2025-03-20T06:54:50Z,95.7
2025-03-20T06:55:50Z,95.6
2025-03-20T06:56:50Z,95.1
2025-03-20T06:57:50Z,95.0
2025-03-20T06:58:50Z,94.7
2025-03-20T06:59:50Z,94.5
2025-03-20T07:00:50Z,95.0
2025-03-20T07:01:50Z,94.6
2025-03-20T07:03:50Z,95.2
2025-03-20T07:04:50Z,95.1
2025-03-20T07:05:50Z,95.3
2025-03-20T07:06:50Z,95.1
2025-03-20T07:07:50Z,95.4
2025-03-20T07:08:50Z,95.3
2025-03-20T07:09:50Z,95.7
2025-03-20T07:10:50Z,95.5
2025-03-20T07:11:50Z,95.1
2025-03-20T07:12:50Z,95.3
2025-03-20T07:13:50Z,95.4
2025-03-20T07:14:50Z,94.9
2025-03-20T07:15:50Z,94.7
2025-03-20T07:16:50Z,93.8
2025-03-20T07:17:50Z,93.0
2025-03-20T07:18:50Z,93.0
2025-03-20T07:19:50Z,92.9
2025-03-20T07:21:50Z,93.0
2025-03-20T07:22:50Z,93.8
2025-03-20T07:23:50Z,94.6
2025-03-20T07:24:50Z,94.6
2025-03-20T07:25:50Z,94.4
2025-03-20T07:26:50Z,94.5
2025-03-20T07:27:50Z,94.7
2025-03-20T07:28:50Z,94.1
2025-03-20T07:29:50Z,93.8
2025-03-20T07:30:50Z,93.9
2025-03-20T07:31:50Z,93.8
2025-03-20T07:32:50Z,93.7
2025-03-20T07:35:50Z,91.9
2025-03-20T07:36:50Z,92.5
2025-03-20T07:37:50Z,92.8
2025-03-20T07:38:50Z,92.7
2025-03-20T07:39:50Z,92.8
2025-03-20T07:41:50Z,92.8
2025-03-20T07:42:50Z,92.9
2025-03-20T07:43:50Z,93.0
2025-03-20T07:44:50Z,93.3
2025-03-20T07:45:50Z,93.3
2025-03-20T07:46:50Z,93.4
2025-03-20T07:47:50Z,93.3
2025-03-20T07:48:50Z,93.4
2025-03-20T07:49:50Z,93.4
2025-03-20T07:50:50Z,93.5
2025-03-20T07:51:50Z,93.7
2025-03-20T07:52:50Z,93.9
2025-03-20T07:54:50Z,93.9
2025-03-20T07:55:50Z,94.0
2025-03-20T07:58:50Z,94.2
2025-03-20T07:59:50Z,94.2
2025-03-20T08:00:50Z,93.9
2025-03-20T08:02:50Z,93.3
2025-03-20T08:03:50Z,92.7
2025-03-20T08:04:50Z,92.5
2025-03-20T08:05:50Z,92.4
2025-03-20T08:06:50Z,92.1
2025-03-20T08:07:50Z,92.2
2025-03-20T08:08:50Z,92.1
2025-03-20T08:09:50Z,91.8
2025-03-20T08:10:50Z,91.8
2025-03-20T08:11:50Z,91.9
2025-03-20T08:12:50Z,92.0
2025-03-20T08:14:50Z,93.2
2025-03-20T08:15:50Z,92.7
2025-03-20T08:16:50Z,92.9
2025-03-20T08:17:50Z,93.0
2025-03-20T08:18:50Z,93.1
2025-03-20T08:19:50Z,93.4
2025-03-20T08:20:50Z,93.4
2025-03-20T08:23:50Z,93.6
2025-03-20T08:24:50Z,93.7
2025-03-20T08:25:50Z,93.7
2025-03-20T08:26:50Z,93.5
2025-03-20T08:27:50Z,93.5
2025-03-20T08:28:50Z,93.7
2025-03-20T08:29:50Z,93.5
2025-03-20T08:30:50Z,93.6
2025-03-20T08:31:50Z,93.6
2025-03-20T08:32:50Z,93.7
2025-03-20T08:33:50Z,93.7
2025-03-20T08:34:50Z,93.6
2025-03-20T08:35:50Z,93.6
2025-03-20T08:36:50Z,93.6
2025-03-20T08:37:50Z,93.6
2025-03-20T08:38:50Z,93.5
2025-03-20T08:39:50Z,93.5
2025-03-20T08:40:50Z,93.5
2025-03-20T08:41:50Z,92.9
2025-03-20T08:42:50Z,93.2
2025-03-20T08:43:50Z,93.2
2025-03-20T08:44:50Z,93.5
2025-03-20T08:45:50Z,93.6
2025-03-20T08:46:50Z,93.5
2025-03-20T08:47:50Z,93.5
2025-03-20T08:50:50Z,93.6
2025-03-20T08:52:50Z,94.4
2025-03-20T08:59:50Z,94.4
2025-03-20T09:00:50Z,93.3
2025-03-20T09:01:50Z,92.5
2025-03-20T09:02:50Z,92.2
2025-03-20T09:03:50Z,92.0
2025-03-20T09:04:50Z,91.7
2025-03-20T09:06:50Z,91.4
2025-03-20T09:07:50Z,91.5
2025-03-20T09:08:50Z,92.2
2025-03-20T09:09:50Z,92.2
2025-03-20T09:10:50Z,92.6
2025-03-20T09:11:50Z,92.7
2025-03-20T09:12:50Z,92.8
2025-03-20T09:13:50Z,92.9
2025-03-20T09:14:50Z,92.8
2025-03-20T09:15:50Z,93.2
2025-03-20T09:16:50Z,93.3
2025-03-20T09:17:50Z,93.3
2025-03-20T09:18:50Z,93.3
2025-03-20T09:20:50Z,93.6
2025-03-20T09:21:50Z,94.1
2025-03-20T09:22:50Z,94.6
2025-03-20T09:23:50Z,94.9
2025-03-20T09:24:50Z,95.1
2025-03-20T09:25:50Z,95.2
2025-03-20T09:26:50Z,95.4
2025-03-20T09:28:50Z,95.5
2025-03-20T09:29:50Z,95.9
2025-03-20T09:30:50Z,96.1
2025-03-20T09:31:50Z,96.1
2025-03-20T09:33:50Z,96.2
2025-03-20T09:34:50Z,96.1
2025-03-20T09:35:50Z,96.1
2025-03-20T09:36:50Z,96.3
2025-03-20T09:37:50Z,96.2
2025-03-20T09:38:50Z,96.3
2025-03-20T09:39:50Z,96.4
2025-03-20T09:40:50Z,96.4
2025-03-20T09:41:50Z,96.4
2025-03-20T09:43:50Z,95.9
2025-03-20T09:45:50Z,95.4
2025-03-20T09:46:50Z,94.8
2025-03-20T09:47:50Z,94.7
2025-03-20T09:48:50Z,94.6
2025-03-20T09:49:50Z,94.3
2025-03-20T09:50:50Z,94.1
2025-03-20T09:51:50Z,94.2
2025-03-20T09:52:50Z,94.2
2025-03-20T09:53:50Z,94.0
2025-03-20T09:54:50Z,94.2
2025-03-20T09:55:50Z,94.2
2025-03-20T09:56:50Z,94.3
2025-03-20T09:57:50Z,94.3
2025-03-20T09:58:50Z,94.2
2025-03-20T09:59:50Z,94.2
2025-03-20T10:00:50Z,94.2
2025-03-20T10:01:50Z,94.3
2025-03-20T10:02:50Z,94.2
2025-03-20T10:03:50Z,94.2
2025-03-20T10:04:50Z,94.3
2025-03-20T10:05:50Z,94.1
2025-03-20T10:06:50Z,94.3
2025-03-20T10:07:50Z,94.3
2025-03-20T10:08:50Z,94.0
2025-03-20T10:09:50Z,94.4
2025-03-20T10:10:50Z,94.6
2025-03-20T10:11:50Z,94.8
2025-03-20T10:12:50Z,94.9
2025-03-20T10:13:50Z,94.8
2025-03-20T20:21:50Z,96.9
2025-03-20T20:22:50Z,94.8
2025-03-20T20:23:50Z,94.9
2025-03-20T20:24:50Z,95.6
2025-03-20T20:25:50Z,96.0
2025-03-21T18:59:50Z,97.1
2025-03-21T19:00:50Z,97.3
2025-03-21T19:01:50Z,97.9
2025-03-21T19:02:50Z,97.8
2025-03-21T19:03:50Z,96.7
2025-03-21T19:05:50Z,95.8
2025-03-21T19:06:50Z,96.2
2025-03-21T19:07:50Z,96.2
2025-03-21T19:08:50Z,96.1
2025-03-21T19:09:50Z,95.9
2025-03-21T19:10:50Z,95.9
2025-03-21T19:11:50Z,95.7
2025-03-21T19:12:50Z,95.9
2025-03-21T19:14:50Z,95.1
2025-03-21T19:15:50Z,94.7
2025-03-21T19:16:50Z,94.8
2025-03-21T19:18:50Z,95.3
2025-03-22T04:00:20Z,95.0
2025-03-22T04:01:20Z,95.2
2025-03-22T04:02:20Z,95.4
2025-03-22T04:26:20Z,94.0
2025-03-22T04:35:20Z,92.1
2025-03-22T05:16:20Z,95.0
2025-03-22T05:17:20Z,95.1
2025-03-22T05:18:20Z,94.2
2025-03-22T05:19:20Z,94.3
2025-03-22T05:22:20Z,94.1
2025-03-22T05:23:20Z,94.0
2025-03-22T05:44:50Z,95.3
2025-03-22T05:45:50Z,95.4
2025-03-22T05:46:50Z,95.5
2025-03-22T05:47:50Z,95.4
2025-03-22T05:48:50Z,95.3
2025-03-22T05:49:50Z,95.4
2025-03-22T05:50:50Z,95.4
2025-03-22T05:51:50Z,95.3
2025-03-22T05:52:50Z,95.1
2025-03-22T05:53:50Z,94.7
2025-03-22T05:54:50Z,94.3
2025-03-22T05:55:50Z,94.0
2025-03-22T05:57:50Z,94.1
2025-03-22T05:58:50Z,94.2
2025-03-22T06:01:50Z,94.0
2025-03-22T06:02:50Z,93.5
2025-03-22T06:03:50Z,93.2
2025-03-22T06:04:50Z,93.1
2025-03-22T06:05:50Z,93.1
2025-03-22T06:06:50Z,93.1
2025-03-22T06:07:50Z,93.0
2025-03-22T06:09:50Z,93.1
2025-03-22T06:11:50Z,93.3
2025-03-22T06:12:50Z,93.7
2025-03-22T06:14:50Z,93.7
2025-03-22T06:15:50Z,94.1
2025-03-22T06:16:50Z,94.3
2025-03-22T06:17:50Z,94.4
2025-03-22T06:18:50Z,94.5
2025-03-22T06:19:50Z,94.7
2025-03-22T06:20:50Z,94.9
2025-03-22T06:21:50Z,94.9
2025-03-22T06:22:50Z,95.0
2025-03-22T06:23:50Z,95.0
2025-03-22T06:25:50Z,95.0
2025-03-22T06:26:50Z,94.7
2025-03-22T06:27:50Z,94.4
2025-03-22T06:28:50Z,94.3
2025-03-22T06:29:50Z,94.3
2025-03-22T06:30:50Z,94.1
2025-03-22T06:32:50Z,93.7
2025-03-22T06:33:50Z,94.0
2025-03-22T06:34:50Z,93.7
2025-03-22T06:35:50Z,91.8
2025-03-22T06:36:50Z,92.4
2025-03-22T06:37:50Z,93.2
2025-03-22T06:38:50Z,93.7
2025-03-22T06:39:50Z,93.6
2025-03-22T06:40:50Z,93.6
2025-03-22T06:41:50Z,93.3
2025-03-22T06:42:50Z,93.9
2025-03-22T06:43:50Z,93.9
2025-03-22T06:44:50Z,94.0
2025-03-22T06:45:50Z,93.9
2025-03-22T06:46:50Z,93.9
2025-03-22T06:47:50Z,93.9
2025-03-22T06:48:50Z,93.8
2025-03-22T06:49:50Z,94.0
2025-03-22T06:50:50Z,93.8
2025-03-22T06:51:50Z,93.3
2025-03-22T06:52:50Z,93.9
2025-03-22T06:53:50Z,93.8
2025-03-22T06:54:50Z,94.0
2025-03-22T06:56:50Z,94.0
2025-03-22T06:57:50Z,93.8
2025-03-22T07:00:50Z,94.0
2025-03-22T07:01:50Z,94.3
2025-03-22T07:02:50Z,94.6
2025-03-22T07:03:50Z,94.8
2025-03-22T07:04:50Z,94.9
2025-03-22T07:05:50Z,95.0
2025-03-22T07:06:50Z,95.2
2025-03-22T07:07:50Z,95.4
2025-03-22T07:08:50Z,95.6
2025-03-22T07:09:50Z,95.6
2025-03-22T07:10:50Z,95.8
2025-03-22T07:11:50Z,95.7
2025-03-22T07:12:50Z,95.4
2025-03-22T07:14:50Z,95.2
2025-03-22T07:15:50Z,95.2
2025-03-22T07:17:50Z,95.2
2025-03-22T07:18:50Z,95.6
2025-03-22T07:19:50Z,95.8
2025-03-22T07:20:50Z,95.9
2025-03-22T07:21:50Z,96.0
2025-03-22T07:22:50Z,96.1
2025-03-22T07:23:50Z,96.3
2025-03-22T07:24:50Z,96.3
2025-03-22T07:25:50Z,96.3
2025-03-22T07:26:50Z,96.2
2025-03-22T07:27:50Z,96.3
2025-03-22T07:28:50Z,96.5
2025-03-22T07:29:50Z,96.5
2025-03-22T07:30:50Z,96.6
2025-03-22T07:31:50Z,96.5
2025-03-22T07:32:50Z,96.1
2025-03-22T07:33:50Z,96.1
2025-03-22T07:34:50Z,96.1
2025-03-22T07:35:50Z,95.8
2025-03-22T07:36:50Z,95.5
2025-03-22T07:37:50Z,95.2
2025-03-22T07:38:50Z,95.3
2025-03-22T07:40:50Z,94.7
2025-03-22T07:41:50Z,95.0
2025-03-22T07:42:50Z,95.5
2025-03-22T07:43:50Z,95.1
2025-03-22T07:44:50Z,95.4
2025-03-22T07:45:50Z,95.6
2025-03-22T07:46:50Z,95.9
2025-03-22T07:47:50Z,96.1
2025-03-22T07:48:50Z,96.4
2025-03-22T07:49:50Z,96.4
2025-03-22T07:51:50Z,96.5
2025-03-22T07:53:50Z,96.4
2025-03-22T07:54:50Z,95.3
2025-03-22T07:55:50Z,94.5
2025-03-22T07:56:50Z,98.3
2025-03-22T07:58:50Z,98.1
2025-03-22T07:59:50Z,94.5
2025-03-22T08:00:50Z,95.2
2025-03-22T08:01:50Z,95.8
2025-03-22T08:03:50Z,95.8
2025-03-22T08:05:50Z,95.6
2025-03-22T08:06:50Z,95.6
2025-03-22T08:08:50Z,95.6
2025-03-22T08:09:50Z,95.6
2025-03-22T08:10:50Z,96.1
2025-03-22T08:11:50Z,96.2
2025-03-22T08:13:50Z,96.1
2025-03-22T08:14:50Z,96.1
2025-03-22T08:15:50Z,96.1
2025-03-22T08:16:50Z,96.5
2025-03-22T08:17:50Z,96.0
2025-03-22T08:18:50Z,95.6
2025-03-22T08:19:50Z,95.5
2025-03-22T08:20:50Z,95.6
2025-03-22T08:21:50Z,96.0
2025-03-22T08:26:50Z,95.4
2025-03-22T08:28:50Z,94.5
2025-03-22T08:29:50Z,94.2
2025-03-22T08:30:50Z,93.1
2025-03-22T08:31:50Z,92.4
2025-03-22T08:32:50Z,92.7
2025-03-22T08:33:50Z,92.3
2025-03-22T08:35:50Z,92.6
2025-03-22T08:36:50Z,93.1
2025-03-22T08:37:50Z,93.3
2025-03-22T08:38:50Z,93.5
2025-03-22T08:39:50Z,93.2
2025-03-22T08:40:50Z,93.3
2025-03-22T08:41:50Z,93.4
2025-03-22T08:42:50Z,93.3
2025-03-22T08:43:50Z,93.1
2025-03-22T08:46:50Z,93.2
2025-03-22T08:47:50Z,93.5
2025-03-22T08:48:50Z,94.0
2025-03-22T08:49:50Z,94.1
2025-03-22T08:50:50Z,94.2
2025-03-22T08:52:50Z,94.2
2025-03-22T08:53:50Z,94.5
2025-03-22T08:55:50Z,94.4
2025-03-22T08:56:50Z,93.1
2025-03-22T08:57:50Z,92.3
2025-03-22T08:58:50Z,91.9
2025-03-22T08:59:50Z,92.2
2025-03-22T09:00:50Z,92.4
2025-03-22T09:01:50Z,92.3
2025-03-22T09:02:50Z,92.3
2025-03-22T09:03:50Z,92.1
2025-03-22T09:04:50Z,92.0
2025-03-22T09:05:50Z,92.3
2025-03-22T09:06:50Z,92.2
2025-03-22T09:07:50Z,92.1
2025-03-22T09:09:50Z,92.8
2025-03-22T09:10:50Z,92.8
2025-03-22T09:11:50Z,92.8
2025-03-22T09:12:50Z,92.7
2025-03-22T09:13:50Z,92.6
2025-03-22T09:14:50Z,92.3
2025-03-22T09:15:50Z,92.3
2025-03-22T09:16:50Z,92.3
2025-03-22T09:17:50Z,92.2
2025-03-22T09:18:50Z,92.2
2025-03-22T09:19:50Z,92.3
2025-03-22T09:20:50Z,92.0
2025-03-22T09:21:50Z,92.1
2025-03-22T09:22:50Z,91.9
2025-03-22T09:23:50Z,91.7
2025-03-22T09:24:50Z,92.0
2025-03-22T09:25:50Z,92.3
2025-03-22T09:26:50Z,92.6
2025-03-22T09:27:50Z,92.8
2025-03-22T09:28:50Z,92.9
2025-03-22T09:29:50Z,93.0
2025-03-22T09:30:50Z,92.9
2025-03-22T09:31:50Z,93.1
2025-03-22T09:33:50Z,93.4
2025-03-22T09:34:50Z,93.7
2025-03-22T09:35:50Z,93.8
2025-03-22T09:36:50Z,93.9
2025-03-22T09:37:50Z,94.0
2025-03-22T09:38:50Z,94.0
2025-03-22T09:39:50Z,93.8
2025-03-22T09:40:50Z,93.9
2025-03-22T09:41:50Z,93.7
2025-03-22T09:42:50Z,93.6
2025-03-22T09:43:50Z,93.5
2025-03-22T09:44:50Z,93.7
2025-03-22T09:45:50Z,93.5
2025-03-22T09:46:50Z,93.4
2025-03-22T09:47:50Z,93.4
2025-03-22T09:48:50Z,93.7
2025-03-22T09:49:50Z,94.1
2025-03-22T09:50:50Z,94.1
2025-03-22T09:51:50Z,94.2
2025-03-22T09:54:50Z,96.3
2025-03-22T09:55:50Z,96.1
2025-03-22T09:56:50Z,96.0
2025-03-22T09:57:50Z,96.2
2025-03-22T09:59:50Z,96.3
2025-03-22T10:00:50Z,96.4
2025-03-22T10:01:50Z,96.5
2025-03-22T10:02:50Z,96.4
2025-03-22T10:03:50Z,96.3
2025-03-22T10:04:50Z,96.4
2025-03-22T10:06:50Z,96.7
2025-03-22T10:07:50Z,96.6
2025-03-22T10:08:50Z,96.5
2025-03-22T10:10:50Z,96.3
2025-03-22T10:11:50Z,95.7
2025-03-22T10:12:50Z,95.6
2025-03-22T10:13:50Z,95.4
2025-03-22T10:18:50Z,94.5
2025-03-22T10:19:50Z,93.9
2025-03-24T21:22:50Z,98.1
2025-03-24T21:23:50Z,97.3
2025-03-24T21:24:50Z,96.0
2025-03-24T21:25:50Z,95.6
2025-03-24T21:33:50Z,99.0
2025-03-24T21:34:50Z,98.6
2025-03-24T21:35:50Z,98.0
2025-03-24T21:36:50Z,97.3
2025-03-24T21:37:50Z,96.8
2025-03-24T21:38:50Z,96.0
2025-03-24T21:39:50Z,96.0
2025-03-24T21:40:50Z,95.9
2025-03-24T21:51:50Z,94.2
2025-03-24T21:52:50Z,93.9
2025-03-24T21:53:50Z,93.3
2025-03-24T21:54:50Z,92.5
2025-03-24T21:55:50Z,92.6
2025-03-24T21:56:50Z,93.1
2025-03-24T21:58:50Z,93.3
2025-03-24T21:59:50Z,94.0
2025-03-24T22:00:50Z,94.3
2025-03-24T22:04:50Z,94.2
2025-03-25T03:30:20Z,95.5
2025-03-25T03:31:20Z,95.3
2025-03-25T03:32:20Z,95.4
2025-03-25T03:33:20Z,95.5
2025-03-25T03:34:20Z,95.1
2025-03-25T03:35:20Z,95.4
2025-03-25T03:36:20Z,95.3
2025-03-25T03:48:20Z,94.5
2025-03-25T03:50:20Z,94.5
2025-03-25T03:51:20Z,94.3
2025-03-25T03:52:20Z,94.0
2025-03-25T03:53:20Z,93.9
2025-03-25T03:54:20Z,93.9
2025-03-25T03:55:20Z,93.9
2025-03-25T03:57:20Z,94.1
2025-03-25T03:58:20Z,94.1
2025-03-25T03:59:20Z,94.3
2025-03-25T04:00:20Z,93.8
2025-03-25T04:01:20Z,94.2
2025-03-25T04:02:20Z,94.3
2025-03-25T04:03:20Z,94.1
2025-03-25T04:04:20Z,94.1
2025-03-25T04:05:20Z,93.0
2025-03-25T04:06:20Z,93.5
2025-03-25T04:07:20Z,93.4
2025-03-25T04:08:20Z,93.8
2025-03-25T04:09:20Z,93.2
2025-03-25T04:11:20Z,93.1
2025-03-25T04:12:20Z,93.5
2025-03-25T04:13:20Z,93.2
2025-03-25T04:14:20Z,93.2
2025-03-25T04:15:20Z,93.6
2025-03-25T04:16:20Z,94.0
2025-03-25T04:17:20Z,93.9
2025-03-25T04:19:20Z,94.5
2025-03-25T04:21:20Z,94.5
2025-03-25T04:22:20Z,94.6
2025-03-25T04:23:20Z,94.4
2025-03-25T04:24:20Z,94.0
2025-03-25T04:25:20Z,93.4
2025-03-25T04:26:20Z,93.6
2025-03-25T04:28:20Z,93.2
2025-03-25T04:29:20Z,93.1
2025-03-25T04:30:20Z,93.1
2025-03-25T04:32:20Z,93.0
2025-03-25T04:33:20Z,93.4
2025-03-25T04:35:20Z,93.6
2025-03-25T04:36:20Z,94.0
2025-03-25T04:37:20Z,94.3
2025-03-25T04:38:20Z,94.4
2025-03-25T04:39:20Z,94.6
2025-03-25T04:41:20Z,94.7
2025-03-25T04:42:20Z,94.6
2025-03-25T04:43:20Z,94.7
2025-03-25T04:44:20Z,94.6
2025-03-25T04:45:20Z,94.7
2025-03-25T04:46:20Z,94.7
2025-03-25T04:47:20Z,94.6
2025-03-25T04:48:20Z,93.9
2025-03-25T04:49:20Z,94.4
2025-03-25T04:51:20Z,94.4
2025-03-25T04:52:20Z,94.5
2025-03-25T04:56:20Z,92.9
2025-03-25T04:57:20Z,92.3
2025-03-25T04:58:20Z,92.0
2025-03-25T04:59:20Z,91.8
2025-03-25T05:00:20Z,91.6
2025-03-25T05:01:20Z,91.9
2025-03-25T05:02:20Z,92.1
2025-03-25T05:03:20Z,92.7
2025-03-25T05:04:20Z,92.6
2025-03-25T05:05:20Z,93.0
2025-03-25T05:07:20Z,93.5
2025-03-25T05:08:20Z,95.0
2025-03-25T05:09:20Z,94.7
2025-03-25T05:10:20Z,97.7
2025-03-25T05:11:20Z,98.3
2025-03-25T05:12:20Z,98.5
2025-03-25T05:13:20Z,98.1
2025-03-25T05:14:20Z,95.0
2025-03-25T05:15:20Z,95.9
2025-03-25T05:16:20Z,97.2
2025-03-25T05:17:20Z,98.0
2025-03-25T05:18:20Z,98.2
2025-03-25T05:19:20Z,98.4
2025-03-25T05:20:20Z,98.6
2025-03-25T05:21:20Z,98.9
2025-03-25T05:22:20Z,99.1
2025-03-25T05:23:20Z,99.0
2025-03-25T05:24:20Z,98.5
2025-03-25T05:25:20Z,98.2
2025-03-25T05:26:20Z,97.5
2025-03-25T05:27:20Z,96.2
2025-03-25T05:28:20Z,95.9
2025-03-25T05:29:20Z,96.0
2025-03-25T05:30:20Z,95.9
2025-03-25T05:31:20Z,95.9
2025-03-25T05:32:20Z,96.0
2025-03-25T05:33:20Z,96.1
2025-03-25T05:34:20Z,96.3
2025-03-25T05:35:20Z,95.8
2025-03-25T05:36:20Z,99.0
2025-03-25T05:37:20Z,96.5
2025-03-25T05:38:20Z,96.8
2025-03-25T05:39:20Z,96.7
2025-03-25T05:40:20Z,97.5
2025-03-25T05:41:20Z,98.5
2025-03-25T05:42:20Z,97.4
2025-03-25T05:43:20Z,97.8
2025-03-25T05:45:20Z,95.7
2025-03-25T05:46:20Z,94.7
2025-03-25T05:48:20Z,94.6
2025-03-25T05:49:20Z,94.3
2025-03-25T05:50:20Z,95.0
2025-03-25T05:51:20Z,95.0
2025-03-25T05:52:20Z,95.1
2025-03-25T05:54:20Z,94.8
2025-03-25T05:56:20Z,94.7
2025-03-25T05:57:20Z,94.2
2025-03-25T05:58:20Z,93.7
2025-03-25T06:01:20Z,93.5
2025-03-25T06:03:20Z,94.2
2025-03-25T06:04:20Z,93.5
2025-03-25T06:06:20Z,93.2
2025-03-25T06:07:20Z,93.4
2025-03-25T06:08:20Z,92.8
2025-03-25T06:10:20Z,93.4
2025-03-25T06:11:20Z,93.8
2025-03-25T06:12:20Z,94.1
2025-03-25T06:13:20Z,92.9
2025-03-25T06:15:20Z,92.8
2025-03-25T06:16:20Z,93.9
2025-03-25T06:17:20Z,94.5
2025-03-25T06:18:20Z,94.8
2025-03-25T06:20:20Z,94.9
2025-03-25T06:21:20Z,94.5
2025-03-25T06:22:20Z,94.2
2025-03-25T06:23:20Z,94.4
2025-03-25T06:24:20Z,94.2
2025-03-25T06:25:20Z,94.1
2025-03-25T06:26:20Z,93.8
2025-03-25T06:28:20Z,94.5
2025-03-25T06:29:20Z,94.7
2025-03-25T06:31:20Z,94.5
2025-03-25T06:32:20Z,94.7
2025-03-25T06:33:20Z,94.8
2025-03-25T06:34:20Z,94.9
2025-03-25T06:35:20Z,94.9
2025-03-25T06:36:20Z,94.9
2025-03-25T06:37:20Z,94.8
2025-03-25T06:38:20Z,94.9
2025-03-25T06:40:20Z,93.8
2025-03-25T06:41:20Z,93.1
2025-03-25T06:43:20Z,93.1
2025-03-25T06:46:20Z,93.5
2025-03-25T06:48:20Z,93.5
2025-03-25T06:49:20Z,93.9
2025-03-25T06:50:20Z,94.2
2025-03-25T06:51:20Z,94.4
2025-03-25T06:53:20Z,94.0
2025-03-25T06:54:20Z,93.6
2025-03-25T06:55:20Z,93.7
2025-03-25T06:56:20Z,93.6
2025-03-25T06:57:20Z,93.6
2025-03-25T06:58:20Z,93.5
2025-03-25T06:59:20Z,93.6
2025-03-25T07:00:20Z,93.5
2025-03-25T07:01:20Z,93.5
2025-03-25T07:02:20Z,93.6
2025-03-25T07:05:20Z,93.8
2025-03-25T07:07:20Z,94.0
2025-03-25T07:09:20Z,94.2
2025-03-25T07:11:20Z,94.7
2025-03-25T07:16:20Z,94.3
2025-03-25T07:17:20Z,94.6
2025-03-25T07:18:20Z,94.8
2025-03-25T07:19:20Z,95.0
2025-03-25T07:20:20Z,95.4
2025-03-25T07:21:20Z,95.3
2025-03-25T07:22:20Z,95.1
2025-03-25T07:23:20Z,95.2
2025-03-25T07:24:20Z,95.2
2025-03-25T07:25:20Z,95.5
2025-03-25T07:26:20Z,95.4
2025-03-25T07:27:20Z,95.1
2025-03-25T07:28:20Z,95.3
2025-03-25T07:29:20Z,95.4
2025-03-25T07:30:20Z,95.5
2025-03-25T07:31:20Z,95.2
2025-03-25T07:32:20Z,95.3
2025-03-25T07:33:20Z,95.1
2025-03-25T07:34:20Z,95.0
2025-03-25T07:35:20Z,95.5
2025-03-25T07:36:20Z,95.6
2025-03-25T07:37:20Z,95.7
2025-03-25T07:38:20Z,95.8
2025-03-25T07:39:20Z,96.0
2025-03-25T07:40:20Z,96.1
2025-03-25T07:41:20Z,96.1
2025-03-25T07:42:20Z,96.1
2025-03-25T07:43:20Z,96.0
2025-03-25T07:44:20Z,96.1
2025-03-25T07:45:20Z,96.2
2025-03-25T07:46:20Z,96.2
2025-03-25T07:47:20Z,96.4
2025-03-25T07:48:20Z,96.3
2025-03-25T07:49:20Z,95.9
2025-03-25T07:51:20Z,95.3
2025-03-25T07:52:20Z,94.9
2025-03-25T07:54:20Z,94.5
2025-03-25T07:55:20Z,94.1
2025-03-25T07:56:20Z,94.4
2025-03-25T07:57:20Z,94.3
2025-03-25T07:58:20Z,94.5
2025-03-25T08:00:20Z,94.5
2025-03-25T08:01:20Z,94.3
2025-03-25T08:02:20Z,94.2
2025-03-25T08:08:20Z,92.9
2025-03-25T08:09:20Z,92.2
2025-03-25T08:10:20Z,92.4
2025-03-25T08:12:20Z,93.0
2025-03-25T08:13:20Z,94.0
2025-03-25T08:14:20Z,94.7
2025-03-25T08:15:20Z,94.9
2025-03-25T08:17:20Z,95.2
2025-03-25T08:18:20Z,94.9
2025-03-25T08:20:20Z,94.9
2025-03-25T08:21:20Z,94.5
2025-03-25T08:22:20Z,94.1
2025-03-25T08:23:20Z,94.0
2025-03-25T08:24:20Z,93.9
2025-03-25T08:25:20Z,93.9
2025-03-25T08:26:20Z,94.0
2025-03-25T08:27:20Z,94.5
2025-03-25T08:28:20Z,94.4
2025-03-25T08:29:20Z,94.3
2025-03-25T08:41:20Z,92.8
2025-03-25T08:43:20Z,92.8
2025-03-25T08:44:20Z,93.5
2025-03-25T08:45:20Z,93.7
2025-03-25T08:46:20Z,94.7
2025-03-25T08:47:20Z,95.5
2025-03-25T08:48:20Z,95.4
2025-03-25T08:49:20Z,95.1
2025-03-25T08:50:20Z,95.5
2025-03-25T08:51:20Z,94.6
2025-03-25T08:52:20Z,94.7
2025-03-25T08:53:20Z,94.5
2025-03-25T08:54:20Z,94.4
2025-03-25T08:55:20Z,94.2
2025-03-25T08:56:20Z,94.5
2025-03-25T08:57:20Z,94.5
2025-03-25T09:00:20Z,95.3
2025-03-25T09:01:20Z,95.3
2025-03-25T09:02:20Z,94.7
2025-03-25T09:03:20Z,95.1
2025-03-25T09:04:20Z,95.1
2025-03-25T09:05:20Z,95.2
2025-03-25T09:06:20Z,95.3
2025-03-25T09:07:20Z,95.1
2025-03-25T09:08:20Z,95.4
2025-03-25T09:09:20Z,95.3
2025-03-25T09:10:20Z,95.2
2025-03-25T09:11:20Z,95.4
2025-03-25T09:13:20Z,94.6
2025-03-25T09:14:20Z,95.0
2025-03-25T09:15:20Z,94.7
2025-03-25T09:16:20Z,94.9
2025-03-25T09:17:20Z,94.9
2025-03-25T09:18:20Z,94.8
2025-03-25T09:20:20Z,94.9
2025-03-25T09:21:20Z,95.0
2025-03-25T09:22:20Z,94.9
2025-03-25T09:23:20Z,94.8
2025-03-25T09:24:20Z,94.8
2025-03-25T09:25:20Z,94.6
2025-03-25T09:26:20Z,94.7
2025-03-25T09:27:20Z,94.7
2025-03-25T09:28:20Z,94.6
2025-03-25T09:29:20Z,94.5
2025-03-25T09:30:20Z,94.5
2025-03-25T09:31:20Z,94.4
2025-03-25T09:32:20Z,94.4
2025-03-25T09:33:20Z,94.4
2025-03-25T09:34:20Z,94.4
2025-03-25T09:35:20Z,94.3
2025-03-25T09:36:20Z,94.3
2025-03-25T09:37:20Z,94.3
2025-03-25T09:38:20Z,94.3
2025-03-25T09:39:20Z,94.4
2025-03-25T09:40:20Z,94.3
2025-03-25T09:41:20Z,94.3
2025-03-25T09:42:20Z,94.3
2025-03-25T09:43:20Z,94.3
2025-03-25T09:44:20Z,94.3
2025-03-25T09:45:20Z,94.5
2025-03-25T09:46:20Z,94.4
2025-03-25T09:47:20Z,94.3
2025-03-25T09:48:20Z,94.3
2025-03-25T09:49:20Z,94.4
2025-03-25T09:50:20Z,94.4
2025-03-25T09:51:20Z,94.3
2025-03-25T09:52:20Z,94.2
2025-03-25T09:53:20Z,94.3
2025-03-25T09:54:20Z,93.8
2025-03-25T09:55:20Z,93.8
2025-03-25T09:56:20Z,93.8
2025-03-25T09:57:20Z,94.0
2025-03-25T09:58:20Z,94.1
2025-03-25T09:59:20Z,94.0
2025-03-25T10:00:20Z,93.9
2025-03-25T10:01:20Z,93.7
2025-03-25T10:02:20Z,93.4
2025-03-25T10:03:20Z,93.3
2025-03-25T10:04:20Z,93.5
2025-03-25T10:05:20Z,93.6
2025-03-25T10:06:20Z,93.8
2025-03-25T10:08:20Z,94.0
2025-03-25T10:09:20Z,93.9
2025-03-25T10:10:20Z,93.8
2025-03-26T10:12:49Z,93.8
2025-03-26T10:17:49Z,94.7
2025-03-28T03:02:51Z,93.5
2025-03-28T03:03:51Z,94.2
2025-03-28T03:04:51Z,94.2
2025-03-28T03:27:51Z,93.2
2025-03-28T03:29:51Z,93.6
2025-03-28T03:30:51Z,93.6
2025-03-28T03:31:51Z,94.0
2025-03-28T03:32:51Z,93.1
2025-03-28T03:33:51Z,93.1
2025-03-28T03:35:51Z,93.3
2025-03-28T03:36:51Z,93.9
2025-03-28T03:37:51Z,93.9
2025-03-28T03:41:51Z,93.5
2025-03-28T03:42:51Z,93.4
2025-03-28T03:43:51Z,94.6
2025-03-28T03:44:51Z,94.6
2025-03-28T03:45:51Z,94.5
2025-03-28T03:46:51Z,94.3
2025-03-28T03:47:51Z,94.2
2025-03-28T03:48:51Z,94.7
2025-03-28T03:49:51Z,94.5
2025-03-28T03:50:51Z,94.0
2025-03-28T03:51:51Z,93.8
2025-03-28T03:54:51Z,94.0
2025-03-28T03:55:51Z,94.2
2025-03-28T03:56:51Z,94.0
2025-03-28T03:57:51Z,94.0
2025-03-28T03:58:51Z,93.9
2025-03-28T04:00:51Z,94.4
2025-03-28T04:01:51Z,94.7
2025-03-28T04:02:51Z,94.6
2025-03-28T04:03:51Z,94.6
2025-03-28T04:04:51Z,95.1
2025-03-28T04:05:51Z,95.6
2025-03-28T04:06:51Z,95.8
2025-03-28T04:07:51Z,95.8
2025-03-28T04:08:51Z,95.7
2025-03-28T04:09:51Z,95.8
2025-03-28T04:10:51Z,95.7
2025-03-28T04:11:51Z,95.8
2025-03-28T04:12:51Z,96.0
2025-03-28T04:13:51Z,95.8
2025-03-28T04:14:51Z,96.0
2025-03-28T04:15:51Z,95.9
2025-03-28T04:16:51Z,95.9
2025-03-28T04:17:51Z,96.0
2025-03-28T04:18:51Z,96.1
2025-03-28T04:19:51Z,96.1
2025-03-28T04:20:51Z,96.2
2025-03-28T04:21:51Z,96.5
2025-03-28T04:22:51Z,96.7
2025-03-28T04:23:51Z,96.4
2025-03-28T04:24:51Z,96.7
2025-03-28T04:26:51Z,96.5
2025-03-28T04:36:51Z,95.1
2025-03-28T04:37:51Z,95.5
2025-03-28T04:40:51Z,95.3
2025-03-28T04:41:51Z,95.0
2025-03-28T04:42:51Z,94.6
2025-03-28T04:43:51Z,94.7
2025-03-28T04:44:51Z,94.2
2025-03-28T04:46:51Z,93.8
2025-03-28T04:47:51Z,93.9
2025-03-28T04:48:51Z,94.4
2025-03-28T04:49:51Z,94.3
2025-03-28T04:50:51Z,94.5
2025-03-28T04:52:51Z,94.7
2025-03-28T04:53:51Z,94.7
2025-03-28T04:54:51Z,94.6
2025-03-28T04:56:51Z,94.5
2025-03-28T05:00:51Z,95.0
2025-03-28T05:01:51Z,94.9
2025-03-28T05:02:51Z,94.6
2025-03-28T05:03:51Z,94.6
2025-03-28T05:04:51Z,94.8
2025-03-28T05:06:51Z,94.9
2025-03-28T05:07:51Z,94.4
2025-03-28T05:08:51Z,94.0
2025-03-28T05:09:51Z,93.8
2025-03-28T05:10:51Z,93.7
2025-03-28T05:11:51Z,93.6
2025-03-28T05:12:51Z,93.8
2025-03-28T05:13:51Z,94.0
2025-03-28T05:14:51Z,93.8
2025-03-28T05:15:51Z,93.8
2025-03-28T05:16:51Z,94.2
2025-03-28T05:17:51Z,94.2
2025-03-28T05:18:51Z,94.0
2025-03-28T05:19:51Z,94.4
2025-03-28T05:21:51Z,94.6
2025-03-28T05:22:51Z,94.8
2025-03-28T05:23:51Z,94.6
2025-03-28T05:24:51Z,94.5
2025-03-28T05:27:51Z,94.4
2025-03-28T05:28:51Z,93.7
2025-03-28T05:30:51Z,93.2
2025-03-28T05:32:51Z,92.9
2025-03-28T05:33:51Z,93.5
2025-03-28T05:36:51Z,92.7
2025-03-28T05:38:51Z,92.3
2025-03-28T05:39:51Z,93.2
2025-03-28T05:40:51Z,95.4
2025-03-28T05:41:51Z,95.9
2025-03-28T05:42:51Z,96.2
2025-03-28T05:44:51Z,93.5
2025-03-28T05:46:51Z,93.3
2025-03-28T05:47:51Z,93.5
2025-03-28T05:48:51Z,93.7
2025-03-28T05:49:51Z,94.1
2025-03-28T05:50:51Z,94.1
2025-03-28T05:51:51Z,93.1
2025-03-28T05:52:51Z,92.9
2025-03-28T05:53:51Z,93.0
2025-03-28T05:54:51Z,92.9
2025-03-28T05:55:51Z,92.9
2025-03-28T05:56:51Z,92.8
2025-03-28T05:58:51Z,92.7
2025-03-28T05:59:51Z,92.7
2025-03-28T06:00:51Z,93.1
2025-03-28T06:02:51Z,93.2
2025-03-28T06:03:51Z,93.4
2025-03-28T06:04:51Z,93.6
2025-03-28T06:07:51Z,93.9
2025-03-28T06:08:51Z,94.8
2025-03-28T06:09:51Z,95.3
2025-03-28T06:11:51Z,96.0
2025-03-28T06:12:51Z,95.8
2025-03-28T06:13:51Z,96.3
2025-03-28T06:14:51Z,96.3
2025-03-28T06:15:51Z,95.7
2025-03-28T06:17:51Z,95.9
2025-03-28T06:18:51Z,96.0
2025-03-28T06:19:51Z,95.6
2025-03-28T06:20:51Z,95.3
2025-03-28T06:38:51Z,92.7
2025-03-28T06:39:51Z,93.5
2025-03-28T06:40:51Z,92.1
2025-03-28T06:41:51Z,93.0
2025-03-28T06:42:51Z,93.4
2025-03-28T06:44:51Z,93.6
2025-03-28T06:45:51Z,94.1
2025-03-28T06:46:51Z,94.1
2025-03-28T06:47:51Z,94.5
2025-03-28T06:48:51Z,94.7
2025-03-28T06:49:51Z,94.5
2025-03-28T06:50:51Z,94.8
2025-03-28T06:51:51Z,94.9
2025-03-28T06:53:51Z,95.2
2025-03-28T06:54:51Z,94.9
2025-03-28T06:55:51Z,95.0
2025-03-28T06:56:51Z,94.8
2025-03-28T06:57:51Z,94.5
2025-03-28T06:59:51Z,94.4
2025-03-28T07:00:51Z,94.2
2025-03-28T07:01:51Z,94.3
2025-03-28T07:02:51Z,94.4
2025-03-28T07:03:51Z,94.7
2025-03-28T07:04:51Z,94.6
2025-03-28T07:06:51Z,93.9
2025-03-28T07:07:51Z,93.9
2025-03-28T07:08:51Z,94.2
2025-03-28T07:09:51Z,94.7
2025-03-28T07:10:51Z,95.0
2025-03-28T07:11:51Z,95.4
2025-03-28T07:12:51Z,95.5
2025-03-28T07:13:51Z,95.6
2025-03-28T07:14:51Z,95.5
2025-03-28T07:16:51Z,94.9
2025-03-28T07:17:51Z,95.1
2025-03-28T07:18:51Z,95.0
2025-03-28T07:20:51Z,95.0
2025-03-28T07:21:51Z,94.8
2025-03-28T07:22:51Z,94.8
2025-03-28T07:23:51Z,94.9
2025-03-28T07:25:51Z,96.2
2025-03-28T07:26:51Z,96.8
2025-03-28T07:27:51Z,97.0
2025-03-28T07:28:51Z,97.3
2025-03-28T07:29:51Z,97.3
2025-03-28T07:30:51Z,97.5
2025-03-28T07:31:51Z,97.5
2025-03-28T07:32:51Z,97.6
2025-03-28T07:33:51Z,97.6
2025-03-28T07:34:51Z,97.5
2025-03-28T07:35:51Z,97.5
2025-03-28T07:36:51Z,97.5
2025-03-28T07:37:51Z,97.5
2025-03-28T07:39:51Z,97.3
2025-03-28T07:41:51Z,97.3
2025-03-28T07:42:51Z,97.4
2025-03-28T07:43:51Z,96.9
2025-03-28T07:45:51Z,96.7
2025-03-28T07:46:51Z,96.2
2025-03-28T07:47:51Z,95.5
2025-03-28T07:49:51Z,94.8
2025-03-28T07:50:51Z,94.8
2025-03-28T07:51:51Z,95.1
2025-03-28T07:52:51Z,95.0
2025-03-28T07:54:51Z,95.4
2025-03-28T07:55:51Z,94.5
2025-03-28T07:56:51Z,93.6
2025-03-28T07:57:51Z,93.3
2025-03-28T07:58:51Z,93.6
2025-03-28T07:59:51Z,93.7
2025-03-28T08:00:51Z,93.8
2025-03-28T08:01:51Z,94.1
2025-03-28T08:02:51Z,94.1
2025-03-28T08:03:51Z,94.4
2025-03-28T08:04:51Z,94.6
2025-03-28T08:05:51Z,94.5
2025-03-28T08:06:51Z,94.6
2025-03-28T08:07:51Z,94.6
2025-03-28T08:08:51Z,94.5
2025-03-28T08:10:51Z,95.8
2025-03-28T08:12:51Z,95.8
2025-03-28T08:13:51Z,95.3
2025-03-28T08:14:51Z,95.4
2025-03-28T08:15:51Z,95.4
2025-03-28T08:16:51Z,96.0
2025-03-28T08:17:51Z,96.4
2025-03-28T08:18:51Z,96.5
2025-03-28T08:20:51Z,96.1
2025-03-28T08:21:51Z,95.5
2025-03-28T08:22:51Z,95.3
2025-03-28T08:23:51Z,95.5
2025-03-28T08:24:51Z,94.9
2025-03-28T08:25:51Z,95.0
2025-03-28T08:26:51Z,95.1
2025-03-28T08:27:51Z,95.6
2025-03-28T08:28:51Z,95.2
2025-03-28T08:29:51Z,94.5
2025-03-28T08:30:51Z,94.5
2025-03-28T08:31:51Z,94.6
2025-03-28T08:32:51Z,94.5
2025-03-28T08:33:51Z,95.1
2025-03-28T08:34:51Z,95.3
2025-03-28T08:35:51Z,94.7
2025-03-28T08:36:51Z,94.3
2025-03-28T08:37:51Z,94.9
2025-03-28T08:38:51Z,94.9
2025-03-28T08:39:51Z,95.3
2025-03-28T08:40:51Z,94.7
2025-03-28T08:41:51Z,95.1
2025-03-28T08:42:51Z,95.5
2025-03-28T08:43:51Z,95.4
2025-03-28T08:44:51Z,95.0
2025-03-28T08:45:51Z,95.1
2025-03-28T08:46:51Z,94.7
2025-03-28T08:47:51Z,94.9
2025-03-28T08:50:51Z,93.7
2025-03-28T08:52:51Z,92.0
2025-03-28T08:54:51Z,92.0
2025-03-28T08:55:51Z,92.7
2025-03-28T08:56:51Z,93.5
2025-03-28T08:57:51Z,94.2
2025-03-28T08:58:51Z,94.4
2025-03-28T08:59:51Z,94.7
2025-03-28T09:00:51Z,94.7
2025-03-28T09:01:51Z,94.9
2025-03-28T09:02:51Z,95.0
2025-03-28T09:03:51Z,95.0
2025-03-28T09:04:51Z,95.0
2025-03-28T09:06:51Z,94.6
2025-03-28T09:07:51Z,94.8
2025-03-28T09:08:51Z,95.6
2025-03-28T09:09:51Z,96.1
2025-03-28T09:11:51Z,96.7
2025-03-28T09:12:51Z,97.2
2025-03-28T09:13:51Z,97.4
2025-03-28T09:14:51Z,97.8
2025-03-28T09:15:51Z,97.8
2025-03-28T09:16:51Z,98.1
2025-03-28T09:17:51Z,98.3
2025-03-28T09:18:51Z,98.7
2025-03-28T09:19:51Z,98.6
2025-03-28T09:20:51Z,99.0
2025-03-28T09:21:51Z,98.8
2025-03-28T09:22:51Z,98.5
2025-03-28T09:23:51Z,98.1
2025-03-28T09:24:51Z,98.3
2025-03-28T09:25:51Z,98.1
2025-03-28T09:26:51Z,98.2
2025-03-28T09:27:51Z,98.1
2025-03-28T09:28:51Z,98.4
2025-03-28T09:29:51Z,98.3
2025-03-28T09:30:51Z,97.3
2025-03-28T09:31:51Z,97.0
2025-03-28T09:34:51Z,96.2
2025-03-28T09:36:51Z,95.7
2025-03-28T09:37:51Z,96.1
2025-03-28T09:38:51Z,95.6
2025-03-28T09:39:51Z,94.9
2025-03-28T09:40:51Z,94.8
2025-03-28T09:41:51Z,94.2
2025-03-28T09:42:51Z,94.6
2025-03-28T09:43:51Z,94.5
2025-03-28T09:44:51Z,93.6
2025-03-28T09:46:51Z,94.2
2025-03-28T09:47:51Z,95.1
2025-03-28T09:49:51Z,94.5
2025-03-28T09:50:51Z,94.6
2025-03-28T09:53:51Z,94.4
2025-03-28T09:54:51Z,93.9
2025-03-28T09:55:51Z,93.7
2025-03-28T09:56:51Z,93.2
2025-03-28T09:57:51Z,93.2
2025-03-28T09:58:51Z,93.2
2025-03-28T09:59:51Z,92.9
2025-03-28T10:00:51Z,92.8
2025-03-28T19:32:51Z,94.4
2025-03-28T19:33:51Z,94.9
2025-03-28T19:34:51Z,95.5
2025-03-28T19:35:51Z,95.6
2025-03-28T19:36:51Z,96.1
2025-03-28T19:37:51Z,96.0
2025-03-28T19:38:51Z,96.2
2025-03-28T19:39:51Z,96.5
2025-03-28T19:40:51Z,96.6
2025-03-28T19:41:51Z,96.7
2025-03-28T19:42:51Z,97.3
2025-03-28T19:43:51Z,97.3
2025-03-28T19:44:51Z,97.2
2025-03-28T19:46:51Z,97.4
2025-03-28T19:47:51Z,97.6
2025-03-28T19:48:51Z,97.7
2025-03-28T19:49:51Z,97.7
2025-03-28T19:51:51Z,97.3
2025-03-28T19:52:51Z,97.4
2025-03-28T19:53:51Z,97.5
2025-03-28T19:54:51Z,97.2
2025-03-28T19:55:51Z,97.5
2025-03-28T19:57:51Z,96.5
2025-03-28T19:58:51Z,96.0
2025-03-28T20:00:51Z,95.9
2025-03-28T20:01:51Z,95.3
2025-03-28T20:02:51Z,94.8
2025-03-28T20:03:51Z,94.4
2025-03-28T20:04:51Z,94.4
2025-03-28T20:05:51Z,94.6
2025-03-28T20:06:51Z,94.8
2025-03-28T20:07:51Z,94.7
2025-03-28T20:08:51Z,94.7
2025-03-28T20:10:51Z,95.2
2025-03-28T20:11:51Z,95.4
2025-03-28T20:14:51Z,96.3
2025-03-28T20:15:51Z,95.6
2025-03-28T20:16:51Z,95.3
2025-03-28T20:17:51Z,95.8
2025-03-28T20:18:51Z,95.9
2025-03-28T20:20:51Z,95.7
2025-03-28T20:22:51Z,96.0
2025-03-28T20:32:51Z,96.4
2025-03-29T04:43:50Z,94.4
2025-03-29T04:44:50Z,93.9
2025-03-29T04:45:50Z,94.2
2025-03-29T04:46:50Z,94.0
2025-03-29T04:48:50Z,93.7
2025-03-29T04:50:50Z,93.2
2025-03-29T05:06:50Z,97.0
2025-03-29T05:07:50Z,96.9
2025-03-29T05:09:50Z,96.7
2025-03-29T05:10:50Z,96.5
2025-03-29T05:11:50Z,96.5
2025-03-29T05:12:50Z,96.3
2025-03-29T05:13:50Z,96.4
2025-03-29T05:14:50Z,96.2
2025-03-29T05:17:50Z,96.2
2025-03-29T05:18:50Z,96.0
2025-03-29T05:19:50Z,96.0
2025-03-29T05:20:50Z,96.1
2025-03-29T05:22:50Z,96.0
2025-03-29T05:23:50Z,95.8
2025-03-29T05:24:50Z,95.7
2025-03-29T05:25:50Z,95.4
2025-03-29T05:27:50Z,95.2
2025-03-29T05:29:50Z,94.9
2025-03-29T05:30:50Z,94.6
2025-03-29T05:31:50Z,94.6
2025-03-29T05:32:50Z,94.2
2025-03-29T05:34:50Z,94.3
2025-03-29T05:35:50Z,93.9
2025-03-29T05:36:50Z,94.2
2025-03-29T05:37:50Z,94.0
2025-03-29T05:38:50Z,93.8
2025-03-29T05:39:50Z,93.9
2025-03-29T05:40:50Z,93.7
2025-03-29T05:41:50Z,93.9
2025-03-29T05:42:50Z,94.0
2025-03-29T05:43:50Z,94.1
2025-03-29T05:44:50Z,94.0
2025-03-29T05:45:50Z,94.1
2025-03-29T05:46:50Z,94.0
2025-03-29T05:47:50Z,94.1
2025-03-29T05:49:50Z,93.7
2025-03-29T05:50:50Z,93.2
2025-03-29T05:51:50Z,93.2
2025-03-29T05:52:50Z,93.3
2025-03-29T05:53:50Z,93.4
2025-03-29T05:55:50Z,93.4
2025-03-29T05:56:50Z,94.0
2025-03-29T05:57:50Z,93.5
2025-03-29T05:59:50Z,93.6
2025-03-29T06:01:50Z,93.5
2025-03-29T06:02:50Z,93.5
2025-03-29T06:03:50Z,93.4
2025-03-29T06:04:50Z,93.4
2025-03-29T06:05:50Z,93.4
2025-03-29T06:06:50Z,93.3
2025-03-29T06:07:50Z,93.4
2025-03-29T06:12:50Z,93.3
2025-03-29T06:14:50Z,93.1
2025-03-29T06:16:50Z,92.5
2025-03-29T06:17:50Z,92.5
2025-03-29T06:18:50Z,92.6
2025-03-29T06:19:50Z,92.6
2025-03-29T06:20:50Z,92.4
2025-03-29T06:21:50Z,92.6
2025-03-29T06:23:50Z,92.4
2025-03-29T06:24:50Z,93.9
2025-03-29T06:25:50Z,94.9
2025-03-29T06:29:50Z,95.2
2025-03-29T06:31:50Z,94.2
2025-03-29T06:32:50Z,92.9
2025-03-29T06:33:50Z,91.5
2025-03-29T06:57:50Z,95.7
2025-03-29T06:58:50Z,96.1
2025-03-29T06:59:50Z,96.0
2025-03-29T07:00:50Z,95.8
2025-03-29T07:01:50Z,96.1
2025-03-29T07:02:50Z,96.1
2025-03-29T07:03:50Z,96.4
2025-03-29T07:04:50Z,96.4
2025-03-29T07:05:50Z,96.2
2025-03-29T07:06:50Z,95.9
2025-03-29T07:07:50Z,96.1
2025-03-29T07:08:50Z,96.1
2025-03-29T07:09:50Z,96.2
2025-03-29T07:10:50Z,96.2
2025-03-29T07:11:50Z,96.2
2025-03-29T07:14:50Z,95.9
2025-03-29T07:15:50Z,95.8
2025-03-29T07:16:50Z,96.0
2025-03-29T07:18:50Z,96.2
2025-03-29T07:19:50Z,96.3
2025-03-29T07:20:50Z,96.7
2025-03-29T07:22:50Z,96.5
2025-03-29T07:23:50Z,96.3
2025-03-29T07:24:50Z,96.3
2025-03-29T07:25:50Z,96.4
2025-03-29T07:26:50Z,96.3
2025-03-29T07:27:50Z,96.5
2025-03-29T07:29:50Z,96.0
2025-03-29T07:30:50Z,95.5
2025-03-29T07:31:50Z,95.4
2025-03-29T07:33:50Z,95.3
2025-03-29T07:34:50Z,95.4
2025-03-29T07:35:50Z,95.4
2025-03-29T07:36:50Z,95.3
2025-03-29T07:37:50Z,95.1
2025-03-29T07:38:50Z,94.9
2025-03-29T07:40:50Z,94.8
2025-03-29T07:42:50Z,94.8
2025-03-29T07:43:50Z,94.6
2025-03-29T07:44:50Z,94.6
2025-03-29T07:45:50Z,94.5
2025-03-29T07:46:50Z,94.5
2025-03-29T07:47:50Z,94.5
2025-03-29T07:48:50Z,94.8
2025-03-29T07:49:50Z,94.4
2025-03-29T07:50:50Z,94.6
2025-03-29T07:51:50Z,94.7
2025-03-29T07:52:50Z,94.9
2025-03-29T07:53:50Z,94.8
2025-03-29T07:54:50Z,94.9
2025-03-29T07:55:50Z,94.8
2025-03-29T07:56:50Z,95.0
2025-03-29T07:57:50Z,95.1
2025-03-29T07:58:50Z,95.3
2025-03-29T07:59:50Z,95.3
2025-03-29T08:00:50Z,95.2
2025-03-29T08:01:50Z,94.8
2025-03-29T08:02:50Z,93.6
2025-03-29T08:03:50Z,92.5
2025-03-29T08:04:50Z,92.7
2025-03-29T08:05:50Z,93.1
2025-03-29T08:06:50Z,93.0
2025-03-29T08:19:50Z,93.1
2025-03-29T08:20:50Z,93.7
2025-03-29T08:21:50Z,94.2
2025-03-29T08:23:50Z,94.5
2025-03-29T08:24:50Z,94.6
2025-03-29T08:25:50Z,94.6
2025-03-29T08:26:50Z,94.4
2025-03-29T08:27:50Z,94.0
2025-03-29T08:28:50Z,94.1
2025-03-29T08:29:50Z,93.8
2025-03-29T08:30:50Z,93.6
2025-03-29T08:31:50Z,93.1
2025-03-29T08:32:50Z,93.0
2025-03-29T08:34:50Z,93.5
2025-03-29T08:35:50Z,93.9
2025-03-29T08:36:50Z,94.4
2025-03-29T08:37:50Z,95.2
2025-03-29T08:38:50Z,95.2
2025-03-29T08:39:50Z,95.2
2025-03-29T08:40:50Z,95.1
2025-03-29T08:42:50Z,94.7
2025-03-29T08:43:50Z,94.7
2025-03-29T08:46:50Z,95.4
2025-03-29T08:47:50Z,95.1
2025-03-29T08:48:50Z,96.1
2025-03-29T08:50:50Z,95.4
2025-03-29T08:51:50Z,92.7
2025-03-29T08:52:50Z,91.0
2025-03-29T08:53:50Z,90.3
2025-03-29T08:54:50Z,89.5
2025-03-29T08:55:50Z,87.6
2025-03-29T08:56:50Z,88.0
2025-03-29T08:57:50Z,88.7
2025-03-29T08:58:50Z,88.7
2025-03-29T09:00:50Z,90.3
2025-03-29T09:02:50Z,90.3
2025-03-29T09:03:50Z,91.1
2025-03-29T09:04:50Z,91.4
2025-03-29T09:06:50Z,91.5
2025-03-29T09:08:50Z,90.9
2025-03-29T09:09:50Z,91.9
2025-03-29T09:10:50Z,92.4
2025-03-29T09:12:50Z,92.8
2025-03-29T09:13:50Z,92.8
2025-03-29T09:14:50Z,92.5
2025-03-29T09:15:50Z,92.4
2025-03-29T09:16:50Z,92.1
2025-03-29T09:17:50Z,92.3
2025-03-29T09:18:50Z,92.6
2025-03-29T09:19:50Z,92.7
2025-03-29T09:20:50Z,92.5
2025-03-29T09:23:50Z,92.8
2025-03-29T09:24:50Z,92.5
