start time,end time
2025-07-01T00:02:00Z,2025-07-01T00:15:00Z
2025-07-01T00:18:00Z,2025-07-01T00:36:00Z
2025-07-01T00:47:00Z,2025-07-01T00:56:00Z
2025-07-01T01:10:00Z,2025-07-01T01:26:00Z
2025-07-01T01:56:00Z,2025-07-01T02:08:00Z
2025-07-01T02:47:00Z,2025-07-01T03:43:00Z
2025-07-01T03:48:00Z,2025-07-01T05:11:00Z
2025-07-01T05:29:00Z,2025-07-01T05:53:00Z
2025-07-01T06:18:00Z,2025-07-01T06:50:00Z
2025-07-01T06:55:00Z,2025-07-01T07:47:00Z
2025-07-01T09:43:00Z,2025-07-01T09:55:00Z
2025-07-01T23:52:00Z,2025-07-02T00:20:00Z
