timestamp,steps
2023-02-01T01:04:00Z,7
2023-02-01T01:10:00Z,7
2023-02-01T01:11:00Z,65
2023-02-01T01:12:00Z,31
2023-02-01T01:13:00Z,7
2023-02-01T01:14:00Z,20
2023-02-01T01:23:00Z,9
2023-02-01T01:24:00Z,2
2023-02-01T01:26:00Z,9
2023-02-01T01:29:00Z,8
2023-02-01T01:30:00Z,10
2023-02-01T01:38:00Z,72
2023-02-01T01:39:00Z,14
2023-02-01T01:40:00Z,7
2023-02-01T01:41:00Z,23
2023-02-01T01:42:00Z,11
2023-02-01T01:43:00Z,51
2023-02-01T01:44:00Z,84
2023-02-01T01:45:00Z,72
2023-02-01T01:46:00Z,29
2023-02-01T01:47:00Z,8
2023-02-01T01:52:00Z,4
2023-02-01T01:55:00Z,40
2023-02-01T01:56:00Z,54
2023-02-01T01:57:00Z,21
2023-02-01T01:58:00Z,20
2023-02-01T01:59:00Z,9
2023-02-01T02:00:00Z,64
2023-02-01T02:03:00Z,6
2023-02-01T02:13:00Z,3
2023-02-01T02:14:00Z,1
2023-02-01T02:15:00Z,17
2023-02-01T02:33:00Z,21
2023-02-01T02:34:00Z,56
2023-02-01T02:44:00Z,5
2023-02-01T02:45:00Z,8
2023-02-01T02:46:00Z,12
2023-02-01T02:47:00Z,12
2023-02-01T03:15:00Z,8
2023-02-01T03:16:00Z,80
2023-02-01T03:17:00Z,49
2023-02-01T03:18:00Z,11
2023-02-01T03:49:00Z,3
2023-02-01T04:46:00Z,5
2023-02-01T05:23:00Z,31
2023-02-01T05:24:00Z,55
2023-02-01T05:25:00Z,38
2023-02-01T05:31:00Z,19
2023-02-01T05:44:00Z,22
2023-02-01T05:50:00Z,28
2023-02-01T05:51:00Z,36
2023-02-01T05:52:00Z,72
2023-02-01T05:53:00Z,10
2023-02-01T06:20:00Z,4
2023-02-01T06:23:00Z,3
2023-02-01T06:29:00Z,5
2023-02-01T06:32:00Z,8
2023-02-01T06:33:00Z,5
2023-02-01T06:38:00Z,39
2023-02-01T06:40:00Z,4
2023-02-01T06:41:00Z,12
2023-02-01T06:43:00Z,27
2023-02-01T06:46:00Z,8
2023-02-01T06:49:00Z,28
2023-02-01T06:55:00Z,53
2023-02-01T06:56:00Z,15
2023-02-01T07:23:00Z,8
2023-02-01T07:24:00Z,10
2023-02-01T14:11:00Z,59
2023-02-01T14:12:00Z,13
2023-02-01T14:13:00Z,28
2023-02-01T14:14:00Z,21
2023-02-01T14:20:00Z,18
2023-02-01T14:27:00Z,23
2023-02-01T14:28:00Z,5
2023-02-01T14:40:00Z,3
2023-02-01T14:41:00Z,46
2023-02-01T14:42:00Z,33
2023-02-01T14:43:00Z,50
2023-02-01T14:44:00Z,74
2023-02-01T14:45:00Z,39
2023-02-01T15:06:00Z,23
2023-02-01T15:07:00Z,28
2023-02-01T15:08:00Z,31
2023-02-01T15:10:00Z,10
2023-02-01T15:56:00Z,3
2023-02-01T16:16:00Z,13
2023-02-01T16:19:00Z,11
2023-02-01T16:24:00Z,5
2023-02-01T16:32:00Z,16
2023-02-01T16:33:00Z,14
2023-02-01T16:56:00Z,4
2023-02-01T17:02:00Z,8
2023-02-01T17:23:00Z,7
2023-02-01T18:02:00Z,28
2023-02-01T18:03:00Z,27
2023-02-01T18:04:00Z,9
2023-02-01T18:09:00Z,40
2023-02-01T18:10:00Z,44
2023-02-01T18:11:00Z,21
2023-02-03T10:36:00Z,9
2023-02-03T10:37:00Z,64
2023-02-03T10:38:00Z,21
2023-02-03T10:39:00Z,2
2023-02-03T10:40:00Z,10
2023-02-03T10:41:00Z,37
2023-02-03T10:42:00Z,10
2023-02-03T10:43:00Z,11
2023-02-03T10:56:00Z,56
2023-02-03T10:57:00Z,49
2023-02-03T10:58:00Z,46
2023-02-03T11:10:00Z,43
2023-02-03T11:11:00Z,50
2023-02-03T11:12:00Z,84
2023-02-03T11:13:00Z,113
2023-02-03T11:14:00Z,115
2023-02-03T11:15:00Z,112
2023-02-03T11:16:00Z,110
2023-02-03T11:17:00Z,12
2023-02-03T11:18:00Z,4
2023-02-03T11:19:00Z,72
2023-02-03T11:20:00Z,38
2023-02-03T11:21:00Z,7
2023-02-03T11:23:00Z,38
2023-02-03T11:24:00Z,8
2023-02-03T11:25:00Z,34
2023-02-03T11:26:00Z,44
2023-02-03T11:27:00Z,118
2023-02-03T11:28:00Z,17
2023-02-03T11:29:00Z,2
2023-02-03T11:34:00Z,4
2023-02-03T11:40:00Z,10
2023-02-03T11:44:00Z,18
2023-02-03T11:45:00Z,4
2023-02-03T11:49:00Z,3
2023-02-03T11:51:00Z,6
2023-02-03T11:56:00Z,87
2023-02-03T11:57:00Z,36
2023-02-03T11:59:00Z,34
2023-02-03T12:00:00Z,15
2023-02-03T12:05:00Z,36
2023-02-03T12:06:00Z,123
2023-02-03T12:07:00Z,161
2023-02-03T12:08:00Z,163
2023-02-03T12:09:00Z,165
2023-02-03T12:10:00Z,167
2023-02-03T12:11:00Z,121
2023-02-03T12:12:00Z,15
2023-02-03T12:13:00Z,6
2023-02-03T12:15:00Z,4
2023-02-03T12:16:00Z,24
2023-02-03T12:19:00Z,6
2023-02-03T12:22:00Z,24
2023-02-03T12:23:00Z,63
2023-02-03T12:26:00Z,6
2023-02-03T12:34:00Z,22
2023-02-03T12:38:00Z,43
2023-02-03T12:51:00Z,78
2023-02-03T12:52:00Z,87
2023-02-03T12:58:00Z,28
2023-02-03T13:00:00Z,10
2023-02-03T13:01:00Z,5
2023-02-03T13:04:00Z,7
2023-02-03T13:20:00Z,7
2023-02-03T13:21:00Z,59
2023-02-03T13:23:00Z,10
2023-02-03T13:24:00Z,10
2023-02-03T13:25:00Z,18
2023-02-03T13:26:00Z,6
2023-02-03T13:29:00Z,12
2023-02-03T13:30:00Z,10
2023-02-03T13:31:00Z,1
2023-02-03T13:32:00Z,64
2023-02-03T13:33:00Z,13
2023-02-03T13:34:00Z,17
2023-02-03T13:35:00Z,30
2023-02-03T13:36:00Z,2
2023-02-03T13:37:00Z,27
2023-02-03T13:38:00Z,33
2023-02-03T13:39:00Z,8
2023-02-03T13:40:00Z,80
2023-02-03T13:41:00Z,43
2023-02-03T13:46:00Z,13
2023-02-03T13:53:00Z,12
2023-02-03T13:54:00Z,5
2023-02-03T13:56:00Z,9
2023-02-03T13:57:00Z,4
2023-02-03T14:00:00Z,23
2023-02-03T14:02:00Z,17
2023-02-03T14:06:00Z,26
2023-02-03T14:13:00Z,47
2023-02-03T14:16:00Z,6
2023-02-03T14:18:00Z,2
2023-02-03T14:19:00Z,66
2023-02-03T14:20:00Z,34
2023-02-03T14:21:00Z,53
2023-02-03T14:22:00Z,38
2023-02-03T14:23:00Z,31
2023-02-03T14:44:00Z,16
2023-02-03T14:45:00Z,32
2023-02-03T17:49:00Z,4
2023-02-03T17:50:00Z,72
2023-02-03T23:58:00Z,38
2023-02-03T23:59:00Z,20
2023-02-04T00:01:00Z,6
2023-02-04T00:04:00Z,13
2023-02-04T00:05:00Z,19
2023-02-04T00:12:00Z,21
2023-02-04T00:13:00Z,34
2023-02-04T00:15:00Z,53
2023-02-04T00:16:00Z,10
2023-02-04T00:19:00Z,8
2023-02-04T00:20:00Z,74
2023-02-04T00:21:00Z,34
2023-02-04T00:22:00Z,29
2023-02-04T00:23:00Z,57
2023-02-04T00:24:00Z,4
2023-02-04T00:25:00Z,20
2023-02-04T00:28:00Z,1
2023-02-04T00:29:00Z,17
2023-02-04T00:30:00Z,40
2023-02-04T00:33:00Z,11
2023-02-04T00:41:00Z,18
2023-02-04T00:42:00Z,28
2023-02-04T00:43:00Z,32
2023-02-04T00:45:00Z,17
2023-02-04T00:46:00Z,2
2023-02-04T00:52:00Z,42
2023-02-04T00:53:00Z,13
2023-02-04T00:56:00Z,45
2023-02-04T00:57:00Z,114
2023-02-04T00:58:00Z,114
2023-02-04T00:59:00Z,30
2023-02-04T01:01:00Z,14
2023-02-04T01:02:00Z,40
2023-02-04T01:03:00Z,101
2023-02-04T01:04:00Z,2
2023-02-04T01:13:00Z,22
2023-02-04T01:14:00Z,77
2023-02-04T01:15:00Z,51
2023-02-04T01:16:00Z,9
2023-02-04T01:22:00Z,5
2023-02-04T01:23:00Z,5
2023-02-04T01:38:00Z,22
2023-02-04T01:40:00Z,5
2023-02-04T01:45:00Z,41
2023-02-04T01:46:00Z,10
2023-02-04T01:49:00Z,8
2023-02-04T01:53:00Z,11
2023-02-04T01:54:00Z,9
2023-02-04T01:55:00Z,34
2023-02-04T02:01:00Z,8
2023-02-04T02:02:00Z,20
2023-02-04T02:03:00Z,8
2023-02-04T02:04:00Z,20
2023-02-04T02:06:00Z,5
2023-02-04T02:09:00Z,40
2023-02-04T02:10:00Z,65
2023-02-04T02:11:00Z,53
2023-02-04T02:50:00Z,5
2023-02-04T03:46:00Z,7
2023-02-04T04:11:00Z,3
2023-02-04T04:47:00Z,66
2023-02-04T04:48:00Z,61
2023-02-04T04:55:00Z,34
2023-02-04T04:56:00Z,21
2023-02-04T04:57:00Z,15
2023-02-04T04:58:00Z,11
2023-02-04T04:59:00Z,2
2023-02-04T05:00:00Z,11
2023-02-04T05:01:00Z,7
2023-02-04T05:02:00Z,13
2023-02-04T05:03:00Z,38
2023-02-04T05:04:00Z,1
2023-02-04T05:05:00Z,11
2023-02-04T05:17:00Z,4
2023-02-04T05:19:00Z,5
2023-02-04T05:30:00Z,5
2023-02-04T05:33:00Z,8
2023-02-04T05:34:00Z,33
2023-02-04T05:35:00Z,12
2023-02-04T06:12:00Z,17
2023-02-04T06:56:00Z,9
2023-02-04T06:57:00Z,61
2023-02-04T06:58:00Z,15
2023-02-04T06:59:00Z,71
2023-02-04T07:00:00Z,57
2023-02-04T07:01:00Z,22
2023-02-04T07:02:00Z,9
2023-02-04T07:03:00Z,13
2023-02-04T07:05:00Z,4
2023-02-04T07:07:00Z,83
2023-02-04T07:08:00Z,63
2023-02-04T07:09:00Z,91
2023-02-04T07:10:00Z,102
2023-02-04T07:11:00Z,102
2023-02-04T07:12:00Z,102
2023-02-04T07:13:00Z,105
2023-02-04T07:14:00Z,111
2023-02-04T07:15:00Z,110
2023-02-04T07:16:00Z,112
2023-02-04T07:17:00Z,96
2023-02-04T07:18:00Z,80
2023-02-04T07:19:00Z,75
2023-02-04T07:20:00Z,26
2023-02-04T07:21:00Z,69
2023-02-04T07:22:00Z,58
2023-02-04T07:23:00Z,37
2023-02-04T07:24:00Z,12
2023-02-04T07:25:00Z,86
2023-02-04T07:26:00Z,125
2023-02-04T07:37:00Z,5
2023-02-04T07:40:00Z,18
2023-02-04T07:43:00Z,22
2023-02-04T07:44:00Z,3
2023-02-04T07:50:00Z,11
2023-02-04T07:56:00Z,22
2023-02-04T07:57:00Z,4
2023-02-04T08:00:00Z,9
2023-02-04T08:03:00Z,36
2023-02-04T08:09:00Z,41
2023-02-04T08:10:00Z,6
2023-02-04T08:12:00Z,27
2023-02-04T08:13:00Z,106
2023-02-04T08:14:00Z,157
2023-02-04T08:15:00Z,162
2023-02-04T08:16:00Z,166
2023-02-04T08:17:00Z,166
2023-02-04T08:18:00Z,124
2023-02-04T08:19:00Z,33
2023-02-04T08:20:00Z,105
2023-02-04T08:21:00Z,18
2023-02-04T08:23:00Z,97
2023-02-04T08:24:00Z,6
2023-02-04T08:28:00Z,4
2023-02-04T08:29:00Z,95
2023-02-04T08:40:00Z,9
2023-02-04T08:41:00Z,21
2023-02-04T08:42:00Z,65
2023-02-04T08:48:00Z,39
2023-02-04T08:49:00Z,20
2023-02-04T08:50:00Z,27
2023-02-04T08:57:00Z,30
2023-02-04T08:58:00Z,42
2023-02-04T08:59:00Z,46
2023-02-04T09:00:00Z,42
2023-02-04T09:01:00Z,11
2023-02-04T09:05:00Z,15
2023-02-04T09:08:00Z,20
2023-02-04T09:09:00Z,10
2023-02-04T09:10:00Z,11
2023-02-04T09:11:00Z,11
2023-02-04T09:12:00Z,76
2023-02-04T09:13:00Z,32
2023-02-04T09:14:00Z,6
2023-02-04T09:15:00Z,20
2023-02-04T09:19:00Z,41
2023-02-04T09:20:00Z,12
2023-02-04T09:30:00Z,10
2023-02-04T09:31:00Z,8
2023-02-04T09:47:00Z,5
2023-02-04T09:49:00Z,17
2023-02-04T09:58:00Z,17
2023-02-04T09:59:00Z,3
2023-02-04T10:00:00Z,14
2023-02-04T10:01:00Z,21
2023-02-04T10:02:00Z,39
2023-02-04T10:05:00Z,1
2023-02-04T10:06:00Z,43
2023-02-04T10:07:00Z,34
2023-02-04T10:10:00Z,32
2023-02-04T10:13:00Z,11
2023-02-04T10:18:00Z,19
2023-02-04T10:20:00Z,10
2023-02-04T10:22:00Z,10
2023-02-04T10:24:00Z,22
2023-02-04T10:25:00Z,12
2023-02-04T10:26:00Z,13
2023-02-04T10:27:00Z,3
2023-02-04T10:28:00Z,60
2023-02-04T10:33:00Z,2
2023-02-04T10:34:00Z,7
2023-02-04T10:36:00Z,15
2023-02-04T10:38:00Z,35
2023-02-04T10:39:00Z,21
2023-02-04T10:53:00Z,24
2023-02-04T10:54:00Z,41
2023-02-04T10:55:00Z,37
2023-02-04T10:57:00Z,13
2023-02-04T11:01:00Z,23
2023-02-04T11:11:00Z,20
2023-02-04T11:12:00Z,15
2023-02-04T11:15:00Z,7
2023-02-04T11:16:00Z,23
2023-02-04T11:26:00Z,9
2023-02-04T11:28:00Z,5
2023-02-04T11:30:00Z,7
2023-02-04T11:33:00Z,14
2023-02-04T11:36:00Z,45
2023-02-04T11:37:00Z,28
2023-02-04T11:38:00Z,9
2023-02-04T11:39:00Z,17
2023-02-04T11:41:00Z,9
2023-02-04T11:45:00Z,7
2023-02-04T11:48:00Z,13
2023-02-04T11:49:00Z,9
2023-02-04T12:01:00Z,7
2023-02-04T12:03:00Z,6
2023-02-04T12:04:00Z,13
2023-02-04T12:05:00Z,5
2023-02-04T12:06:00Z,37
2023-02-04T12:07:00Z,15
2023-02-04T12:08:00Z,11
2023-02-04T12:09:00Z,10
2023-02-04T12:16:00Z,22
2023-02-04T12:17:00Z,8
2023-02-04T12:19:00Z,9
2023-02-04T12:25:00Z,9
2023-02-04T12:33:00Z,9
2023-02-04T12:39:00Z,22
2023-02-04T12:40:00Z,3
2023-02-04T12:42:00Z,8
2023-02-04T12:44:00Z,10
2023-02-04T12:46:00Z,20
2023-02-04T12:55:00Z,12
2023-02-04T12:57:00Z,6
2023-02-04T12:58:00Z,19
2023-02-04T12:59:00Z,10
2023-02-04T13:00:00Z,13
2023-02-04T13:01:00Z,18
2023-02-04T13:02:00Z,26
2023-02-04T13:04:00Z,8
2023-02-04T13:06:00Z,9
2023-02-04T13:07:00Z,51
2023-02-04T13:08:00Z,10
2023-02-04T13:09:00Z,9
2023-02-04T13:13:00Z,21
2023-02-04T13:14:00Z,32
2023-02-04T13:23:00Z,7
2023-02-04T13:24:00Z,24
2023-02-04T13:25:00Z,2
2023-02-04T13:26:00Z,7
2023-02-04T13:41:00Z,31
2023-02-04T13:43:00Z,25
2023-02-04T13:44:00Z,8
2023-02-04T13:45:00Z,3
2023-02-04T13:47:00Z,5
2023-02-04T13:50:00Z,2
2023-02-04T13:53:00Z,30
2023-02-04T13:54:00Z,10
2023-02-04T13:56:00Z,4
2023-02-04T14:00:00Z,30
2023-02-04T14:02:00Z,10
2023-02-04T14:11:00Z,6
2023-02-04T14:12:00Z,4
2023-02-04T14:22:00Z,37
2023-02-04T14:23:00Z,16
2023-02-04T14:26:00Z,9
2023-02-04T14:37:00Z,10
2023-02-04T14:38:00Z,75
2023-02-04T14:39:00Z,4
2023-02-04T14:40:00Z,13
2023-02-04T14:46:00Z,7
2023-02-04T14:47:00Z,8
2023-02-04T14:55:00Z,7
2023-02-04T14:56:00Z,5
2023-02-05T00:11:00Z,8
2023-02-05T00:24:00Z,6
2023-02-05T00:25:00Z,32
2023-02-05T00:26:00Z,43
2023-02-05T01:45:00Z,38
2023-02-05T01:46:00Z,58
2023-02-05T01:47:00Z,23
2023-02-05T01:48:00Z,18
2023-02-05T02:04:00Z,37
2023-02-05T02:05:00Z,56
2023-02-05T02:10:00Z,4
2023-02-05T02:11:00Z,82
2023-02-05T02:13:00Z,54
2023-02-05T02:14:00Z,19
2023-02-05T02:15:00Z,17
2023-02-05T02:16:00Z,15
2023-02-05T02:17:00Z,45
2023-02-05T02:21:00Z,46
2023-02-05T02:22:00Z,62
2023-02-05T02:23:00Z,3
2023-02-05T02:25:00Z,7
2023-02-05T02:26:00Z,25
2023-02-05T02:27:00Z,95
2023-02-05T02:28:00Z,36
2023-02-05T02:29:00Z,30
2023-02-05T02:30:00Z,10
2023-02-05T02:53:00Z,6
2023-02-05T02:54:00Z,22
2023-02-05T03:11:00Z,7
2023-02-05T03:14:00Z,20
2023-02-05T03:15:00Z,1
2023-02-05T03:16:00Z,14
2023-02-05T03:17:00Z,25
2023-02-05T03:19:00Z,10
2023-02-05T03:20:00Z,32
2023-02-05T03:21:00Z,49
2023-02-05T03:22:00Z,64
2023-02-05T03:23:00Z,44
2023-02-05T03:29:00Z,2
2023-02-05T03:32:00Z,12
2023-02-05T03:33:00Z,14
2023-02-05T03:34:00Z,43
2023-02-05T03:39:00Z,6
2023-02-05T03:42:00Z,20
2023-02-05T03:44:00Z,1
2023-02-05T03:45:00Z,32
2023-02-05T03:46:00Z,33
2023-02-05T03:47:00Z,14
2023-02-05T04:19:00Z,45
2023-02-05T04:22:00Z,16
2023-02-05T04:23:00Z,48
2023-02-05T04:25:00Z,4
2023-02-05T04:27:00Z,6
2023-02-05T04:28:00Z,14
2023-02-05T04:41:00Z,65
2023-02-05T04:42:00Z,14
2023-02-05T04:45:00Z,15
2023-02-05T04:47:00Z,28
2023-02-05T04:54:00Z,3
2023-02-05T05:04:00Z,34
2023-02-05T05:08:00Z,17
2023-02-05T05:09:00Z,31
2023-02-05T05:17:00Z,7
2023-02-05T05:27:00Z,15
2023-02-05T05:28:00Z,14
2023-02-05T05:29:00Z,59
2023-02-05T05:30:00Z,12
2023-02-05T05:33:00Z,4
2023-02-05T05:34:00Z,11
2023-02-05T05:44:00Z,42
2023-02-05T05:45:00Z,48
2023-02-05T05:51:00Z,4
2023-02-05T05:52:00Z,10
2023-02-05T06:03:00Z,11
2023-02-05T06:17:00Z,17
2023-02-05T06:18:00Z,16
2023-02-05T06:19:00Z,6
2023-02-05T06:20:00Z,7
2023-02-05T06:21:00Z,6
2023-02-05T06:30:00Z,19
2023-02-05T06:37:00Z,34
2023-02-05T06:44:00Z,26
2023-02-05T07:24:00Z,20
2023-02-05T07:31:00Z,22
2023-02-05T07:37:00Z,3
2023-02-05T07:38:00Z,18
2023-02-05T07:39:00Z,52
2023-02-05T07:40:00Z,26
2023-02-05T07:42:00Z,40
2023-02-05T07:45:00Z,25
2023-02-05T07:47:00Z,14
2023-02-05T07:55:00Z,51
2023-02-05T08:13:00Z,12
2023-02-05T08:14:00Z,64
2023-02-05T08:15:00Z,46
2023-02-05T08:16:00Z,50
2023-02-05T08:17:00Z,15
2023-02-05T08:18:00Z,6
2023-02-05T08:25:00Z,71
2023-02-05T08:26:00Z,47
2023-02-05T08:27:00Z,37
2023-02-05T08:28:00Z,36
2023-02-05T08:32:00Z,37
2023-02-05T08:33:00Z,23
2023-02-05T08:34:00Z,56
2023-02-05T08:35:00Z,54
2023-02-05T08:36:00Z,7
2023-02-05T08:37:00Z,16
2023-02-05T08:45:00Z,17
2023-02-05T08:46:00Z,96
2023-02-05T08:47:00Z,64
2023-02-05T08:48:00Z,86
2023-02-05T08:49:00Z,71
2023-02-05T08:52:00Z,3
2023-02-05T08:53:00Z,5
2023-02-05T08:54:00Z,14
2023-02-05T08:55:00Z,2
2023-02-05T08:56:00Z,29
2023-02-05T08:57:00Z,40
2023-02-05T08:58:00Z,37
2023-02-05T08:59:00Z,76
2023-02-05T09:00:00Z,52
2023-02-05T09:06:00Z,60
2023-02-05T09:07:00Z,51
2023-02-05T09:08:00Z,26
2023-02-05T09:09:00Z,65
2023-02-05T09:10:00Z,72
2023-02-05T09:11:00Z,24
2023-02-05T09:12:00Z,29
2023-02-05T09:13:00Z,100
2023-02-05T09:14:00Z,119
2023-02-05T09:15:00Z,160
2023-02-05T09:16:00Z,159
2023-02-05T09:17:00Z,159
2023-02-05T09:18:00Z,163
2023-02-05T09:19:00Z,138
2023-02-05T09:21:00Z,45
2023-02-05T09:22:00Z,103
2023-02-05T09:23:00Z,96
2023-02-05T09:24:00Z,22
2023-02-05T09:25:00Z,33
2023-02-05T09:26:00Z,3
2023-02-05T09:32:00Z,1
2023-02-05T09:33:00Z,6
2023-02-05T09:34:00Z,27
2023-02-05T09:35:00Z,73
2023-02-05T09:36:00Z,56
2023-02-05T09:37:00Z,23
2023-02-05T09:39:00Z,44
2023-02-05T09:42:00Z,13
2023-02-05T09:47:00Z,12
2023-02-05T09:50:00Z,7
2023-02-05T09:57:00Z,12
2023-02-05T09:58:00Z,78
2023-02-05T09:59:00Z,62
2023-02-05T10:00:00Z,54
2023-02-05T10:01:00Z,67
2023-02-05T10:07:00Z,7
2023-02-05T10:08:00Z,41
2023-02-05T10:09:00Z,32
2023-02-05T10:10:00Z,72
2023-02-05T10:19:00Z,15
2023-02-05T10:20:00Z,103
2023-02-05T10:21:00Z,34
2023-02-05T10:24:00Z,12
2023-02-05T10:27:00Z,13
2023-02-05T10:28:00Z,16
2023-02-05T10:29:00Z,39
2023-02-05T10:30:00Z,67
2023-02-05T10:31:00Z,46
2023-02-05T10:32:00Z,56
2023-02-05T10:33:00Z,11
2023-02-05T10:34:00Z,12
2023-02-05T10:38:00Z,42
2023-02-05T10:49:00Z,14
2023-02-05T11:05:00Z,22
2023-02-05T11:06:00Z,11
2023-02-05T11:07:00Z,62
2023-02-05T11:09:00Z,21
2023-02-05T11:10:00Z,62
2023-02-05T11:11:00Z,28
2023-02-05T11:12:00Z,7
2023-02-05T11:22:00Z,32
2023-02-05T11:23:00Z,4
2023-02-05T11:28:00Z,19
2023-02-05T11:30:00Z,6
2023-02-05T11:39:00Z,25
2023-02-05T11:41:00Z,6
2023-02-05T11:44:00Z,3
2023-02-05T11:45:00Z,24
2023-02-05T11:46:00Z,66
2023-02-05T11:47:00Z,57
2023-02-05T11:48:00Z,50
2023-02-05T11:49:00Z,8
2023-02-05T11:50:00Z,75
2023-02-05T11:51:00Z,35
2023-02-05T11:52:00Z,6
2023-02-05T11:54:00Z,8
2023-02-05T12:08:00Z,4
2023-02-05T12:09:00Z,10
2023-02-05T12:10:00Z,4
2023-02-05T12:15:00Z,10
2023-02-05T12:17:00Z,10
2023-02-05T12:25:00Z,7
2023-02-05T12:27:00Z,12
2023-02-05T12:28:00Z,27
2023-02-05T12:29:00Z,12
2023-02-05T12:30:00Z,21
2023-02-05T12:31:00Z,50
2023-02-05T12:44:00Z,3
2023-02-05T12:45:00Z,29
2023-02-05T12:46:00Z,42
2023-02-05T12:49:00Z,8
2023-02-05T12:51:00Z,4
2023-02-05T12:52:00Z,26
2023-02-05T12:55:00Z,10
2023-02-05T12:58:00Z,75
2023-02-05T12:59:00Z,54
2023-02-05T13:00:00Z,47
2023-02-05T13:01:00Z,35
2023-02-05T13:02:00Z,96
2023-02-05T13:03:00Z,30
2023-02-05T13:07:00Z,3
2023-02-05T13:46:00Z,6
2023-02-05T14:02:00Z,25
2023-02-05T14:06:00Z,44
2023-02-05T14:07:00Z,42
2023-02-05T14:08:00Z,16
2023-02-05T14:12:00Z,5
2023-02-05T14:21:00Z,27
2023-02-05T14:22:00Z,29
2023-02-05T14:33:00Z,4
2023-02-05T14:35:00Z,27
2023-02-05T14:36:00Z,3
2023-02-05T14:37:00Z,54
2023-02-05T14:38:00Z,30
2023-02-05T14:39:00Z,61
2023-02-05T14:46:00Z,41
2023-02-05T14:47:00Z,47
2023-02-05T14:48:00Z,10
2023-02-05T14:52:00Z,36
2023-02-05T14:54:00Z,59
2023-02-05T14:55:00Z,10
2023-02-05T14:57:00Z,3
2023-02-05T14:58:00Z,10
2023-02-05T14:59:00Z,11
2023-02-05T15:00:00Z,1
2023-02-05T15:02:00Z,19
2023-02-05T15:03:00Z,39
2023-02-05T15:04:00Z,31
2023-02-05T15:05:00Z,43
2023-02-05T15:06:00Z,22
2023-02-05T15:07:00Z,30
2023-02-06T05:01:00Z,10
2023-02-06T05:05:00Z,8
2023-02-06T05:06:00Z,25
2023-02-06T05:07:00Z,24
2023-02-06T05:09:00Z,3
2023-02-06T05:10:00Z,41
2023-02-06T05:14:00Z,7
2023-02-06T05:15:00Z,13
2023-02-06T05:21:00Z,4
2023-02-06T05:38:00Z,10
2023-02-06T05:40:00Z,10
2023-02-06T05:41:00Z,8
2023-02-06T05:42:00Z,25
2023-02-06T05:43:00Z,37
2023-02-06T05:44:00Z,9
2023-02-06T05:45:00Z,48
2023-02-06T06:45:00Z,3
2023-02-06T06:46:00Z,5
2023-02-06T07:21:00Z,41
2023-02-06T07:22:00Z,40
2023-02-06T07:25:00Z,10
2023-02-06T07:26:00Z,45
2023-02-06T07:28:00Z,6
2023-02-06T07:48:00Z,5
2023-02-06T07:49:00Z,9
2023-02-06T07:50:00Z,54
2023-02-06T07:53:00Z,91
2023-02-06T07:54:00Z,6
2023-02-06T07:57:00Z,5
2023-02-06T07:58:00Z,3
2023-02-06T07:59:00Z,66
2023-02-06T08:00:00Z,72
2023-02-06T08:01:00Z,73
2023-02-06T08:02:00Z,102
2023-02-06T08:03:00Z,42
2023-02-06T08:05:00Z,92
2023-02-06T08:07:00Z,100
2023-02-06T08:08:00Z,92
2023-02-06T08:09:00Z,64
2023-02-06T08:10:00Z,53
2023-02-06T08:11:00Z,35
2023-02-06T08:12:00Z,88
2023-02-06T08:13:00Z,117
2023-02-06T08:14:00Z,68
2023-02-06T08:15:00Z,2
2023-02-06T08:17:00Z,22
2023-02-06T08:21:00Z,13
2023-02-06T08:23:00Z,3
2023-02-06T08:27:00Z,57
2023-02-06T08:28:00Z,53
2023-02-06T08:29:00Z,33
2023-02-06T08:34:00Z,45
2023-02-06T08:35:00Z,35
2023-02-06T08:37:00Z,1
2023-02-06T08:38:00Z,72
2023-02-06T08:39:00Z,24
2023-02-06T08:41:00Z,30
2023-02-06T08:45:00Z,46
2023-02-06T08:46:00Z,44
2023-02-06T08:50:00Z,17
2023-02-06T08:51:00Z,9
2023-02-06T08:53:00Z,7
2023-02-06T08:54:00Z,53
2023-02-06T08:55:00Z,96
2023-02-06T08:56:00Z,94
2023-02-06T08:57:00Z,70
2023-02-06T08:58:00Z,51
2023-02-06T08:59:00Z,29
2023-02-06T09:02:00Z,36
2023-02-06T09:03:00Z,34
2023-02-06T09:04:00Z,65
2023-02-06T09:08:00Z,59
2023-02-06T09:48:00Z,53
2023-02-08T08:14:00Z,72
2023-02-08T08:15:00Z,152
2023-02-08T08:16:00Z,165
2023-02-08T08:17:00Z,169
2023-02-08T08:18:00Z,119
2023-02-08T08:19:00Z,109
2023-02-08T08:20:00Z,105
2023-02-08T08:21:00Z,60
2023-02-08T08:22:00Z,70
2023-02-08T08:23:00Z,29
2023-02-08T08:24:00Z,121
2023-02-08T08:25:00Z,104
2023-02-08T08:26:00Z,30
2023-02-08T08:27:00Z,13
2023-02-08T08:33:00Z,8
2023-02-08T08:34:00Z,13
2023-02-08T08:36:00Z,26
2023-02-08T08:37:00Z,38
2023-02-08T08:38:00Z,67
2023-02-08T08:39:00Z,70
2023-02-08T08:40:00Z,83
2023-02-08T08:41:00Z,71
2023-02-08T08:42:00Z,43
2023-02-08T08:43:00Z,21
2023-02-08T08:44:00Z,32
2023-02-08T08:45:00Z,3
2023-02-08T08:47:00Z,63
2023-02-08T08:48:00Z,118
2023-02-08T08:49:00Z,102
2023-02-08T08:50:00Z,11
2023-02-08T08:51:00Z,30
2023-02-08T08:53:00Z,65
2023-02-08T08:54:00Z,107
2023-02-08T08:55:00Z,91
2023-02-08T08:56:00Z,1
2023-02-08T08:57:00Z,24
2023-02-08T08:59:00Z,69
2023-02-08T09:00:00Z,12
2023-02-08T09:02:00Z,20
2023-02-08T09:03:00Z,3
2023-02-08T09:04:00Z,82
2023-02-08T09:05:00Z,100
2023-02-08T09:06:00Z,98
2023-02-08T09:07:00Z,99
2023-02-08T09:08:00Z,37
2023-02-08T09:09:00Z,9
2023-02-08T09:10:00Z,47
2023-02-08T09:11:00Z,50
2023-02-08T09:12:00Z,1
2023-02-08T09:13:00Z,9
2023-02-08T09:20:00Z,27
2023-02-08T09:29:00Z,10
2023-02-08T09:30:00Z,14
2023-02-08T09:31:00Z,8
2023-02-08T09:32:00Z,17
2023-02-08T09:33:00Z,89
2023-02-08T09:34:00Z,4
2023-02-08T09:40:00Z,20
2023-02-08T09:41:00Z,10
2023-02-08T09:43:00Z,1
2023-02-08T09:44:00Z,7
2023-02-08T09:56:00Z,11
2023-02-08T09:57:00Z,10
2023-02-08T10:02:00Z,13
2023-02-08T10:07:00Z,4
2023-02-08T10:12:00Z,8
2023-02-08T10:16:00Z,6
2023-02-08T10:17:00Z,9
2023-02-08T10:18:00Z,32
2023-02-08T10:20:00Z,13
2023-02-08T10:24:00Z,4
2023-02-08T10:25:00Z,15
2023-02-08T10:26:00Z,17
2023-02-08T10:32:00Z,3
2023-02-08T10:44:00Z,65
2023-02-08T10:45:00Z,1
2023-02-08T10:47:00Z,9
2023-02-08T10:49:00Z,24
2023-02-08T10:50:00Z,32
2023-02-08T10:51:00Z,22
2023-02-08T10:52:00Z,25
2023-02-08T10:57:00Z,61
2023-02-08T10:58:00Z,24
2023-02-08T11:00:00Z,41
2023-02-08T11:01:00Z,14
2023-02-08T11:08:00Z,7
2023-02-08T11:17:00Z,7
2023-02-08T11:27:00Z,16
2023-02-08T11:34:00Z,7
2023-02-08T11:36:00Z,22
2023-02-08T11:43:00Z,2
2023-02-08T11:44:00Z,29
2023-02-08T11:45:00Z,15
2023-02-08T11:46:00Z,43
2023-02-08T11:48:00Z,4
2023-02-08T11:53:00Z,6
2023-02-08T11:58:00Z,9
2023-02-08T11:59:00Z,7
2023-02-08T12:00:00Z,20
2023-02-08T12:04:00Z,36
2023-02-08T12:06:00Z,8
2023-02-08T12:08:00Z,12
2023-02-08T12:09:00Z,5
2023-02-08T12:10:00Z,28
2023-02-08T12:11:00Z,9
2023-02-08T12:12:00Z,9
2023-02-08T12:13:00Z,26
2023-02-08T12:14:00Z,28
2023-02-08T12:15:00Z,70
2023-02-08T12:16:00Z,8
2023-02-08T12:24:00Z,30
2023-02-08T12:25:00Z,11
2023-02-08T12:26:00Z,5
2023-02-08T12:31:00Z,5
2023-02-08T12:35:00Z,5
2023-02-08T12:37:00Z,26
2023-02-08T12:40:00Z,32
2023-02-08T12:43:00Z,6
2023-02-08T12:48:00Z,23
2023-02-08T12:50:00Z,16
2023-02-08T12:51:00Z,30
2023-02-08T12:52:00Z,22
2023-02-08T12:54:00Z,39
2023-02-08T13:16:00Z,21
2023-02-08T13:21:00Z,31
2023-02-08T13:22:00Z,2
2023-02-08T13:29:00Z,8
2023-02-08T13:32:00Z,6
2023-02-08T13:46:00Z,13
2023-02-08T13:47:00Z,8
2023-02-08T13:51:00Z,6
2023-02-08T13:52:00Z,2
2023-02-08T13:53:00Z,17
2023-02-08T13:58:00Z,14
2023-02-08T14:00:00Z,2
2023-02-08T14:03:00Z,8
2023-02-08T14:06:00Z,2
2023-02-08T14:07:00Z,2
2023-02-08T14:08:00Z,6
2023-02-08T14:20:00Z,6
2023-02-08T14:26:00Z,18
2023-02-08T14:32:00Z,7
2023-02-08T14:35:00Z,11
2023-02-08T14:36:00Z,2
2023-02-08T14:37:00Z,22
2023-02-08T14:38:00Z,3
2023-02-08T14:39:00Z,5
2023-02-08T14:40:00Z,12
2023-02-08T14:43:00Z,16
2023-02-08T14:44:00Z,12
2023-02-08T14:45:00Z,26
2023-02-08T14:46:00Z,106
2023-02-08T14:47:00Z,35
2023-02-08T14:48:00Z,43
2023-02-08T14:49:00Z,2
2023-02-08T14:56:00Z,51
2023-02-08T14:57:00Z,8
2023-02-08T14:58:00Z,71
2023-02-08T14:59:00Z,42
2023-02-08T15:05:00Z,6
2023-02-08T15:07:00Z,6
2023-02-08T15:08:00Z,15
2023-02-08T15:09:00Z,9
2023-02-08T15:25:00Z,21
2023-02-08T15:26:00Z,64
2023-02-08T15:27:00Z,17
2023-02-08T15:28:00Z,3
2023-02-08T15:29:00Z,39
2023-02-08T15:31:00Z,12
2023-02-08T16:09:00Z,8
2023-02-08T16:10:00Z,7
2023-02-08T16:31:00Z,11
2023-02-08T16:32:00Z,27
2023-02-08T16:33:00Z,22
2023-02-08T16:34:00Z,6
2023-02-08T16:43:00Z,5
2023-02-08T16:46:00Z,11
2023-02-09T07:57:00Z,16
2023-02-09T07:59:00Z,22
2023-02-09T08:05:00Z,41
2023-02-09T08:06:00Z,66
2023-02-09T08:07:00Z,59
2023-02-09T08:08:00Z,140
2023-02-09T08:09:00Z,156
2023-02-09T08:10:00Z,167
2023-02-09T08:11:00Z,165
2023-02-09T08:12:00Z,116
2023-02-09T08:13:00Z,97
2023-02-09T08:14:00Z,91
2023-02-09T08:15:00Z,49
2023-02-09T08:16:00Z,45
2023-02-09T08:17:00Z,37
2023-02-09T08:18:00Z,145
2023-02-09T08:19:00Z,106
2023-02-09T08:20:00Z,52
2023-02-09T08:21:00Z,16
2023-02-09T08:22:00Z,7
2023-02-09T08:23:00Z,38
2023-02-09T08:24:00Z,57
2023-02-09T08:25:00Z,7
2023-02-09T08:28:00Z,23
2023-02-09T08:29:00Z,51
2023-02-09T08:30:00Z,17
2023-02-09T08:33:00Z,20
2023-02-09T08:34:00Z,54
2023-02-09T08:35:00Z,20
2023-02-09T08:36:00Z,61
2023-02-09T08:37:00Z,53
2023-02-09T08:38:00Z,74
2023-02-09T08:39:00Z,43
2023-02-09T08:40:00Z,13
2023-02-09T08:43:00Z,87
2023-02-09T08:44:00Z,109
2023-02-09T08:45:00Z,105
2023-02-09T08:46:00Z,91
2023-02-09T08:47:00Z,7
2023-02-09T08:48:00Z,61
2023-02-09T08:49:00Z,2
2023-02-09T08:51:00Z,59
2023-02-09T08:52:00Z,91
2023-02-09T08:53:00Z,104
2023-02-09T08:54:00Z,104
2023-02-09T08:55:00Z,103
2023-02-09T08:56:00Z,103
2023-02-09T08:57:00Z,103
2023-02-09T08:58:00Z,103
2023-02-09T08:59:00Z,106
2023-02-09T09:00:00Z,106
2023-02-09T09:01:00Z,107
2023-02-09T09:02:00Z,101
2023-02-09T09:03:00Z,25
2023-02-09T09:06:00Z,39
2023-02-09T09:07:00Z,29
2023-02-09T10:16:00Z,15
2023-02-09T10:17:00Z,14
2023-02-09T10:18:00Z,12
2023-02-09T10:24:00Z,78
2023-02-09T10:30:00Z,24
2023-02-09T10:32:00Z,9
2023-02-09T10:33:00Z,30
2023-02-09T10:34:00Z,81
2023-02-09T10:35:00Z,26
2023-02-09T10:37:00Z,4
2023-02-09T10:38:00Z,2
2023-02-09T10:44:00Z,61
2023-02-09T10:45:00Z,21
2023-02-09T10:46:00Z,38
2023-02-09T10:47:00Z,7
2023-02-09T10:53:00Z,6
2023-02-09T10:54:00Z,12
2023-02-09T10:58:00Z,35
2023-02-09T10:59:00Z,28
2023-02-09T11:03:00Z,13
2023-02-09T11:05:00Z,6
2023-02-09T11:12:00Z,3
2023-02-09T11:14:00Z,10
2023-02-09T11:17:00Z,16
2023-02-09T11:18:00Z,12
2023-02-09T11:30:00Z,8
2023-02-09T11:38:00Z,3
2023-02-09T11:39:00Z,7
2023-02-09T11:45:00Z,10
2023-02-09T11:46:00Z,8
2023-02-09T11:47:00Z,20
2023-02-09T11:51:00Z,17
2023-02-09T11:53:00Z,1
2023-02-09T11:54:00Z,48
2023-02-09T11:55:00Z,21
2023-02-10T06:10:00Z,59
2023-02-10T06:11:00Z,50
2023-02-10T06:12:00Z,14
2023-02-10T06:13:00Z,2
2023-02-10T06:14:00Z,73
2023-02-10T06:55:00Z,21
2023-02-10T06:56:00Z,16
2023-02-10T06:57:00Z,21
2023-02-10T07:02:00Z,36
2023-02-10T07:03:00Z,7
2023-02-10T07:06:00Z,15
2023-02-10T07:07:00Z,10
2023-02-10T07:08:00Z,24
2023-02-10T07:11:00Z,3
2023-02-10T07:16:00Z,22
2023-02-10T07:17:00Z,34
2023-02-10T07:18:00Z,52
2023-02-10T07:19:00Z,53
2023-02-10T07:20:00Z,53
2023-02-10T07:21:00Z,18
2023-02-10T07:22:00Z,38
2023-02-10T07:23:00Z,93
2023-02-10T07:24:00Z,67
2023-02-10T07:25:00Z,27
2023-02-10T07:26:00Z,90
2023-02-10T07:27:00Z,87
2023-02-10T07:28:00Z,25
2023-02-10T07:29:00Z,22
2023-02-10T07:30:00Z,17
2023-02-10T07:31:00Z,61
2023-02-10T07:32:00Z,85
2023-02-10T07:33:00Z,25
2023-02-10T07:34:00Z,39
2023-02-10T08:01:00Z,30
2023-02-10T08:02:00Z,54
2023-02-10T08:03:00Z,52
2023-02-10T08:05:00Z,17
2023-02-10T08:11:00Z,66
2023-02-10T08:12:00Z,67
2023-02-10T08:13:00Z,109
2023-02-10T08:14:00Z,161
2023-02-10T08:15:00Z,167
2023-02-10T08:16:00Z,170
2023-02-10T08:17:00Z,137
2023-02-10T08:18:00Z,108
2023-02-10T08:19:00Z,77
2023-02-10T08:20:00Z,51
2023-02-10T08:21:00Z,56
2023-02-10T08:22:00Z,96
2023-02-10T08:23:00Z,134
2023-02-10T08:24:00Z,83
2023-02-10T08:25:00Z,51
2023-02-10T08:26:00Z,61
2023-02-10T08:27:00Z,65
2023-02-10T08:28:00Z,77
2023-02-10T08:29:00Z,89
2023-02-10T08:30:00Z,95
2023-02-10T08:31:00Z,55
2023-02-10T08:33:00Z,14
2023-02-10T08:34:00Z,10
2023-02-10T08:35:00Z,67
2023-02-10T08:36:00Z,20
2023-02-10T08:37:00Z,76
2023-02-10T08:38:00Z,31
2023-02-10T08:39:00Z,24
2023-02-10T08:41:00Z,3
2023-02-10T08:42:00Z,44
2023-02-10T08:45:00Z,15
2023-02-10T08:46:00Z,22
2023-02-10T08:47:00Z,36
2023-02-10T08:48:00Z,41
2023-02-10T08:49:00Z,80
2023-02-10T08:50:00Z,21
2023-02-10T08:51:00Z,25
2023-02-10T08:52:00Z,79
2023-02-10T09:08:00Z,11
2023-02-10T09:12:00Z,10
2023-02-10T09:14:00Z,2
2023-02-10T09:15:00Z,50
2023-02-10T09:16:00Z,66
2023-02-10T09:17:00Z,101
2023-02-10T09:18:00Z,103
2023-02-10T09:19:00Z,67
2023-02-10T09:20:00Z,56
2023-02-10T09:21:00Z,29
2023-02-10T09:22:00Z,4
2023-02-10T09:24:00Z,27
2023-02-10T09:25:00Z,2
2023-02-10T09:27:00Z,26
2023-02-10T09:28:00Z,24
2023-02-10T10:09:00Z,9
2023-02-10T10:10:00Z,1
2023-02-10T10:11:00Z,12
2023-02-10T10:12:00Z,25
2023-02-10T10:13:00Z,82
2023-02-10T10:14:00Z,40
2023-02-10T10:18:00Z,69
2023-02-10T10:19:00Z,12
2023-02-10T10:20:00Z,25
2023-02-10T10:22:00Z,7
2023-02-10T10:24:00Z,2
2023-02-10T10:27:00Z,71
2023-02-10T10:28:00Z,14
2023-02-10T10:29:00Z,1
2023-02-10T10:30:00Z,60
2023-02-10T10:33:00Z,5
2023-02-10T10:35:00Z,22
2023-02-10T10:36:00Z,14
2023-02-10T10:40:00Z,11
2023-02-10T10:41:00Z,36
2023-02-10T10:42:00Z,16
2023-02-10T10:45:00Z,11
2023-02-10T10:46:00Z,20
2023-02-10T10:47:00Z,37
2023-02-10T10:48:00Z,54
2023-02-10T10:51:00Z,7
2023-02-10T10:52:00Z,13
2023-02-10T10:53:00Z,81
2023-02-10T10:54:00Z,84
2023-02-10T10:55:00Z,13
2023-02-10T10:59:00Z,17
2023-02-10T11:19:00Z,4
2023-02-10T11:20:00Z,36
2023-02-10T11:21:00Z,104
2023-02-10T11:22:00Z,16
2023-02-10T11:23:00Z,5
2023-02-10T11:43:00Z,19
2023-02-10T11:45:00Z,11
2023-02-10T11:46:00Z,16
2023-02-10T11:47:00Z,10
2023-02-10T11:52:00Z,18
2023-02-10T11:53:00Z,62
2023-02-10T11:54:00Z,30
2023-02-10T11:55:00Z,86
2023-02-10T11:56:00Z,69
2023-02-10T12:01:00Z,4
2023-02-10T12:02:00Z,5
2023-02-10T12:03:00Z,86
2023-02-10T12:04:00Z,50
2023-02-10T12:05:00Z,38
2023-02-10T12:22:00Z,55
2023-02-10T12:23:00Z,82
2023-02-10T12:24:00Z,40
2023-02-10T12:28:00Z,18
2023-02-10T12:29:00Z,45
2023-02-10T12:30:00Z,9
2023-02-10T12:32:00Z,38
2023-02-10T12:34:00Z,21
2023-02-10T12:35:00Z,55
2023-02-10T12:36:00Z,21
2023-02-10T12:37:00Z,8
2023-02-10T12:39:00Z,32
2023-02-10T12:40:00Z,14
2023-02-10T12:45:00Z,10
2023-02-10T13:02:00Z,32
2023-02-10T13:03:00Z,23
2023-02-10T13:06:00Z,24
2023-02-10T13:07:00Z,8
2023-02-10T13:08:00Z,32
2023-02-10T13:11:00Z,24
2023-02-10T13:12:00Z,9
2023-02-10T13:13:00Z,7
2023-02-10T13:14:00Z,8
2023-02-10T13:17:00Z,23
2023-02-10T13:18:00Z,34
2023-02-10T13:20:00Z,9
2023-02-10T13:22:00Z,36
2023-02-10T13:23:00Z,10
2023-02-10T13:24:00Z,5
2023-02-10T13:35:00Z,13
2023-02-10T13:36:00Z,20
2023-02-10T13:37:00Z,40
2023-02-10T13:38:00Z,15
2023-02-10T13:40:00Z,10
2023-02-10T13:50:00Z,22
2023-02-10T13:51:00Z,21
2023-02-10T13:52:00Z,13
2023-02-10T13:57:00Z,4
2023-02-10T13:58:00Z,10
2023-02-10T13:59:00Z,19
2023-02-10T14:01:00Z,3
2023-02-10T14:28:00Z,19
2023-02-10T14:31:00Z,35
2023-02-10T14:34:00Z,27
2023-02-10T14:35:00Z,40
2023-02-10T14:39:00Z,11
2023-02-10T14:45:00Z,37
2023-02-10T14:46:00Z,31
2023-02-10T14:53:00Z,6
2023-02-10T14:57:00Z,9
2023-02-10T14:58:00Z,26
2023-02-10T14:59:00Z,13
2023-02-10T15:08:00Z,6
2023-02-11T01:23:00Z,21
2023-02-11T01:45:00Z,9
2023-02-11T01:49:00Z,43
2023-02-11T01:50:00Z,19
2023-02-11T01:51:00Z,15
2023-02-11T01:52:00Z,2
2023-02-11T01:55:00Z,16
2023-02-11T01:58:00Z,13
2023-02-11T02:00:00Z,6
2023-02-11T02:01:00Z,41
2023-02-11T02:07:00Z,5
2023-02-11T02:09:00Z,8
2023-02-11T02:10:00Z,5
2023-02-11T02:14:00Z,8
2023-02-11T02:19:00Z,6
2023-02-11T02:20:00Z,15
2023-02-11T02:21:00Z,11
2023-02-11T02:22:00Z,6
2023-02-11T02:40:00Z,32
2023-02-11T02:41:00Z,7
2023-02-11T02:42:00Z,6
2023-02-11T02:45:00Z,37
2023-02-11T02:47:00Z,11
2023-02-11T02:48:00Z,14
2023-02-11T02:49:00Z,8
2023-02-11T02:50:00Z,37
2023-02-11T02:51:00Z,44
2023-02-11T02:56:00Z,22
2023-02-11T02:57:00Z,84
2023-02-11T02:59:00Z,58
2023-02-11T03:00:00Z,15
2023-02-11T03:20:00Z,42
2023-02-11T03:21:00Z,50
2023-02-11T03:22:00Z,61
2023-02-11T03:23:00Z,77
2023-02-11T03:24:00Z,99
2023-02-11T03:25:00Z,76
2023-02-11T03:26:00Z,67
2023-02-11T03:48:00Z,13
2023-02-11T03:49:00Z,12
2023-02-11T03:50:00Z,13
2023-02-11T03:51:00Z,12
2023-02-11T04:17:00Z,16
2023-02-11T04:18:00Z,25
2023-02-11T04:26:00Z,10
2023-02-11T04:28:00Z,4
2023-02-11T04:34:00Z,21
2023-02-11T04:35:00Z,20
2023-02-11T04:36:00Z,8
2023-02-11T04:37:00Z,62
2023-02-11T04:38:00Z,10
2023-02-11T04:40:00Z,7
2023-02-11T04:41:00Z,6
2023-02-11T04:44:00Z,9
2023-02-11T04:45:00Z,10
2023-02-11T04:47:00Z,14
2023-02-11T04:48:00Z,53
2023-02-11T04:50:00Z,4
2023-02-11T04:53:00Z,24
2023-02-11T04:54:00Z,63
2023-02-11T04:55:00Z,37
2023-02-11T04:56:00Z,66
2023-02-11T04:57:00Z,72
2023-02-11T04:58:00Z,98
2023-02-11T04:59:00Z,71
2023-02-11T05:00:00Z,44
2023-02-11T05:11:00Z,38
2023-02-11T05:12:00Z,51
2023-02-11T05:13:00Z,13
2023-02-11T05:14:00Z,49
2023-02-11T05:16:00Z,16
2023-02-11T05:34:00Z,7
2023-02-11T05:43:00Z,35
2023-02-11T05:44:00Z,26
2023-02-11T05:48:00Z,1
2023-02-11T05:49:00Z,12
2023-02-11T05:51:00Z,2
2023-02-11T05:53:00Z,2
2023-02-11T05:57:00Z,2
2023-02-11T06:55:00Z,29
2023-02-11T06:56:00Z,33
2023-02-11T06:57:00Z,12
2023-02-11T06:58:00Z,40
2023-02-11T06:59:00Z,1
2023-02-11T07:03:00Z,29
2023-02-11T07:04:00Z,72
2023-02-11T07:05:00Z,24
2023-02-11T07:06:00Z,16
2023-02-11T07:07:00Z,29
2023-02-11T07:13:00Z,3
2023-02-11T07:18:00Z,26
2023-02-11T07:19:00Z,37
2023-02-11T07:28:00Z,3
2023-02-11T07:45:00Z,38
2023-02-11T07:48:00Z,10
2023-02-11T07:54:00Z,11
2023-02-11T07:58:00Z,7
2023-02-11T08:14:00Z,8
2023-02-11T08:15:00Z,79
2023-02-11T08:16:00Z,7
2023-02-11T08:17:00Z,50
2023-02-11T08:18:00Z,54
2023-02-11T08:19:00Z,31
2023-02-11T08:20:00Z,56
2023-02-11T08:21:00Z,41
2023-02-11T08:22:00Z,53
2023-02-11T08:23:00Z,73
2023-02-11T08:24:00Z,65
2023-02-11T08:25:00Z,8
2023-02-11T08:26:00Z,18
2023-02-11T08:35:00Z,12
2023-02-11T08:37:00Z,9
2023-02-11T08:45:00Z,13
2023-02-11T08:46:00Z,11
2023-02-11T08:50:00Z,21
2023-02-11T08:51:00Z,10
2023-02-11T08:52:00Z,70
2023-02-11T08:55:00Z,10
2023-02-11T08:56:00Z,7
2023-02-11T08:57:00Z,53
2023-02-11T08:58:00Z,70
2023-02-11T09:01:00Z,4
2023-02-11T09:02:00Z,7
2023-02-11T09:04:00Z,19
2023-02-11T09:05:00Z,109
2023-02-11T09:06:00Z,75
2023-02-11T09:07:00Z,83
2023-02-11T09:08:00Z,119
2023-02-11T09:09:00Z,155
2023-02-11T09:10:00Z,161
2023-02-11T09:11:00Z,167
2023-02-11T09:12:00Z,156
2023-02-11T09:13:00Z,114
2023-02-11T09:14:00Z,109
2023-02-11T09:15:00Z,103
2023-02-11T09:16:00Z,59
2023-02-11T09:17:00Z,41
2023-02-11T09:18:00Z,138
2023-02-11T09:19:00Z,109
2023-02-11T09:20:00Z,59
2023-02-11T09:22:00Z,37
2023-02-11T09:23:00Z,68
2023-02-11T09:24:00Z,5
2023-02-11T09:25:00Z,39
2023-02-11T09:26:00Z,88
2023-02-11T09:27:00Z,10
2023-02-11T09:30:00Z,19
2023-02-11T09:31:00Z,70
2023-02-11T09:32:00Z,1
2023-02-11T09:33:00Z,15
2023-02-11T09:34:00Z,15
2023-02-11T09:37:00Z,10
2023-02-11T09:38:00Z,23
2023-02-11T09:39:00Z,89
2023-02-11T09:40:00Z,108
2023-02-11T09:41:00Z,40
2023-02-11T09:45:00Z,2
2023-02-11T09:46:00Z,109
2023-02-11T09:47:00Z,108
2023-02-11T09:48:00Z,14
2023-02-11T09:51:00Z,10
2023-02-11T09:56:00Z,32
2023-02-11T10:00:00Z,53
2023-02-11T10:22:00Z,95
2023-02-11T10:23:00Z,44
2023-02-11T10:24:00Z,2
2023-02-11T10:25:00Z,41
2023-02-11T10:28:00Z,9
2023-02-11T10:30:00Z,18
2023-02-11T10:32:00Z,3
2023-02-11T10:33:00Z,24
2023-02-11T10:34:00Z,6
2023-02-11T10:36:00Z,16
2023-02-11T10:37:00Z,21
2023-02-11T10:38:00Z,10
2023-02-11T10:43:00Z,11
2023-02-11T10:51:00Z,7
2023-02-11T10:52:00Z,20
2023-02-11T10:53:00Z,56
2023-02-11T10:54:00Z,49
2023-02-11T10:55:00Z,26
2023-02-11T10:57:00Z,36
2023-02-11T10:58:00Z,26
2023-02-11T11:03:00Z,19
2023-02-11T11:04:00Z,4
2023-02-11T11:06:00Z,13
2023-02-11T11:07:00Z,15
2023-02-11T11:09:00Z,45
2023-02-11T11:10:00Z,51
2023-02-11T11:11:00Z,38
2023-02-11T11:15:00Z,3
2023-02-11T11:23:00Z,19
2023-02-11T11:24:00Z,54
2023-02-11T11:25:00Z,5
2023-02-11T11:40:00Z,23
2023-02-11T11:41:00Z,40
2023-02-11T11:42:00Z,62
2023-02-11T11:43:00Z,11
2023-02-11T11:51:00Z,47
2023-02-11T11:52:00Z,18
2023-02-11T11:57:00Z,10
2023-02-11T11:58:00Z,19
2023-02-11T12:20:00Z,27
2023-02-11T12:21:00Z,77
2023-02-11T12:22:00Z,27
2023-02-11T12:23:00Z,76
2023-02-11T12:26:00Z,6
2023-02-11T12:27:00Z,8
2023-02-11T12:28:00Z,19
2023-02-11T12:37:00Z,11
2023-02-11T12:38:00Z,15
2023-02-11T12:39:00Z,19
2023-02-11T12:40:00Z,28
2023-02-11T12:47:00Z,33
2023-02-11T12:50:00Z,51
2023-02-11T12:51:00Z,2
2023-02-11T13:07:00Z,12
2023-02-11T13:14:00Z,2
2023-02-11T13:20:00Z,2
2023-02-11T13:35:00Z,6
2023-02-11T13:39:00Z,14
2023-02-11T13:42:00Z,22
2023-02-11T13:46:00Z,14
2023-02-11T13:47:00Z,12
2023-02-11T13:48:00Z,7
2023-02-11T13:49:00Z,54
2023-02-11T13:53:00Z,6
2023-02-11T13:54:00Z,37
2023-02-11T13:55:00Z,11
2023-02-11T13:56:00Z,9
2023-02-11T13:59:00Z,20
2023-02-11T14:00:00Z,26
2023-02-11T14:01:00Z,37
2023-02-11T14:02:00Z,22
2023-02-11T14:03:00Z,10
2023-02-11T14:04:00Z,27
2023-02-11T14:06:00Z,1
2023-02-11T14:08:00Z,18
2023-02-11T14:10:00Z,24
2023-02-11T14:11:00Z,51
2023-02-11T14:13:00Z,13
2023-02-11T14:19:00Z,3
2023-02-11T14:20:00Z,27
2023-02-11T14:21:00Z,44
2023-02-11T14:22:00Z,35
2023-02-11T14:25:00Z,75
2023-02-11T14:26:00Z,28
2023-02-11T14:27:00Z,9
2023-02-11T14:28:00Z,7
2023-02-11T14:39:00Z,66
2023-02-11T14:42:00Z,3
2023-02-11T14:43:00Z,81
2023-02-11T14:44:00Z,47
2023-02-11T14:45:00Z,35
2023-02-11T14:46:00Z,58
2023-02-11T14:47:00Z,21
2023-02-11T15:00:00Z,2
2023-02-11T15:01:00Z,33
2023-02-11T15:02:00Z,31
2023-02-11T15:32:00Z,14
2023-02-17T05:20:00Z,36
2023-02-17T05:21:00Z,12
2023-02-17T05:22:00Z,5
2023-02-17T05:30:00Z,14
2023-02-17T05:42:00Z,16
2023-02-17T05:43:00Z,23
2023-02-17T05:53:00Z,7
2023-02-17T05:55:00Z,3
2023-02-17T06:20:00Z,18
2023-02-17T06:21:00Z,26
2023-02-17T06:26:00Z,34
2023-02-17T06:33:00Z,14
2023-02-17T06:45:00Z,16
2023-02-17T06:46:00Z,30
2023-02-17T06:47:00Z,4
2023-02-17T06:48:00Z,10
2023-02-17T06:49:00Z,10
2023-02-17T09:18:00Z,18
2023-02-17T09:19:00Z,49
2023-02-17T09:21:00Z,9
2023-02-17T09:24:00Z,36
2023-02-17T09:29:00Z,14
2023-02-17T09:30:00Z,10
2023-02-17T09:34:00Z,23
2023-02-17T09:35:00Z,38
2023-02-17T09:40:00Z,39
2023-02-17T09:41:00Z,19
2023-02-17T09:42:00Z,42
2023-02-17T09:43:00Z,6
2023-02-17T09:44:00Z,14
2023-02-17T09:45:00Z,5
2023-02-17T09:48:00Z,2
2023-02-17T09:49:00Z,7
2023-02-17T09:51:00Z,69
2023-02-17T09:55:00Z,16
2023-02-17T09:56:00Z,81
2023-02-17T09:57:00Z,6
2023-02-17T09:58:00Z,11
2023-02-17T09:59:00Z,8
2023-02-17T10:01:00Z,15
2023-02-17T10:06:00Z,53
2023-02-18T07:55:00Z,38
2023-02-18T07:56:00Z,67
2023-02-18T07:58:00Z,8
2023-02-18T08:03:00Z,20
2023-02-18T08:04:00Z,13
2023-02-18T08:07:00Z,2
2023-02-18T08:08:00Z,10
2023-02-18T08:09:00Z,92
2023-02-18T08:10:00Z,44
2023-02-18T08:11:00Z,111
2023-02-18T08:12:00Z,158
2023-02-18T08:13:00Z,176
2023-02-18T08:14:00Z,181
2023-02-18T08:15:00Z,157
2023-02-18T08:16:00Z,114
2023-02-18T08:17:00Z,83
2023-02-18T08:18:00Z,62
2023-02-18T08:19:00Z,46
2023-02-18T08:20:00Z,139
2023-02-18T08:21:00Z,83
2023-02-18T08:22:00Z,85
2023-02-18T08:23:00Z,50
2023-02-18T08:24:00Z,39
2023-02-18T08:25:00Z,71
2023-02-18T08:26:00Z,84
2023-02-18T08:27:00Z,6
2023-02-18T08:32:00Z,52
2023-02-18T08:35:00Z,23
2023-02-18T08:37:00Z,5
2023-02-18T08:38:00Z,8
2023-02-18T08:39:00Z,41
2023-02-18T08:40:00Z,29
2023-02-18T08:41:00Z,82
2023-02-18T08:44:00Z,20
2023-02-18T08:45:00Z,38
2023-02-18T08:55:00Z,3
2023-02-18T08:56:00Z,34
2023-02-18T08:59:00Z,46
2023-02-18T09:01:00Z,57
2023-02-18T09:07:00Z,62
2023-02-18T09:08:00Z,23
2023-02-18T09:09:00Z,57
2023-02-18T09:11:00Z,15
2023-02-18T09:12:00Z,37
2023-02-18T09:13:00Z,77
2023-02-18T09:14:00Z,29
2023-02-18T09:15:00Z,17
2023-02-18T09:16:00Z,39
2023-02-18T09:17:00Z,33
2023-02-18T09:20:00Z,33
2023-02-18T09:21:00Z,84
2023-02-18T09:35:00Z,13
2023-02-18T10:49:00Z,26
2023-02-18T10:51:00Z,6
2023-02-18T10:52:00Z,12
2023-02-18T10:53:00Z,36
2023-02-18T10:54:00Z,21
2023-02-18T10:55:00Z,13
2023-02-18T10:56:00Z,6
2023-02-18T10:57:00Z,10
2023-02-18T11:07:00Z,13
2023-02-18T11:14:00Z,25
2023-02-18T11:15:00Z,2
2023-02-18T11:17:00Z,19
2023-02-18T11:18:00Z,26
2023-02-18T11:19:00Z,40
2023-02-18T11:20:00Z,9
2023-02-18T11:39:00Z,20
2023-02-18T11:40:00Z,22
2023-02-18T11:48:00Z,29
2023-02-18T11:49:00Z,20
2023-02-18T11:59:00Z,8
2023-02-18T12:00:00Z,3
2023-02-18T12:04:00Z,17
2023-02-18T12:09:00Z,6
2023-02-18T12:12:00Z,34
2023-02-18T12:13:00Z,1
2023-02-18T12:14:00Z,2
2023-02-18T12:15:00Z,15
2023-02-18T12:21:00Z,19
2023-02-18T12:22:00Z,29
2023-02-18T12:23:00Z,65
2023-02-18T12:24:00Z,16
2023-02-18T12:26:00Z,9
2023-02-18T12:29:00Z,56
2023-02-18T13:06:00Z,4
2023-02-18T13:08:00Z,3
2023-02-18T13:29:00Z,8
2023-02-18T13:30:00Z,45
2023-02-18T13:35:00Z,34
2023-02-18T13:36:00Z,38
2023-02-18T13:40:00Z,18
2023-02-18T13:41:00Z,14
2023-02-18T13:42:00Z,10
2023-02-18T13:43:00Z,21
2023-02-18T13:44:00Z,19
2023-02-18T13:47:00Z,37
2023-02-18T13:48:00Z,5
2023-02-18T13:53:00Z,13
2023-02-18T13:54:00Z,10
2023-02-18T13:55:00Z,2
2023-02-18T13:56:00Z,14
2023-02-18T13:57:00Z,9
2023-02-18T13:58:00Z,6
2023-02-18T13:59:00Z,17
2023-02-18T14:00:00Z,19
2023-02-18T14:03:00Z,23
2023-02-18T14:04:00Z,25
2023-02-18T14:06:00Z,4
2023-02-18T14:07:00Z,24
2023-02-18T14:08:00Z,81
2023-02-18T14:09:00Z,93
2023-02-18T14:10:00Z,43
2023-02-18T14:11:00Z,62
2023-02-18T14:12:00Z,20
2023-02-18T14:13:00Z,14
2023-02-18T14:14:00Z,44
2023-02-18T14:17:00Z,7
2023-02-18T14:24:00Z,8
2023-02-18T14:25:00Z,39
2023-02-18T14:28:00Z,11
2023-02-18T14:29:00Z,23
2023-02-18T14:30:00Z,8
2023-02-18T14:31:00Z,6
2023-02-18T14:32:00Z,41
2023-02-18T14:33:00Z,4
2023-02-18T14:34:00Z,21
2023-02-18T14:35:00Z,43
2023-02-18T14:36:00Z,17
2023-02-18T14:40:00Z,9
2023-02-18T14:44:00Z,6
2023-02-18T14:45:00Z,17
2023-02-18T14:46:00Z,74
2023-02-18T14:47:00Z,8
2023-02-18T14:48:00Z,23
2023-02-18T14:50:00Z,14
2023-02-18T14:51:00Z,59
2023-02-18T14:52:00Z,44
2023-02-18T14:53:00Z,1
2023-02-18T15:00:00Z,20
2023-02-18T15:01:00Z,74
2023-02-18T15:02:00Z,6
2023-02-18T16:33:00Z,30
2023-02-21T07:54:00Z,49
2023-02-21T07:55:00Z,103
2023-02-21T07:56:00Z,22
2023-02-21T07:58:00Z,53
2023-02-21T07:59:00Z,87
2023-02-21T08:00:00Z,65
2023-02-21T08:01:00Z,42
2023-02-21T08:03:00Z,11
2023-02-21T08:09:00Z,39
2023-02-21T08:10:00Z,91
2023-02-21T08:11:00Z,74
2023-02-21T08:12:00Z,114
2023-02-21T08:13:00Z,156
2023-02-21T08:14:00Z,166
2023-02-21T08:15:00Z,170
2023-02-21T08:16:00Z,162
2023-02-21T08:17:00Z,103
2023-02-21T08:18:00Z,85
2023-02-21T08:19:00Z,49
2023-02-21T08:20:00Z,15
2023-02-21T08:21:00Z,150
2023-02-21T08:22:00Z,73
2023-02-21T08:24:00Z,19
2023-02-21T08:26:00Z,1
2023-02-21T08:27:00Z,8
2023-02-21T08:28:00Z,24
2023-02-21T08:29:00Z,62
2023-02-21T08:30:00Z,4
2023-02-21T08:31:00Z,16
2023-02-21T08:33:00Z,7
2023-02-21T08:34:00Z,27
2023-02-21T08:35:00Z,33
2023-02-21T08:36:00Z,4
2023-02-21T08:37:00Z,69
2023-02-21T08:38:00Z,5
2023-02-21T08:39:00Z,28
2023-02-21T08:42:00Z,13
2023-02-21T08:43:00Z,19
2023-02-21T08:45:00Z,24
2023-02-21T08:49:00Z,5
2023-02-21T08:50:00Z,41
2023-02-21T08:51:00Z,57
2023-02-21T08:53:00Z,46
2023-02-21T08:54:00Z,59
2023-02-21T08:56:00Z,64
2023-02-21T08:57:00Z,80
2023-02-21T08:58:00Z,89
2023-02-21T08:59:00Z,83
2023-02-21T09:00:00Z,31
2023-02-21T09:01:00Z,24
2023-02-21T09:02:00Z,91
2023-02-21T09:03:00Z,171
2023-02-21T09:04:00Z,173
2023-02-21T09:05:00Z,176
2023-02-21T09:06:00Z,125
2023-02-21T09:07:00Z,159
2023-02-21T09:08:00Z,116
2023-02-21T09:09:00Z,45
2023-02-21T09:14:00Z,27
2023-02-21T09:15:00Z,42
2023-02-21T09:16:00Z,29
2023-02-21T09:30:00Z,68
2023-02-21T09:31:00Z,52
2023-02-21T09:32:00Z,46
2023-02-21T09:33:00Z,60
2023-02-21T09:36:00Z,17
2023-02-21T09:41:00Z,21
2023-02-21T09:42:00Z,42
2023-02-21T09:44:00Z,2
2023-02-21T09:45:00Z,45
2023-02-21T09:59:00Z,3
2023-02-21T10:18:00Z,33
2023-02-21T10:19:00Z,4
2023-02-21T10:20:00Z,56
2023-02-21T10:21:00Z,20
2023-02-21T10:23:00Z,4
2023-02-21T10:25:00Z,26
2023-02-21T10:26:00Z,32
2023-02-21T10:28:00Z,27
2023-02-21T10:29:00Z,13
2023-02-21T10:30:00Z,6
2023-02-21T10:34:00Z,46
2023-02-21T10:35:00Z,10
2023-02-21T10:36:00Z,39
2023-02-21T10:37:00Z,45
2023-02-21T10:40:00Z,40
2023-02-21T10:41:00Z,11
2023-02-21T10:48:00Z,10
2023-02-21T10:49:00Z,46
2023-02-21T10:50:00Z,24
2023-02-21T10:51:00Z,27
2023-02-21T10:52:00Z,31
2023-02-21T10:57:00Z,28
2023-02-21T23:40:00Z,10
2023-02-21T23:41:00Z,50
2023-02-21T23:47:00Z,25
2023-02-21T23:48:00Z,66
2023-02-21T23:49:00Z,14
2023-02-21T23:50:00Z,34
2023-02-21T23:51:00Z,45
2023-02-21T23:52:00Z,3
2023-02-21T23:55:00Z,13
2023-02-21T23:56:00Z,66
2023-02-21T23:57:00Z,55
2023-02-21T23:58:00Z,14
2023-02-21T23:59:00Z,55
2023-02-22T00:00:00Z,41
2023-02-22T00:10:00Z,81
2023-02-22T00:16:00Z,35
2023-02-22T00:17:00Z,38
2023-02-22T00:19:00Z,36
2023-02-22T00:20:00Z,83
2023-02-22T00:34:00Z,11
2023-02-22T00:35:00Z,23
2023-02-22T00:36:00Z,9
2023-02-22T00:37:00Z,10
2023-02-22T00:38:00Z,15
2023-02-22T00:40:00Z,12
2023-02-22T00:41:00Z,17
2023-02-22T00:44:00Z,23
2023-02-22T00:45:00Z,5
2023-02-22T00:47:00Z,5
2023-02-22T00:48:00Z,4
2023-02-22T00:49:00Z,3
2023-02-22T00:50:00Z,24
2023-02-22T00:52:00Z,20
2023-02-22T00:53:00Z,8
2023-02-22T00:54:00Z,11
2023-02-22T00:55:00Z,12
2023-02-22T00:59:00Z,12
2023-02-22T01:04:00Z,57
2023-02-22T01:05:00Z,66
2023-02-22T01:06:00Z,1
2023-02-22T01:08:00Z,66
2023-02-22T01:09:00Z,29
2023-02-22T01:10:00Z,45
2023-02-22T01:11:00Z,33
2023-02-22T01:14:00Z,18
2023-02-22T01:15:00Z,26
2023-02-22T01:16:00Z,43
2023-02-22T01:17:00Z,5
2023-02-22T01:18:00Z,93
2023-02-22T01:19:00Z,69
2023-02-22T01:20:00Z,27
2023-02-22T01:37:00Z,2
2023-02-22T01:39:00Z,40
2023-02-22T01:40:00Z,36
2023-02-22T01:41:00Z,57
2023-02-22T01:42:00Z,39
2023-02-22T01:43:00Z,42
2023-02-22T01:44:00Z,44
2023-02-22T01:45:00Z,32
2023-02-22T01:46:00Z,63
2023-02-22T01:47:00Z,63
2023-02-22T01:48:00Z,87
2023-02-22T01:49:00Z,65
2023-02-22T01:50:00Z,83
2023-02-22T01:51:00Z,65
2023-02-22T01:52:00Z,63
2023-02-22T01:53:00Z,77
2023-02-22T01:54:00Z,76
2023-02-22T01:55:00Z,18
2023-02-22T01:56:00Z,31
2023-02-22T01:59:00Z,12
2023-02-22T02:00:00Z,62
2023-02-22T02:29:00Z,21
2023-02-22T02:33:00Z,35
2023-02-22T02:34:00Z,59
2023-02-22T02:35:00Z,22
2023-02-22T02:36:00Z,60
2023-02-22T03:13:00Z,24
2023-02-22T03:14:00Z,12
2023-02-22T03:15:00Z,34
2023-02-22T03:16:00Z,23
2023-02-22T03:17:00Z,2
2023-02-22T03:18:00Z,50
2023-02-22T03:25:00Z,11
2023-02-22T03:26:00Z,66
2023-02-22T03:27:00Z,32
2023-02-22T03:28:00Z,14
2023-02-22T03:29:00Z,75
2023-02-22T03:48:00Z,77
2023-02-22T03:49:00Z,21
2023-02-22T03:53:00Z,57
2023-02-22T03:54:00Z,58
2023-02-22T03:55:00Z,14
2023-02-22T03:58:00Z,2
2023-02-22T03:59:00Z,33
2023-02-22T04:01:00Z,4
2023-02-22T04:02:00Z,3
2023-02-22T04:13:00Z,6
2023-02-22T04:14:00Z,9
2023-02-22T04:17:00Z,2
2023-02-22T04:20:00Z,7
2023-02-22T04:32:00Z,16
2023-02-22T04:48:00Z,30
2023-02-22T04:49:00Z,14
2023-02-22T04:50:00Z,9
2023-02-22T04:51:00Z,42
2023-02-22T04:52:00Z,57
2023-02-22T04:53:00Z,11
2023-02-22T04:54:00Z,23
2023-02-22T04:55:00Z,22
2023-02-22T04:58:00Z,10
2023-02-22T05:00:00Z,10
2023-02-22T05:01:00Z,8
2023-02-22T05:11:00Z,30
2023-02-22T05:13:00Z,63
2023-02-22T05:14:00Z,28
2023-02-22T05:19:00Z,16
2023-02-22T05:21:00Z,4
2023-02-22T05:30:00Z,19
2023-02-22T05:32:00Z,9
2023-02-22T05:33:00Z,7
2023-02-22T05:37:00Z,10
2023-02-22T05:38:00Z,28
2023-02-22T05:39:00Z,5
2023-02-22T07:30:00Z,9
2023-02-22T07:31:00Z,13
2023-02-22T07:42:00Z,10
2023-02-22T07:43:00Z,31
2023-02-22T07:44:00Z,33
2023-02-22T07:46:00Z,20
2023-02-22T07:49:00Z,27
2023-02-22T07:50:00Z,52
2023-02-22T07:52:00Z,9
2023-02-22T07:55:00Z,6
2023-02-22T08:00:00Z,36
2023-02-22T08:01:00Z,85
2023-02-22T08:02:00Z,88
2023-02-22T08:03:00Z,159
2023-02-22T08:04:00Z,112
2023-02-22T08:05:00Z,173
2023-02-22T08:06:00Z,175
2023-02-22T08:07:00Z,98
2023-02-22T08:08:00Z,84
2023-02-22T08:09:00Z,56
2023-02-22T08:10:00Z,91
2023-02-22T08:11:00Z,18
2023-02-22T08:12:00Z,142
2023-02-22T08:13:00Z,74
2023-02-22T08:14:00Z,3
2023-02-22T08:18:00Z,17
2023-02-22T08:19:00Z,3
2023-02-22T08:22:00Z,26
2023-02-22T08:24:00Z,18
2023-02-22T08:26:00Z,7
2023-02-22T08:30:00Z,50
2023-02-22T08:31:00Z,39
2023-02-22T08:32:00Z,13
2023-02-22T08:36:00Z,24
2023-02-22T08:37:00Z,69
2023-02-22T08:38:00Z,54
2023-02-22T08:39:00Z,45
2023-02-22T08:40:00Z,85
2023-02-22T08:41:00Z,27
2023-02-22T08:43:00Z,28
2023-02-22T08:44:00Z,66
2023-02-22T08:45:00Z,25
2023-02-22T08:49:00Z,5
2023-02-22T08:53:00Z,15
2023-02-22T08:54:00Z,15
2023-02-22T08:55:00Z,20
2023-02-22T08:59:00Z,10
2023-02-22T09:02:00Z,4
2023-02-22T09:06:00Z,61
2023-02-22T09:07:00Z,62
2023-02-22T09:08:00Z,46
2023-02-22T09:09:00Z,10
2023-02-22T09:10:00Z,4
2023-02-22T09:13:00Z,41
2023-02-22T09:14:00Z,19
2023-02-22T09:24:00Z,13
2023-02-22T09:26:00Z,10
2023-02-22T09:37:00Z,10
2023-02-22T09:38:00Z,21
2023-02-22T09:40:00Z,32
2023-02-22T09:41:00Z,68
2023-02-22T09:42:00Z,23
2023-02-22T09:43:00Z,3
2023-02-22T09:44:00Z,19
2023-02-22T10:13:00Z,31
2023-02-22T10:14:00Z,20
2023-02-22T10:15:00Z,38
2023-02-22T10:17:00Z,9
2023-02-22T10:18:00Z,103
2023-02-22T10:20:00Z,54
2023-02-22T10:21:00Z,66
2023-02-22T10:22:00Z,28
2023-02-22T10:23:00Z,14
2023-02-22T10:24:00Z,14
2023-02-22T10:25:00Z,19
2023-02-22T10:26:00Z,27
2023-02-22T10:27:00Z,8
2023-02-22T10:28:00Z,35
2023-02-22T10:29:00Z,42
2023-02-22T10:30:00Z,42
2023-02-22T10:31:00Z,19
2023-02-22T10:35:00Z,14
2023-02-22T10:38:00Z,68
2023-02-22T10:43:00Z,53
2023-02-22T10:44:00Z,11
2023-02-22T10:53:00Z,13
2023-02-22T10:54:00Z,8
2023-02-22T10:56:00Z,11
2023-02-22T11:32:00Z,18
2023-02-22T11:37:00Z,36
2023-02-22T11:54:00Z,1
2023-02-22T11:55:00Z,27
2023-02-22T11:56:00Z,2
2023-02-22T11:57:00Z,28
2023-02-22T12:05:00Z,10
2023-02-22T12:06:00Z,5
2023-02-22T12:12:00Z,9
2023-02-22T12:13:00Z,14
2023-02-22T12:14:00Z,27
2023-02-22T12:15:00Z,45
2023-02-22T12:16:00Z,13
2023-02-22T12:20:00Z,13
2023-02-22T12:22:00Z,7
2023-02-22T12:24:00Z,6
2023-02-22T12:32:00Z,8
2023-02-22T12:34:00Z,7
2023-02-22T12:35:00Z,6
2023-02-22T12:36:00Z,12
2023-02-22T12:37:00Z,3
2023-02-22T12:38:00Z,35
2023-02-22T12:39:00Z,37
2023-02-22T12:40:00Z,68
2023-02-22T12:41:00Z,53
2023-02-22T12:42:00Z,35
2023-02-22T12:43:00Z,63
2023-02-22T12:44:00Z,15
2023-02-22T12:45:00Z,17
2023-02-22T12:47:00Z,17
2023-02-22T12:48:00Z,9
2023-02-22T12:49:00Z,8
2023-02-22T12:51:00Z,20
2023-02-22T12:52:00Z,43
2023-02-22T12:53:00Z,67
2023-02-22T12:54:00Z,32
2023-02-22T12:55:00Z,50
2023-02-22T12:56:00Z,68
2023-02-22T12:58:00Z,20
2023-02-22T12:59:00Z,86
2023-02-22T13:00:00Z,22
2023-02-22T13:01:00Z,114
2023-02-22T13:02:00Z,8
2023-02-22T13:15:00Z,30
2023-02-22T13:20:00Z,11
2023-02-22T13:21:00Z,1
2023-02-22T13:22:00Z,2
2023-02-22T13:34:00Z,11
2023-02-22T13:36:00Z,103
2023-02-22T13:37:00Z,87
2023-02-22T13:38:00Z,30
2023-02-22T13:39:00Z,21
2023-02-22T13:42:00Z,9
2023-02-22T13:43:00Z,7
2023-02-22T13:48:00Z,34
2023-02-22T13:49:00Z,34
2023-02-22T13:50:00Z,109
2023-02-22T13:51:00Z,19
2023-02-22T13:52:00Z,7
2023-02-22T14:07:00Z,38
2023-02-22T14:20:00Z,11
2023-02-22T14:22:00Z,9
2023-02-22T14:35:00Z,6
2023-02-22T14:36:00Z,27
2023-02-22T14:37:00Z,23
2023-02-22T14:47:00Z,9
2023-02-22T14:57:00Z,11
2023-02-22T14:58:00Z,16
2023-02-22T15:07:00Z,98
2023-02-22T15:08:00Z,30
2023-02-22T15:09:00Z,21
2023-02-22T15:13:00Z,42
2023-02-22T15:14:00Z,36
2023-02-22T15:15:00Z,72
2023-02-22T15:16:00Z,1
2023-02-23T01:05:00Z,10
2023-02-23T01:07:00Z,7
2023-02-23T01:08:00Z,1
2023-02-23T01:12:00Z,38
2023-02-23T01:13:00Z,89
2023-02-23T01:14:00Z,26
2023-02-23T01:15:00Z,5
2023-02-23T01:16:00Z,10
2023-02-23T01:17:00Z,2
2023-02-23T01:21:00Z,30
2023-02-23T01:22:00Z,39
2023-02-23T01:58:00Z,4
2023-02-23T02:05:00Z,27
2023-02-23T02:12:00Z,22
2023-02-23T02:13:00Z,33
2023-02-23T02:14:00Z,35
2023-02-23T02:15:00Z,47
2023-02-23T02:17:00Z,12
2023-02-23T02:22:00Z,2
2023-02-23T02:23:00Z,25
2023-02-23T02:24:00Z,8
2023-02-23T02:25:00Z,15
2023-02-23T02:34:00Z,2
2023-02-23T02:35:00Z,13
2023-02-23T02:42:00Z,7
2023-02-23T02:43:00Z,16
2023-02-23T02:44:00Z,56
2023-02-23T02:45:00Z,21
2023-02-23T08:08:00Z,42
2023-02-23T08:09:00Z,36
2023-02-23T08:17:00Z,62
2023-02-23T08:18:00Z,8
2023-02-23T08:19:00Z,15
2023-02-23T08:23:00Z,78
2023-02-23T08:24:00Z,36
2023-02-23T08:25:00Z,92
2023-02-23T08:26:00Z,35
2023-02-23T08:27:00Z,170
2023-02-23T08:28:00Z,176
2023-02-23T08:29:00Z,174
2023-02-23T08:30:00Z,171
2023-02-23T08:31:00Z,163
2023-02-23T08:32:00Z,123
2023-02-23T08:33:00Z,85
2023-02-23T08:34:00Z,72
2023-02-23T08:35:00Z,92
2023-02-23T08:36:00Z,3
2023-02-23T08:37:00Z,85
2023-02-23T08:38:00Z,121
2023-02-23T08:39:00Z,119
2023-02-23T08:40:00Z,65
2023-02-23T08:41:00Z,39
2023-02-23T08:42:00Z,6
2023-02-23T08:44:00Z,7
2023-02-23T08:45:00Z,65
2023-02-23T08:47:00Z,76
2023-02-23T08:48:00Z,83
2023-02-23T08:51:00Z,17
2023-02-23T08:52:00Z,40
2023-02-23T08:56:00Z,73
2023-02-23T08:57:00Z,87
2023-02-23T08:58:00Z,3
2023-02-23T09:00:00Z,11
2023-02-23T09:03:00Z,10
2023-02-23T09:04:00Z,35
2023-02-23T09:05:00Z,35
2023-02-23T09:06:00Z,68
2023-02-23T09:07:00Z,87
2023-02-23T09:08:00Z,89
2023-02-23T09:09:00Z,85
2023-02-23T09:10:00Z,88
2023-02-23T09:11:00Z,84
2023-02-23T09:12:00Z,82
2023-02-23T09:13:00Z,81
2023-02-23T09:14:00Z,79
2023-02-23T09:15:00Z,75
2023-02-23T09:16:00Z,64
2023-02-23T09:17:00Z,78
2023-02-23T09:18:00Z,85
2023-02-23T09:19:00Z,86
2023-02-23T09:20:00Z,87
2023-02-23T09:21:00Z,90
2023-02-23T09:22:00Z,85
2023-02-23T09:23:00Z,91
2023-02-23T09:24:00Z,89
2023-02-23T09:25:00Z,82
2023-02-23T09:26:00Z,41
2023-02-23T09:27:00Z,73
2023-02-23T09:28:00Z,16
2023-02-23T09:46:00Z,21
2023-02-23T09:52:00Z,6
2023-02-23T09:54:00Z,17
2023-02-23T09:58:00Z,75
2023-02-23T10:00:00Z,10
2023-02-23T10:03:00Z,23
2023-02-23T10:04:00Z,85
2023-02-23T10:05:00Z,98
2023-02-23T10:06:00Z,106
2023-02-23T10:07:00Z,15
2023-02-23T10:08:00Z,21
2023-02-23T10:09:00Z,6
2023-02-23T10:10:00Z,55
2023-02-23T10:12:00Z,65
2023-02-23T10:13:00Z,21
2023-02-23T10:14:00Z,26
2023-02-23T10:15:00Z,18
2023-02-23T10:16:00Z,24
2023-02-23T10:17:00Z,9
2023-02-23T10:18:00Z,4
2023-02-23T10:24:00Z,12
2023-02-23T10:25:00Z,45
2023-02-23T10:27:00Z,19
2023-02-23T10:28:00Z,12
2023-02-23T10:30:00Z,11
2023-02-23T10:34:00Z,54
2023-02-23T10:37:00Z,15
2023-02-23T10:38:00Z,47
2023-02-23T10:47:00Z,11
2023-02-23T10:48:00Z,13
2023-02-23T10:50:00Z,32
2023-02-23T10:51:00Z,24
2023-02-23T10:52:00Z,33
2023-02-23T10:53:00Z,15
2023-02-23T10:54:00Z,23
2023-02-23T10:56:00Z,16
2023-02-23T10:57:00Z,22
2023-02-23T10:58:00Z,41
2023-02-23T10:59:00Z,27
2023-02-23T11:04:00Z,37
2023-02-23T11:05:00Z,2
2023-02-23T11:07:00Z,23
2023-02-23T11:08:00Z,25
2023-02-23T11:09:00Z,24
2023-02-23T11:15:00Z,7
2023-02-23T11:19:00Z,42
2023-02-23T11:20:00Z,6
2023-02-23T11:23:00Z,12
2023-02-23T11:24:00Z,6
2023-02-23T11:25:00Z,14
2023-02-23T11:27:00Z,6
2023-02-23T11:45:00Z,6
2023-02-23T12:04:00Z,33
2023-02-23T12:06:00Z,14
2023-02-23T12:08:00Z,21
2023-02-23T12:09:00Z,15
2023-02-23T12:11:00Z,4
2023-02-23T12:15:00Z,32
2023-02-23T12:16:00Z,18
2023-02-23T12:17:00Z,27
2023-02-23T12:18:00Z,4
2023-02-23T12:20:00Z,109
2023-02-23T12:21:00Z,62
2023-02-23T12:23:00Z,20
2023-02-23T12:24:00Z,37
2023-02-23T12:25:00Z,41
2023-02-23T12:26:00Z,46
2023-02-23T12:27:00Z,48
2023-02-23T12:28:00Z,3
2023-02-23T12:29:00Z,42
2023-02-23T12:31:00Z,21
2023-02-23T12:32:00Z,14
2023-02-23T12:33:00Z,90
2023-02-23T12:34:00Z,82
2023-02-23T12:35:00Z,73
2023-02-23T12:36:00Z,53
2023-02-23T12:37:00Z,49
2023-02-23T12:38:00Z,26
2023-02-23T12:39:00Z,10
2023-02-23T12:47:00Z,20
2023-02-23T12:50:00Z,70
2023-02-23T13:09:00Z,19
2023-02-23T13:10:00Z,32
2023-02-23T13:11:00Z,13
2023-02-23T13:15:00Z,51
2023-02-23T13:16:00Z,25
2023-02-23T13:17:00Z,36
2023-02-23T13:18:00Z,10
2023-02-23T13:19:00Z,42
2023-02-23T13:23:00Z,24
2023-02-23T13:25:00Z,27
2023-02-23T13:26:00Z,50
2023-02-23T13:27:00Z,77
2023-02-23T13:28:00Z,52
2023-02-23T13:29:00Z,55
2023-02-23T13:30:00Z,7
2023-02-23T13:33:00Z,39
2023-02-23T13:35:00Z,6
2023-02-23T13:36:00Z,7
2023-02-23T13:42:00Z,23
2023-02-23T13:43:00Z,15
2023-02-23T13:44:00Z,48
2023-02-23T13:47:00Z,11
2023-02-23T13:48:00Z,38
2023-02-23T13:49:00Z,9
2023-02-23T13:50:00Z,27
2023-02-23T13:51:00Z,5
2023-02-23T13:52:00Z,29
2023-02-23T14:11:00Z,4
2023-02-23T14:15:00Z,47
2023-02-23T14:16:00Z,95
2023-02-23T14:17:00Z,33
2023-02-23T14:26:00Z,51
2023-02-23T14:27:00Z,25
2023-02-23T14:35:00Z,4
2023-02-23T14:36:00Z,61
2023-02-23T14:41:00Z,11
2023-02-23T14:44:00Z,9
2023-02-23T14:45:00Z,50
2023-02-23T14:46:00Z,9
2023-02-23T14:53:00Z,11
2023-02-23T15:26:00Z,9
2023-02-23T15:27:00Z,20
2023-02-23T15:28:00Z,20
2023-02-23T15:55:00Z,31
2023-02-23T15:56:00Z,43
2023-02-23T15:57:00Z,37
2023-02-23T23:12:00Z,10
2023-02-23T23:13:00Z,33
2023-02-23T23:14:00Z,6
2023-02-23T23:17:00Z,21
2023-02-23T23:50:00Z,19
2023-02-23T23:51:00Z,23
2023-02-24T00:13:00Z,8
2023-02-24T00:17:00Z,29
2023-02-24T00:18:00Z,48
2023-02-24T00:19:00Z,55
2023-02-24T00:20:00Z,23
2023-02-24T00:21:00Z,10
2023-02-24T00:22:00Z,8
2023-02-24T00:23:00Z,17
2023-02-24T00:24:00Z,31
2023-02-24T00:25:00Z,105
2023-02-24T00:26:00Z,115
2023-02-24T00:27:00Z,103
2023-02-24T00:28:00Z,45
2023-02-24T00:30:00Z,17
2023-02-24T00:32:00Z,43
2023-02-24T00:33:00Z,116
2023-02-24T00:34:00Z,118
2023-02-24T00:35:00Z,107
2023-02-24T00:36:00Z,26
2023-02-24T00:37:00Z,32
2023-02-24T00:44:00Z,64
2023-02-24T00:51:00Z,3
2023-02-24T00:53:00Z,45
2023-02-24T00:54:00Z,85
2023-02-24T00:55:00Z,45
2023-02-24T00:56:00Z,61
2023-02-24T00:57:00Z,1
2023-02-24T00:58:00Z,7
2023-02-24T01:00:00Z,3
2023-02-24T01:04:00Z,66
2023-02-24T01:05:00Z,40
2023-02-24T01:06:00Z,23
2023-02-24T01:12:00Z,9
2023-02-24T01:15:00Z,4
2023-02-24T01:16:00Z,19
2023-02-24T01:29:00Z,5
2023-02-24T01:34:00Z,24
2023-02-24T01:35:00Z,3
2023-02-24T01:36:00Z,18
2023-02-24T01:38:00Z,45
2023-02-24T01:39:00Z,19
2023-02-24T01:48:00Z,39
2023-02-24T01:49:00Z,37
2023-02-24T01:50:00Z,45
2023-02-24T02:11:00Z,4
2023-02-24T02:29:00Z,7
2023-02-24T02:54:00Z,2
2023-02-24T03:04:00Z,25
2023-02-24T03:05:00Z,67
2023-02-24T03:08:00Z,4
2023-02-24T03:09:00Z,85
2023-02-24T03:10:00Z,38
2023-02-24T04:16:00Z,28
2023-02-24T04:24:00Z,6
2023-02-24T04:26:00Z,64
2023-02-24T04:27:00Z,24
2023-02-24T04:29:00Z,10
2023-02-24T04:44:00Z,4
2023-02-24T05:03:00Z,52
2023-02-24T05:04:00Z,30
2023-02-24T05:56:00Z,14
2023-02-24T05:57:00Z,38
2023-02-24T06:00:00Z,17
2023-02-24T06:44:00Z,47
2023-02-24T06:45:00Z,59
2023-02-24T06:46:00Z,28
2023-02-24T06:47:00Z,55
2023-02-24T06:48:00Z,37
2023-02-24T06:53:00Z,56
2023-02-24T06:54:00Z,67
2023-02-24T06:55:00Z,13
2023-02-24T07:02:00Z,57
2023-02-24T07:03:00Z,30
2023-02-24T07:04:00Z,45
2023-02-24T07:05:00Z,112
2023-02-24T07:06:00Z,125
2023-02-24T07:07:00Z,165
2023-02-24T07:08:00Z,172
2023-02-24T07:09:00Z,93
2023-02-24T07:10:00Z,62
2023-02-24T07:11:00Z,82
2023-02-24T07:12:00Z,97
2023-02-24T07:13:00Z,98
2023-02-24T07:14:00Z,99
2023-02-24T07:15:00Z,95
2023-02-24T07:16:00Z,76
2023-02-24T07:17:00Z,84
2023-02-24T07:18:00Z,81
2023-02-24T07:19:00Z,75
2023-02-24T07:20:00Z,39
2023-02-24T07:21:00Z,56
2023-02-24T07:22:00Z,137
2023-02-24T07:23:00Z,102
2023-02-24T07:24:00Z,65
2023-02-24T07:25:00Z,34
2023-02-24T07:26:00Z,9
2023-02-24T07:27:00Z,13
2023-02-24T07:28:00Z,71
2023-02-24T07:29:00Z,9
2023-02-24T07:30:00Z,21
2023-02-24T07:31:00Z,18
2023-02-24T07:36:00Z,18
2023-02-24T07:37:00Z,13
2023-02-24T07:38:00Z,21
2023-02-24T07:39:00Z,43
2023-02-24T07:43:00Z,16
2023-02-24T07:44:00Z,49
2023-02-24T07:47:00Z,3
2023-02-24T07:48:00Z,49
2023-02-24T07:49:00Z,96
2023-02-24T07:50:00Z,100
2023-02-24T07:51:00Z,12
2023-02-24T07:52:00Z,6
2023-02-24T07:53:00Z,26
2023-02-24T07:56:00Z,30
2023-02-24T07:57:00Z,103
2023-02-24T07:58:00Z,96
2023-02-24T07:59:00Z,30
2023-02-24T08:01:00Z,4
2023-02-24T08:02:00Z,38
2023-02-24T08:05:00Z,65
2023-02-24T08:06:00Z,109
2023-02-24T08:07:00Z,12
2023-02-24T08:13:00Z,6
2023-02-24T08:15:00Z,61
2023-02-24T08:16:00Z,19
2023-02-24T09:20:00Z,7
2023-02-24T09:21:00Z,13
2023-02-24T09:24:00Z,8
2023-02-24T09:25:00Z,72
2023-02-24T09:26:00Z,48
2023-02-24T09:27:00Z,9
2023-02-24T09:28:00Z,22
2023-02-24T09:29:00Z,80
2023-02-24T13:31:00Z,8
2023-02-24T13:34:00Z,19
2023-02-24T13:35:00Z,25
2023-02-24T13:41:00Z,17
2023-02-24T13:42:00Z,67
2023-02-24T13:43:00Z,12
2023-02-24T13:44:00Z,22
2023-02-24T13:45:00Z,24
2023-02-24T13:46:00Z,6
2023-02-24T14:06:00Z,24
2023-02-24T14:07:00Z,46
2023-02-24T14:08:00Z,18
2023-02-24T14:36:00Z,12
2023-02-24T14:37:00Z,91
2023-02-24T14:38:00Z,106
2023-02-24T14:39:00Z,66
2023-02-24T14:40:00Z,5
2023-02-24T14:42:00Z,4
2023-02-24T14:46:00Z,7
2023-02-24T14:47:00Z,8
2023-02-24T14:48:00Z,11
2023-02-24T14:49:00Z,18
2023-02-24T14:50:00Z,65
2023-02-25T02:39:00Z,18
2023-02-25T02:43:00Z,9
2023-02-25T02:46:00Z,24
2023-02-25T02:57:00Z,30
2023-02-25T03:01:00Z,8
2023-02-25T03:02:00Z,2
2023-02-25T05:10:00Z,4
2023-02-25T05:11:00Z,7
2023-02-25T05:12:00Z,16
2023-02-25T05:16:00Z,67
2023-02-25T05:17:00Z,54
2023-02-25T05:18:00Z,26
2023-02-25T05:19:00Z,31
2023-02-25T05:21:00Z,44
2023-02-25T05:22:00Z,40
2023-02-25T05:23:00Z,36
2023-02-25T05:24:00Z,98
2023-02-25T05:25:00Z,41
2023-02-25T05:37:00Z,3
2023-02-25T05:39:00Z,31
2023-02-25T05:40:00Z,100
2023-02-25T05:41:00Z,28
2023-02-25T05:47:00Z,8
2023-02-25T05:48:00Z,70
2023-02-25T05:49:00Z,50
2023-02-25T05:54:00Z,14
2023-02-25T05:55:00Z,22
2023-02-25T05:58:00Z,20
2023-02-25T05:59:00Z,23
2023-02-25T06:00:00Z,29
2023-02-25T06:01:00Z,50
2023-02-25T06:03:00Z,32
2023-02-25T06:04:00Z,83
2023-02-25T06:05:00Z,23
2023-02-25T06:56:00Z,67
2023-02-25T06:57:00Z,31
2023-02-25T06:58:00Z,6
2023-02-25T07:04:00Z,9
2023-02-25T07:05:00Z,2
2023-02-25T07:07:00Z,13
2023-02-25T07:08:00Z,41
2023-02-25T07:09:00Z,10
2023-02-25T07:16:00Z,3
2023-02-25T08:00:00Z,37
2023-02-25T08:01:00Z,87
2023-02-25T08:02:00Z,99
2023-02-25T08:03:00Z,7
2023-02-25T08:04:00Z,57
2023-02-25T08:05:00Z,30
2023-02-25T08:07:00Z,12
2023-02-25T08:10:00Z,12
2023-02-25T08:11:00Z,69
2023-02-25T08:12:00Z,78
2023-02-25T08:13:00Z,115
2023-02-25T08:14:00Z,146
2023-02-25T08:15:00Z,162
2023-02-25T08:16:00Z,171
2023-02-25T08:17:00Z,152
2023-02-25T08:18:00Z,111
2023-02-25T08:19:00Z,69
2023-02-25T08:20:00Z,72
2023-02-25T08:21:00Z,26
2023-02-25T08:22:00Z,137
2023-02-25T08:23:00Z,67
2023-02-25T08:25:00Z,3
2023-02-25T08:27:00Z,15
2023-02-25T08:35:00Z,16
2023-02-25T08:36:00Z,24
2023-02-25T08:38:00Z,12
2023-02-25T08:39:00Z,10
2023-02-25T08:40:00Z,3
2023-02-25T08:46:00Z,9
2023-02-25T08:52:00Z,6
2023-02-25T08:58:00Z,4
2023-02-25T09:00:00Z,9
2023-02-25T09:01:00Z,46
2023-02-25T09:08:00Z,7
2023-02-25T09:09:00Z,6
2023-02-25T09:10:00Z,21
2023-02-25T09:13:00Z,46
2023-02-25T09:20:00Z,19
2023-02-25T09:25:00Z,3
2023-02-25T09:27:00Z,21
2023-02-25T09:28:00Z,2
2023-02-25T09:33:00Z,53
2023-02-25T09:34:00Z,30
2023-02-25T09:48:00Z,39
2023-02-25T09:49:00Z,10
2023-02-25T09:52:00Z,10
2023-02-25T10:07:00Z,19
2023-02-25T10:13:00Z,14
2023-02-25T10:17:00Z,4
2023-02-25T10:18:00Z,82
2023-02-25T10:19:00Z,54
2023-02-25T10:20:00Z,48
2023-02-25T10:23:00Z,39
2023-02-25T10:25:00Z,24
2023-02-25T10:26:00Z,27
2023-02-25T10:27:00Z,20
2023-02-25T10:28:00Z,11
2023-02-25T10:29:00Z,27
2023-02-25T10:30:00Z,26
2023-02-25T10:32:00Z,15
2023-02-25T10:33:00Z,60
2023-02-25T10:34:00Z,47
2023-02-25T10:37:00Z,1
2023-02-25T10:38:00Z,33
2023-02-25T10:49:00Z,8
2023-02-25T10:54:00Z,11
2023-02-25T11:09:00Z,13
2023-02-25T11:27:00Z,6
2023-02-25T11:29:00Z,3
2023-02-25T11:39:00Z,7
2023-02-25T11:42:00Z,24
2023-02-25T11:43:00Z,6
2023-02-25T11:46:00Z,3
2023-02-25T11:47:00Z,5
2023-02-25T11:55:00Z,6
2023-02-25T11:56:00Z,18
2023-02-25T11:57:00Z,13
2023-02-25T11:58:00Z,3
2023-02-25T12:11:00Z,4
2023-02-25T12:12:00Z,8
2023-02-25T12:13:00Z,5
2023-02-25T12:14:00Z,2
2023-02-25T12:43:00Z,2
2023-02-25T12:48:00Z,9
2023-02-25T12:51:00Z,15
2023-02-25T12:59:00Z,62
2023-02-25T13:00:00Z,3
2023-02-25T13:09:00Z,5
2023-02-25T13:10:00Z,9
2023-02-25T13:18:00Z,61
2023-02-25T13:19:00Z,5
2023-02-25T13:21:00Z,15
2023-02-25T13:23:00Z,8
2023-02-25T13:25:00Z,22
2023-02-25T13:26:00Z,16
2023-02-25T13:27:00Z,45
2023-02-25T13:28:00Z,1
2023-02-25T13:29:00Z,2
2023-02-25T13:31:00Z,3
2023-02-25T13:32:00Z,26
2023-02-27T12:44:00Z,11
2023-02-27T13:00:00Z,22
2023-02-27T13:01:00Z,12
2023-02-27T13:02:00Z,14
2023-02-27T13:03:00Z,19
2023-02-27T13:05:00Z,3
2023-02-27T13:06:00Z,2
2023-02-27T13:08:00Z,30
2023-02-27T13:13:00Z,18
2023-02-27T13:14:00Z,31
2023-02-27T13:15:00Z,22
2023-02-27T13:16:00Z,6
2023-02-27T13:17:00Z,11
2023-02-27T13:18:00Z,15
2023-02-27T13:19:00Z,28
2023-02-27T13:20:00Z,33
2023-02-27T13:21:00Z,16
2023-02-27T13:22:00Z,24
2023-02-27T13:23:00Z,13
2023-02-27T15:20:00Z,38
2023-02-27T15:21:00Z,31
2023-02-27T15:43:00Z,12
2023-02-27T15:44:00Z,35
2023-02-27T15:47:00Z,23
2023-02-27T15:48:00Z,17
2023-02-27T15:49:00Z,17
2023-02-27T15:53:00Z,20
2023-02-27T15:54:00Z,2
2023-02-27T15:56:00Z,39
2023-02-27T15:57:00Z,45
2023-02-27T15:58:00Z,30
2023-02-27T16:41:00Z,20
2023-02-27T16:42:00Z,15
2023-02-27T16:43:00Z,7
2023-02-27T16:45:00Z,8
2023-02-27T16:46:00Z,20
2023-02-27T16:47:00Z,38
2023-02-27T16:48:00Z,32
2023-02-27T16:54:00Z,2
2023-02-27T16:55:00Z,35
2023-02-27T16:56:00Z,13
2023-02-27T16:57:00Z,10
2023-02-27T16:59:00Z,24
2023-02-27T17:00:00Z,3
2023-02-27T17:02:00Z,4
2023-02-27T17:03:00Z,5
2023-02-27T17:04:00Z,9
2023-02-27T17:05:00Z,27
2023-02-27T17:06:00Z,35
2023-02-27T17:07:00Z,30
2023-02-27T18:27:00Z,17
2023-02-27T18:28:00Z,56
2023-02-27T18:29:00Z,27
2023-02-28T00:16:00Z,63
2023-02-28T00:17:00Z,7
2023-02-28T00:18:00Z,3
2023-02-28T00:19:00Z,25
2023-02-28T00:20:00Z,43
2023-02-28T00:21:00Z,59
2023-02-28T00:22:00Z,17
2023-02-28T00:23:00Z,47
2023-02-28T00:24:00Z,26
2023-02-28T00:25:00Z,8
2023-02-28T00:30:00Z,10
2023-02-28T00:31:00Z,39
2023-02-28T00:32:00Z,12
2023-02-28T00:34:00Z,3
2023-02-28T00:35:00Z,17
2023-02-28T00:36:00Z,11
2023-02-28T00:38:00Z,25
2023-02-28T00:39:00Z,26
2023-02-28T00:40:00Z,28
2023-02-28T00:41:00Z,96
2023-02-28T00:42:00Z,106
2023-02-28T00:43:00Z,105
2023-02-28T00:44:00Z,50
2023-02-28T00:45:00Z,22
2023-02-28T00:47:00Z,5
2023-02-28T00:48:00Z,107
2023-02-28T00:49:00Z,108
2023-02-28T00:50:00Z,108
2023-02-28T00:51:00Z,104
2023-02-28T00:52:00Z,18
2023-02-28T01:00:00Z,9
2023-02-28T01:01:00Z,59
2023-02-28T01:02:00Z,54
2023-02-28T01:03:00Z,17
2023-02-28T01:12:00Z,13
2023-02-28T01:53:00Z,14
2023-02-28T01:54:00Z,33
2023-02-28T01:57:00Z,32
2023-02-28T02:03:00Z,5
2023-02-28T02:04:00Z,52
2023-02-28T02:05:00Z,28
2023-02-28T02:06:00Z,45
2023-02-28T02:07:00Z,16
2023-02-28T02:09:00Z,23
2023-02-28T02:10:00Z,32
2023-02-28T02:11:00Z,103
2023-02-28T02:12:00Z,106
2023-02-28T02:13:00Z,104
2023-02-28T02:14:00Z,75
2023-02-28T02:18:00Z,50
2023-02-28T02:19:00Z,46
2023-02-28T02:21:00Z,15
2023-02-28T02:22:00Z,2
2023-02-28T02:23:00Z,1
2023-02-28T02:24:00Z,8
2023-02-28T02:34:00Z,21
2023-02-28T02:35:00Z,8
2023-02-28T02:36:00Z,12
2023-02-28T02:37:00Z,7
2023-02-28T02:39:00Z,5
2023-02-28T02:40:00Z,16
2023-02-28T02:41:00Z,10
2023-02-28T02:48:00Z,4
2023-02-28T02:49:00Z,2
2023-02-28T02:51:00Z,18
2023-02-28T02:53:00Z,2
2023-02-28T02:54:00Z,12
2023-02-28T02:55:00Z,21
2023-02-28T02:59:00Z,5
2023-02-28T03:02:00Z,7
2023-02-28T03:05:00Z,7
2023-02-28T03:06:00Z,22
2023-02-28T03:08:00Z,19
2023-02-28T03:12:00Z,10
2023-02-28T03:17:00Z,4
2023-02-28T03:20:00Z,5
2023-02-28T03:24:00Z,28
2023-02-28T03:25:00Z,24
2023-02-28T03:26:00Z,13
2023-02-28T03:27:00Z,6
2023-02-28T03:29:00Z,91
2023-02-28T03:30:00Z,101
2023-02-28T03:31:00Z,100
2023-02-28T03:32:00Z,103
2023-02-28T03:33:00Z,92
2023-02-28T03:34:00Z,29
2023-02-28T03:36:00Z,35
2023-02-28T03:37:00Z,30
2023-02-28T03:38:00Z,11
2023-02-28T03:40:00Z,78
2023-02-28T03:47:00Z,18
2023-02-28T03:48:00Z,5
2023-02-28T03:52:00Z,36
2023-02-28T05:55:00Z,3
2023-02-28T05:56:00Z,35
2023-02-28T05:58:00Z,30
2023-02-28T05:59:00Z,57
2023-02-28T06:00:00Z,7
2023-02-28T06:10:00Z,16
2023-02-28T06:12:00Z,39
2023-02-28T06:13:00Z,79
2023-02-28T06:14:00Z,4
2023-02-28T06:15:00Z,13
2023-02-28T06:16:00Z,55
2023-02-28T06:17:00Z,12
2023-02-28T06:46:00Z,29
2023-02-28T06:50:00Z,4
2023-02-28T06:51:00Z,72
2023-02-28T06:52:00Z,54
2023-02-28T06:53:00Z,37
2023-02-28T06:55:00Z,38
2023-02-28T06:56:00Z,68
2023-02-28T06:58:00Z,24
2023-02-28T07:00:00Z,29
2023-02-28T07:01:00Z,13
2023-02-28T07:05:00Z,57
2023-02-28T07:06:00Z,72
2023-02-28T07:07:00Z,120
2023-02-28T07:08:00Z,172
2023-02-28T07:09:00Z,117
2023-02-28T07:11:00Z,153
2023-02-28T07:12:00Z,174
2023-02-28T07:13:00Z,87
2023-02-28T07:14:00Z,76
2023-02-28T07:15:00Z,43
2023-02-28T07:16:00Z,56
2023-02-28T07:19:00Z,20
2023-02-28T07:20:00Z,13
2023-02-28T07:22:00Z,50
2023-02-28T07:23:00Z,34
2023-02-28T07:24:00Z,40
2023-02-28T07:25:00Z,43
2023-02-28T07:26:00Z,49
2023-02-28T07:27:00Z,13
2023-02-28T07:28:00Z,3
2023-02-28T07:29:00Z,18
2023-02-28T07:31:00Z,5
2023-02-28T07:32:00Z,27
2023-02-28T07:34:00Z,1
2023-02-28T07:35:00Z,61
2023-02-28T07:36:00Z,37
2023-02-28T07:37:00Z,24
2023-02-28T07:38:00Z,10
2023-02-28T07:51:00Z,14
2023-02-28T07:52:00Z,75
2023-02-28T07:53:00Z,45
2023-02-28T07:54:00Z,10
2023-02-28T07:55:00Z,6
2023-02-28T07:56:00Z,42
2023-02-28T07:57:00Z,9
2023-02-28T07:58:00Z,54
2023-02-28T07:59:00Z,1
2023-02-28T08:03:00Z,44
2023-02-28T08:04:00Z,20
2023-02-28T08:05:00Z,35
2023-02-28T08:06:00Z,6
2023-02-28T08:08:00Z,13
2023-02-28T08:09:00Z,85
2023-02-28T08:10:00Z,19
2023-02-28T08:11:00Z,1
2023-02-28T08:12:00Z,37
2023-02-28T08:13:00Z,16
2023-02-28T08:14:00Z,84
2023-02-28T08:15:00Z,107
2023-02-28T08:16:00Z,48
2023-02-28T08:17:00Z,99
2023-02-28T08:42:00Z,5
2023-02-28T08:54:00Z,5
2023-02-28T09:33:00Z,5
2023-02-28T09:36:00Z,61
2023-02-28T09:37:00Z,34
2023-02-28T09:38:00Z,57
2023-02-28T09:39:00Z,35
2023-02-28T09:51:00Z,13
2023-02-28T09:52:00Z,9
2023-02-28T09:54:00Z,31
2023-02-28T09:55:00Z,28
2023-02-28T09:58:00Z,2
2023-02-28T09:59:00Z,30
2023-02-28T10:00:00Z,2
2023-02-28T10:01:00Z,13
2023-02-28T10:02:00Z,89
2023-02-28T10:03:00Z,63
2023-02-28T10:06:00Z,19
2023-02-28T10:07:00Z,39
2023-02-28T10:10:00Z,34
2023-02-28T10:14:00Z,40
2023-02-28T10:15:00Z,104
2023-02-28T10:16:00Z,108
2023-02-28T10:17:00Z,53
2023-02-28T10:18:00Z,76
2023-02-28T10:19:00Z,34
2023-02-28T10:20:00Z,63
2023-02-28T10:21:00Z,3
2023-02-28T10:22:00Z,20
2023-02-28T10:24:00Z,20
2023-02-28T10:45:00Z,15
2023-02-28T10:46:00Z,12
2023-02-28T10:48:00Z,7
2023-02-28T10:50:00Z,4
2023-02-28T10:55:00Z,11
2023-02-28T11:01:00Z,24
2023-02-28T11:02:00Z,60
2023-02-28T11:03:00Z,10
2023-02-28T11:16:00Z,11
2023-02-28T11:17:00Z,7
2023-02-28T11:18:00Z,17
2023-02-28T11:19:00Z,41
2023-02-28T11:30:00Z,29
2023-02-28T11:31:00Z,29
2023-02-28T11:59:00Z,13
2023-02-28T12:01:00Z,5
2023-02-28T12:02:00Z,2
2023-02-28T12:06:00Z,35
2023-02-28T12:07:00Z,12
2023-02-28T12:08:00Z,3
2023-02-28T12:09:00Z,11
2023-02-28T12:15:00Z,10
2023-02-28T12:19:00Z,18
2023-02-28T12:20:00Z,47
2023-02-28T12:24:00Z,4
2023-02-28T12:25:00Z,23
2023-02-28T12:27:00Z,33
2023-02-28T12:28:00Z,14
2023-02-28T12:29:00Z,55
2023-02-28T12:30:00Z,24
2023-02-28T12:32:00Z,43
2023-02-28T12:35:00Z,11
2023-02-28T12:38:00Z,29
2023-02-28T12:39:00Z,15
2023-02-28T12:40:00Z,9
2023-02-28T12:41:00Z,38
2023-02-28T12:42:00Z,45
2023-02-28T12:43:00Z,10
2023-02-28T12:47:00Z,16
2023-02-28T12:48:00Z,4
2023-02-28T13:03:00Z,3
2023-02-28T13:05:00Z,32
2023-02-28T13:06:00Z,11
2023-02-28T13:07:00Z,1
2023-02-28T13:08:00Z,8
2023-02-28T13:11:00Z,15
2023-02-28T13:13:00Z,6
2023-02-28T13:15:00Z,16
2023-02-28T13:18:00Z,21
2023-02-28T13:26:00Z,11
2023-02-28T13:27:00Z,13
2023-02-28T13:28:00Z,7
2023-02-28T13:29:00Z,9
2023-02-28T13:32:00Z,2
2023-02-28T13:39:00Z,28
2023-02-28T13:40:00Z,34
2023-02-28T13:43:00Z,34
2023-02-28T13:44:00Z,50
2023-02-28T13:45:00Z,35
2023-02-28T13:47:00Z,16
2023-02-28T13:48:00Z,33
2023-02-28T13:51:00Z,8
2023-02-28T13:54:00Z,31
2023-02-28T13:58:00Z,35
2023-02-28T14:04:00Z,30
2023-02-28T14:29:00Z,21
2023-02-28T14:30:00Z,24
2023-02-28T14:31:00Z,26
2023-02-28T14:32:00Z,19
2023-02-28T14:33:00Z,15
2023-02-28T14:38:00Z,31
2023-02-28T14:39:00Z,35
2023-02-28T14:40:00Z,17
2023-02-28T14:41:00Z,13
2023-02-28T14:42:00Z,2
2023-02-28T14:43:00Z,15
2023-02-28T14:47:00Z,71
2023-02-28T15:38:00Z,3
2023-02-28T15:39:00Z,2
2023-02-28T15:48:00Z,25
2023-02-28T15:49:00Z,34
2023-02-28T15:50:00Z,29
2023-02-28T15:53:00Z,23
2023-02-28T15:54:00Z,35
2023-02-28T15:55:00Z,16
2023-02-28T15:58:00Z,17
2023-02-28T15:59:00Z,5
2023-02-28T16:22:00Z,32
2023-02-28T16:23:00Z,86
