timestamp,vertical ratio
2024-09-28T11:22:53Z,1044.3
2024-09-28T11:22:58Z,991.9
2024-09-28T11:23:03Z,957.0
2024-09-28T11:23:08Z,894.4
2024-09-28T11:23:12Z,865.6
2024-09-28T11:23:17Z,844.8
2024-09-28T11:23:22Z,840.6
2024-09-28T11:23:28Z,816.8
2024-09-28T11:23:33Z,814.1
2024-09-28T11:23:38Z,793.4
2024-09-28T11:23:43Z,809.3
2024-09-28T11:23:48Z,811.0
2024-09-28T11:23:53Z,817.4
2024-09-28T11:23:58Z,800.7
2024-09-28T11:24:02Z,808.1
2024-09-28T11:24:07Z,831.6
2024-09-28T11:24:12Z,844.6
2024-09-28T11:24:17Z,824.6
2024-09-28T11:24:22Z,791.3
2024-09-28T11:24:27Z,780.6
2024-09-28T11:24:32Z,792.0
2024-09-28T11:24:37Z,808.3
2024-09-28T11:24:42Z,791.2
2024-09-28T11:24:47Z,764.9
2024-09-28T11:24:52Z,747.1
2024-09-28T11:24:57Z,746.4
2024-09-28T11:25:03Z,758.0
2024-09-28T11:25:08Z,749.4
2024-09-28T11:25:13Z,766.4
2024-09-28T11:25:18Z,762.7
2024-09-28T11:25:23Z,770.2
2024-09-28T11:25:28Z,777.4
2024-09-28T11:25:33Z,772.2
2024-09-28T11:25:38Z,793.6
2024-09-28T11:25:42Z,764.8
2024-09-28T11:25:48Z,780.3
2024-09-28T11:25:52Z,751.0
2024-09-28T11:25:57Z,754.0
2024-09-28T11:26:02Z,750.0
2024-09-28T11:26:07Z,761.7
2024-09-28T11:26:12Z,776.6
2024-09-28T11:26:17Z,777.8
2024-09-28T11:26:22Z,785.0
2024-09-28T11:26:27Z,766.4
2024-09-28T11:26:32Z,763.8
2024-09-28T11:26:37Z,740.8
2024-09-28T11:26:42Z,726.0
2024-09-28T11:26:47Z,699.8
2024-09-28T11:26:52Z,705.6
2024-09-28T11:26:57Z,694.3
2024-09-28T11:27:02Z,689.9
2024-09-28T11:27:08Z,686.1
2024-09-28T11:27:13Z,703.2
2024-09-28T11:27:18Z,703.5
2024-09-28T11:27:23Z,692.9
2024-09-28T11:27:27Z,700.3
2024-09-28T11:27:32Z,719.1
2024-09-28T11:27:38Z,716.8
2024-09-28T11:27:42Z,710.5
2024-09-28T11:27:47Z,680.5
2024-09-28T11:27:52Z,665.8
2024-09-28T11:27:57Z,673.4
2024-09-28T11:28:02Z,679.0
2024-09-28T11:28:07Z,708.1
2024-09-28T11:28:12Z,707.8
2024-09-28T11:28:17Z,727.2
2024-09-28T11:28:23Z,710.1
2024-09-28T11:28:28Z,719.4
2024-09-28T11:28:33Z,695.6
2024-09-28T11:28:38Z,691.5
2024-09-28T11:28:43Z,682.3
2024-09-28T11:28:48Z,719.3
2024-09-28T11:28:53Z,748.4
2024-09-28T11:28:58Z,773.6
2024-09-28T11:29:03Z,762.6
2024-09-28T11:29:08Z,768.1
2024-09-28T11:29:13Z,745.8
2024-09-28T11:29:17Z,745.2
2024-09-28T11:29:23Z,719.6
2024-09-28T11:29:27Z,723.4
2024-09-28T11:29:32Z,717.2
2024-09-28T11:29:37Z,726.4
2024-09-28T11:29:42Z,731.3
2024-09-28T11:29:47Z,723.6
2024-09-28T11:29:52Z,718.7
2024-09-28T11:29:57Z,710.7
2024-09-28T11:30:02Z,727.6
2024-09-28T11:30:07Z,723.4
2024-09-28T11:30:12Z,739.3
2024-09-28T11:30:17Z,732.8
2024-09-28T11:30:22Z,771.7
2024-09-28T11:30:27Z,746.6
2024-09-28T11:30:32Z,716.0
2024-09-28T11:30:37Z,668.0
2024-09-28T11:30:42Z,641.2
2024-09-28T11:30:47Z,653.4
2024-09-28T11:30:52Z,665.5
2024-09-28T11:30:57Z,677.5
2024-09-28T11:31:02Z,693.5
2024-09-28T11:31:08Z,681.7
2024-09-28T11:31:13Z,708.9
2024-09-28T11:31:18Z,699.4
2024-09-28T11:31:23Z,680.6
2024-09-28T11:31:28Z,663.4
2024-09-28T11:31:32Z,647.8
2024-09-28T11:31:38Z,698.7
2024-09-28T11:31:43Z,742.6
2024-09-28T11:31:48Z,835.6
2024-09-28T11:31:53Z,933.6
2024-09-28T11:31:58Z,1020.8
2024-09-28T11:32:03Z,1093.6
2024-09-28T11:32:08Z,1124.5
2024-09-28T11:32:13Z,1122.8
2024-09-28T11:32:18Z,1099.4
2024-09-28T11:32:23Z,1042.7
2024-09-28T11:32:28Z,1016.7
2024-09-28T11:32:33Z,1003.5
2024-09-28T11:32:38Z,1053.1
2024-09-28T11:32:43Z,1093.1
2024-09-28T11:32:47Z,1073.8
2024-09-28T11:32:53Z,1085.4
2024-09-28T11:32:58Z,1064.1
2024-09-28T11:33:03Z,1090.0
2024-09-28T11:33:07Z,1125.2
2024-09-28T11:33:12Z,1128.2
2024-09-28T11:33:17Z,1137.3
2024-09-28T11:33:22Z,1036.5
2024-09-28T11:33:27Z,1098.2
2024-09-28T11:33:32Z,1152.0
2024-09-28T11:33:37Z,1145.2
2024-09-28T11:33:42Z,1060.0
2024-09-28T11:33:47Z,968.0
2024-09-28T11:33:52Z,1001.0
2024-09-28T11:33:57Z,1001.4
2024-09-28T11:34:03Z,1060.5
2024-09-28T11:34:08Z,1131.8
2024-09-28T11:34:13Z,1201.9
2024-09-28T11:34:18Z,1279.2
2024-09-28T11:34:23Z,1250.2
2024-09-28T11:34:28Z,1202.9
2024-09-28T11:34:33Z,1192.7
2024-09-28T11:34:38Z,1239.1
2024-09-28T11:34:43Z,1190.7
2024-09-28T11:34:48Z,1007.3
2024-09-28T11:34:52Z,828.3
2024-09-28T11:34:57Z,753.1
2024-09-28T11:35:03Z,742.9
2024-09-28T11:35:08Z,757.8
2024-09-28T11:35:13Z,787.5
2024-09-28T11:35:17Z,782.8
2024-09-28T11:35:22Z,743.5
2024-09-28T11:35:27Z,736.3
2024-09-28T11:35:32Z,754.2
2024-09-28T11:35:37Z,764.1
2024-09-28T11:35:42Z,748.1
2024-09-28T11:35:47Z,742.4
2024-09-28T11:35:52Z,723.9
2024-09-28T11:35:57Z,739.4
2024-09-28T11:36:02Z,732.0
2024-09-28T11:36:07Z,733.5
2024-09-28T11:36:12Z,746.4
2024-09-28T11:36:17Z,737.4
2024-09-28T11:36:22Z,753.5
2024-09-28T11:36:27Z,718.8
2024-09-28T11:36:32Z,694.7
2024-09-28T11:36:37Z,715.8
2024-09-28T11:36:43Z,715.5
2024-09-28T11:36:48Z,778.9
2024-09-28T11:36:53Z,752.2
2024-09-28T11:36:57Z,757.0
2024-09-28T11:37:02Z,700.0
2024-09-28T11:37:07Z,682.8
2024-09-28T11:37:12Z,677.4
2024-09-28T11:37:17Z,676.6
2024-09-28T11:37:22Z,702.6
2024-09-28T11:37:27Z,745.1
2024-09-28T11:37:32Z,749.0
2024-09-28T11:37:37Z,740.1
2024-09-28T11:37:42Z,688.1
2024-09-28T11:37:47Z,697.9
2024-09-28T11:37:52Z,714.7
2024-09-28T11:37:57Z,718.3
2024-09-28T11:38:02Z,731.5
2024-09-28T11:38:07Z,699.6
2024-09-28T11:38:13Z,703.4
2024-09-28T11:38:17Z,709.9
2024-09-28T11:38:23Z,735.7
2024-09-28T11:38:28Z,772.2
2024-09-28T11:38:33Z,751.8
2024-09-28T11:38:37Z,749.8
2024-09-28T11:38:42Z,728.3
2024-09-28T11:38:47Z,729.2
2024-09-28T11:38:52Z,716.9
2024-09-28T11:38:57Z,699.0
2024-09-28T11:39:03Z,686.9
2024-09-28T11:39:08Z,691.3
2024-09-28T11:39:13Z,700.7
2024-09-28T11:39:17Z,715.7
2024-09-28T11:39:22Z,739.6
2024-09-28T11:39:27Z,770.3
2024-09-28T11:39:32Z,764.9
2024-09-28T11:39:37Z,770.1
2024-09-28T11:39:42Z,823.4
2024-09-28T11:39:47Z,869.4
2024-09-28T11:39:52Z,838.3
2024-09-28T11:39:57Z,762.9
2024-09-28T11:40:02Z,710.8
2024-09-28T11:40:07Z,715.7
2024-09-28T11:40:12Z,723.6
2024-09-28T11:40:17Z,732.4
2024-09-28T11:40:22Z,711.2
2024-09-28T11:40:27Z,699.2
2024-09-28T11:40:32Z,719.2
2024-09-28T11:40:37Z,747.6
2024-09-28T11:40:42Z,766.9
2024-09-28T11:40:48Z,739.0
2024-09-28T11:40:52Z,730.0
2024-09-28T11:40:57Z,715.9
2024-09-28T11:41:02Z,697.9
2024-09-28T11:41:07Z,690.9
2024-09-28T11:41:12Z,691.1
2024-09-28T11:41:17Z,718.2
2024-09-28T11:41:22Z,716.1
2024-09-28T11:41:27Z,733.8
2024-09-28T11:41:32Z,745.2
2024-09-28T11:41:37Z,752.9
2024-09-28T11:41:42Z,762.5
2024-09-28T11:41:47Z,756.2
2024-09-28T11:41:52Z,753.1
2024-09-28T11:41:57Z,720.7
2024-09-28T11:42:02Z,725.6
2024-09-28T11:42:07Z,689.5
2024-09-28T11:42:12Z,671.0
2024-09-28T11:42:17Z,659.6
2024-09-28T11:42:22Z,710.0
2024-09-28T11:42:27Z,748.5
2024-09-28T11:42:33Z,760.4
2024-09-28T11:42:38Z,743.0
2024-09-28T11:42:43Z,739.9
2024-09-28T11:42:48Z,752.7
2024-09-28T11:42:53Z,771.7
2024-09-28T11:42:58Z,762.3
2024-09-28T11:43:03Z,756.8
2024-09-28T11:43:08Z,740.6
2024-09-28T11:43:13Z,735.7
2024-09-28T11:43:18Z,735.4
2024-09-28T11:43:23Z,765.8
2024-09-28T11:43:27Z,903.3
2024-09-28T11:43:32Z,1113.7
2024-09-28T11:43:37Z,1258.2
2024-09-28T11:43:42Z,1217.8
2024-09-28T11:43:47Z,1081.3
2024-09-28T11:43:52Z,995.3
2024-09-28T11:43:57Z,954.8
2024-09-28T11:44:02Z,926.4
2024-09-28T11:44:07Z,887.2
2024-09-28T11:44:12Z,902.4
2024-09-28T11:44:17Z,925.8
2024-09-28T11:44:24Z,877.7
2024-09-28T11:44:29Z,883.1
2024-09-28T11:44:34Z,889.5
2024-09-28T11:44:39Z,883.6
2024-09-28T11:44:44Z,862.5
2024-09-28T11:44:49Z,858.7
2024-09-28T11:44:54Z,947.5
2024-09-28T11:44:59Z,1102.5
2024-09-28T11:45:04Z,1252.6
2024-09-28T11:45:09Z,1303.0
2024-09-28T11:45:14Z,1310.7
2024-09-28T11:45:19Z,1295.6
2024-09-28T11:45:24Z,1297.9
2024-09-28T11:45:29Z,1295.0
2024-09-28T11:45:34Z,1292.3
2024-09-28T11:45:39Z,1279.4
2024-09-28T11:45:48Z,1016.8
2024-09-28T11:45:53Z,931.2
2024-09-28T11:45:58Z,909.7
2024-09-28T11:46:03Z,919.1
2024-09-28T11:46:08Z,925.3
2024-09-28T11:46:13Z,1092.1
2024-09-28T11:46:18Z,1163.9
2024-09-28T11:46:22Z,1209.6
2024-09-28T11:46:28Z,1052.8
2024-09-28T11:46:32Z,955.1
2024-09-28T11:46:38Z,995.4
2024-09-28T11:46:43Z,976.9
2024-09-28T11:46:48Z,911.9
2024-09-28T11:46:52Z,788.9
2024-09-28T11:46:58Z,744.3
2024-09-28T11:47:02Z,735.9
2024-09-28T11:47:08Z,718.7
2024-09-28T11:47:13Z,722.8
2024-09-28T11:47:17Z,707.4
2024-09-28T11:47:22Z,727.4
2024-09-28T11:47:27Z,733.7
2024-09-28T11:47:32Z,741.9
2024-09-28T11:47:38Z,734.8
2024-09-28T11:47:43Z,728.3
2024-09-28T11:47:47Z,715.6
2024-09-28T11:47:52Z,733.2
2024-09-28T11:47:57Z,750.2
2024-09-28T11:48:02Z,783.3
2024-09-28T11:48:08Z,770.5
2024-09-28T11:48:12Z,794.9
2024-09-28T11:48:18Z,780.0
2024-09-28T11:48:22Z,762.3
2024-09-28T11:48:27Z,731.4
2024-09-28T11:48:33Z,717.1
2024-09-28T11:48:38Z,732.8
2024-09-28T11:48:43Z,730.3
2024-09-28T11:48:48Z,745.4
2024-09-28T11:48:52Z,760.6
2024-09-28T11:48:58Z,767.6
2024-09-28T11:49:03Z,782.5
2024-09-28T11:49:08Z,781.1
2024-09-28T11:49:13Z,803.8
2024-09-28T11:49:18Z,826.6
2024-09-28T11:49:23Z,846.7
2024-09-28T11:49:28Z,823.8
2024-09-28T11:49:33Z,792.6
2024-09-28T11:49:38Z,751.3
2024-09-28T11:49:43Z,762.9
2024-09-28T11:49:48Z,768.0
2024-09-28T11:49:53Z,749.7
2024-09-28T11:49:58Z,724.8
2024-09-28T11:50:02Z,706.0
2024-09-28T11:50:08Z,713.9
2024-09-28T11:50:12Z,710.9
2024-09-28T11:50:18Z,712.5
2024-09-28T11:50:22Z,730.3
2024-09-28T11:50:28Z,703.5
2024-09-28T11:50:32Z,699.8
2024-09-28T11:50:38Z,691.1
2024-09-28T11:50:43Z,732.9
2024-09-28T11:50:47Z,740.6
2024-09-28T11:50:53Z,727.4
2024-09-28T11:50:57Z,722.3
2024-09-28T11:51:02Z,730.0
2024-09-28T11:51:08Z,746.5
2024-09-28T11:51:12Z,742.6
2024-09-28T11:51:18Z,732.5
2024-09-28T11:51:23Z,726.2
2024-09-28T11:51:28Z,717.9
2024-09-28T11:51:33Z,720.2
2024-09-28T11:51:38Z,693.4
2024-09-28T11:51:43Z,701.3
2024-09-28T11:51:48Z,679.2
2024-09-28T11:51:53Z,699.7
2024-09-28T11:51:58Z,685.7
2024-09-28T11:52:03Z,688.1
2024-09-28T11:52:08Z,711.1
2024-09-28T11:52:13Z,705.0
2024-09-28T11:52:18Z,724.0
2024-09-28T11:52:23Z,704.4
2024-09-28T11:52:28Z,731.0
2024-09-28T11:52:33Z,738.7
2024-09-28T11:52:38Z,752.7
2024-09-28T11:52:42Z,754.5
2024-09-28T11:52:48Z,763.9
2024-09-28T11:52:53Z,784.2
2024-09-28T11:52:57Z,780.3
2024-09-28T11:53:03Z,769.1
2024-09-28T11:53:08Z,762.4
2024-09-28T11:53:13Z,766.7
2024-09-28T11:53:18Z,766.7
2024-09-28T11:53:23Z,750.8
2024-09-28T11:53:28Z,771.1
2024-09-28T11:53:33Z,793.6
2024-09-28T11:53:38Z,827.9
2024-09-28T11:53:43Z,818.3
2024-09-28T11:53:47Z,803.4
2024-09-28T11:53:53Z,798.4
2024-09-28T11:53:58Z,798.4
2024-09-28T11:54:02Z,801.7
2024-09-28T11:54:08Z,786.4
2024-09-28T11:54:13Z,773.8
2024-09-28T11:54:17Z,780.8
2024-09-28T11:54:23Z,764.8
2024-09-28T11:54:27Z,765.6
2024-09-28T11:54:32Z,761.1
2024-09-28T11:54:37Z,754.2
2024-09-28T11:54:43Z,762.6
2024-09-28T11:54:47Z,750.8
2024-09-28T11:54:52Z,778.5
2024-09-28T11:54:58Z,773.2
2024-09-28T11:55:02Z,784.3
2024-09-28T11:55:07Z,782.6
2024-09-28T11:55:12Z,779.0
2024-09-28T11:55:17Z,775.8
2024-09-28T11:55:22Z,771.8
2024-09-28T11:55:28Z,785.9
2024-09-28T11:55:33Z,774.2
2024-09-28T11:55:38Z,767.8
2024-09-28T11:55:42Z,813.5
2024-09-28T11:55:47Z,829.3
2024-09-28T11:55:53Z,922.3
2024-09-28T11:55:58Z,924.8
2024-09-28T11:56:03Z,943.4
2024-09-28T11:56:07Z,850.8
2024-09-28T11:56:13Z,826.3
2024-09-28T11:56:18Z,915.0
2024-09-28T11:56:23Z,1059.0
2024-09-28T11:56:28Z,1057.7
2024-09-28T11:56:33Z,1015.8
2024-09-28T11:56:37Z,919.2
2024-09-28T11:56:43Z,955.7
2024-09-28T11:56:48Z,918.6
2024-09-28T11:56:53Z,890.5
2024-09-28T11:56:58Z,899.7
2024-09-28T11:57:03Z,1007.7
2024-09-28T11:57:07Z,1173.5
2024-09-28T11:57:13Z,1158.0
2024-09-28T11:57:17Z,1069.2
2024-09-28T11:57:23Z,928.5
2024-09-28T11:57:27Z,900.7
2024-09-28T11:57:33Z,978.3
2024-09-28T11:57:37Z,1000.9
2024-09-28T11:57:43Z,1033.3
2024-09-28T11:57:48Z,964.9
2024-09-28T11:57:52Z,953.0
2024-09-28T11:57:58Z,937.8
2024-09-28T11:58:03Z,906.0
2024-09-28T11:58:08Z,929.5
2024-09-28T11:58:12Z,928.1
2024-09-28T11:58:18Z,908.6
2024-09-28T11:58:22Z,879.4
2024-09-28T11:58:28Z,888.2
2024-09-28T11:58:32Z,930.8
2024-09-28T11:58:38Z,959.7
2024-09-28T11:58:43Z,928.9
2024-09-28T11:58:47Z,916.8
2024-09-28T11:58:52Z,874.1
2024-09-28T11:58:58Z,873.0
2024-09-28T11:59:03Z,878.8
2024-09-28T11:59:08Z,884.6
2024-09-28T11:59:13Z,925.8
2024-09-28T11:59:17Z,898.9
2024-09-28T11:59:22Z,913.7
2024-09-28T11:59:28Z,878.6
2024-09-28T11:59:33Z,898.0
2024-09-28T11:59:38Z,894.7
2024-09-28T11:59:43Z,914.7
2024-09-28T11:59:48Z,908.9
2024-09-28T11:59:53Z,942.9
2024-09-28T11:59:58Z,923.7
2024-09-28T12:00:03Z,973.2
2024-09-28T12:00:08Z,888.2
2024-09-28T12:00:12Z,825.0
2024-09-28T12:00:18Z,706.6
2024-09-28T12:00:23Z,670.4
2024-09-28T12:00:28Z,663.7
2024-09-28T12:00:33Z,649.9
2024-09-28T12:00:38Z,657.7
2024-09-28T12:00:43Z,670.2
2024-09-28T12:00:48Z,688.3
2024-09-28T12:00:53Z,678.5
2024-09-28T12:00:58Z,680.5
2024-09-28T12:01:02Z,674.5
2024-09-28T12:01:07Z,684.8
2024-09-28T12:01:12Z,683.1
2024-09-28T12:01:17Z,688.1
2024-09-28T12:01:23Z,677.7
2024-09-28T12:01:28Z,678.0
2024-09-28T12:01:32Z,653.1
2024-09-28T12:01:38Z,664.9
2024-09-28T12:01:43Z,649.6
2024-09-28T12:01:47Z,693.6
2024-09-28T12:01:53Z,693.1
2024-09-28T12:01:58Z,715.6
2024-09-28T12:02:02Z,689.2
2024-09-28T12:02:07Z,759.9
2024-09-28T12:02:12Z,967.7
2024-09-28T12:02:17Z,1018.7
2024-09-28T12:02:23Z,1061.4
2024-09-28T12:02:28Z,907.5
2024-09-28T12:02:33Z,939.9
2024-09-28T12:02:37Z,860.2
2024-09-28T12:02:43Z,815.3
2024-09-28T12:02:48Z,763.7
2024-09-28T12:02:53Z,749.6
2024-09-28T12:02:58Z,725.3
2024-09-28T12:03:03Z,717.8
2024-09-28T12:03:08Z,716.4
2024-09-28T12:03:12Z,722.3
2024-09-28T12:03:17Z,692.7
2024-09-28T12:03:23Z,690.9
2024-09-28T12:03:28Z,700.1
2024-09-28T12:03:32Z,711.7
2024-09-28T12:03:38Z,684.6
2024-09-28T12:03:43Z,676.5
2024-09-28T12:03:48Z,694.8
2024-09-28T12:03:53Z,736.3
2024-09-28T12:03:58Z,743.8
2024-09-28T12:04:03Z,749.9
2024-09-28T12:04:07Z,745.3
2024-09-28T12:04:12Z,759.3
2024-09-28T12:04:17Z,804.9
2024-09-28T12:04:23Z,786.2
2024-09-28T12:04:28Z,776.0
2024-09-28T12:04:32Z,768.9
2024-09-28T12:04:38Z,927.3
2024-09-28T12:04:43Z,1015.4
2024-09-28T12:04:48Z,1077.7
2024-09-28T12:04:52Z,1097.5
2024-09-28T12:04:58Z,1094.1
2024-09-28T12:05:03Z,1094.4
2024-09-28T12:05:16Z,883.2
2024-09-28T12:05:20Z,981.0
2024-09-28T12:05:26Z,974.4
2024-09-28T12:05:30Z,1054.7
2024-09-28T12:05:36Z,1036.1
2024-09-28T12:05:41Z,1008.8
2024-09-28T12:05:46Z,897.7
2024-09-28T12:05:51Z,810.7
2024-09-28T12:05:55Z,748.1
2024-09-28T12:06:01Z,736.8
2024-09-28T12:06:05Z,719.5
2024-09-28T12:06:10Z,747.7
2024-09-28T12:06:16Z,733.0
2024-09-28T12:06:21Z,739.8
2024-09-28T12:06:26Z,723.9
2024-09-28T12:06:30Z,714.5
2024-09-28T12:06:36Z,713.4
2024-09-28T12:06:40Z,717.1
2024-09-28T12:06:46Z,749.5
2024-09-28T12:06:50Z,777.7
2024-09-28T12:06:56Z,777.7
2024-09-28T12:07:01Z,781.1
2024-09-28T12:07:06Z,767.7
2024-09-28T12:07:11Z,776.0
2024-09-28T12:07:16Z,761.8
2024-09-28T12:07:20Z,756.6
2024-09-28T12:07:26Z,757.9
2024-09-28T12:07:30Z,765.2
2024-09-28T12:07:35Z,837.4
2024-09-28T12:07:45Z,1031.8
2024-09-28T12:07:50Z,1228.2
2024-09-28T12:07:55Z,1353.0
2024-09-28T12:08:00Z,1343.6
2024-09-28T12:08:05Z,1338.8
2024-09-28T12:08:10Z,1345.6
2024-09-28T12:08:15Z,1350.0
2024-09-28T12:08:21Z,1350.5
2024-09-28T12:08:26Z,1348.2
2024-09-28T12:08:31Z,1373.9
2024-09-28T12:08:36Z,1386.5
2024-09-28T12:08:41Z,1397.5
2024-09-28T12:08:46Z,1391.8
2024-09-28T12:08:51Z,1341.6
2024-09-28T12:09:10Z,1103.6
2024-09-28T12:09:15Z,1045.9
2024-09-28T12:09:20Z,1054.8
2024-09-28T12:09:25Z,931.8
2024-09-28T12:09:30Z,841.4
2024-09-28T12:09:35Z,706.4
2024-09-28T12:09:40Z,693.3
2024-09-28T12:09:45Z,691.1
2024-09-28T12:09:50Z,682.6
2024-09-28T12:09:55Z,700.8
2024-09-28T12:10:00Z,753.1
2024-09-28T12:10:05Z,796.8
2024-09-28T12:10:10Z,791.4
2024-09-28T12:10:15Z,728.4
2024-09-28T12:10:20Z,706.6
2024-09-28T12:10:25Z,704.2
2024-09-28T12:10:30Z,724.0
2024-09-28T12:10:35Z,729.7
2024-09-28T12:10:40Z,726.5
2024-09-28T12:10:46Z,749.9
2024-09-28T12:10:51Z,760.6
2024-09-28T12:10:56Z,754.7
2024-09-28T12:11:01Z,713.0
2024-09-28T12:11:06Z,681.6
2024-09-28T12:11:11Z,684.3
2024-09-28T12:11:16Z,680.7
2024-09-28T12:11:21Z,691.1
2024-09-28T12:11:26Z,730.6
2024-09-28T12:11:30Z,818.2
2024-09-28T12:11:35Z,872.0
2024-09-28T12:11:40Z,820.4
2024-09-28T12:11:45Z,758.5
2024-09-28T12:11:50Z,757.1
2024-09-28T12:11:55Z,793.9
2024-09-28T12:12:00Z,780.2
2024-09-28T12:12:05Z,753.7
2024-09-28T12:12:10Z,725.3
2024-09-28T12:12:15Z,746.7
2024-09-28T12:12:20Z,760.9
2024-09-28T12:12:25Z,879.1
2024-09-28T12:12:30Z,971.4
2024-09-28T12:12:35Z,1067.3
2024-09-28T12:12:40Z,1108.5
2024-09-28T12:12:45Z,1113.4
2024-09-28T12:12:50Z,1124.2
2024-09-28T12:12:55Z,1090.3
2024-09-28T12:13:00Z,1082.2
2024-09-28T12:13:05Z,982.4
2024-09-28T12:13:10Z,925.7
2024-09-28T12:13:15Z,857.5
2024-09-28T12:13:20Z,908.6
2024-09-28T12:13:25Z,923.2
2024-09-28T12:13:37Z,835.0
2024-09-28T12:13:42Z,988.2
2024-09-28T12:13:47Z,1059.4
2024-09-28T12:13:53Z,1225.4
2024-09-28T12:13:58Z,1133.0
2024-09-28T12:14:02Z,1142.2
2024-09-28T12:14:07Z,1021.8
2024-09-28T12:14:12Z,1042.9
2024-09-28T12:14:17Z,899.3
2024-09-28T12:14:22Z,801.9
2024-09-28T12:14:28Z,721.9
2024-09-28T12:14:32Z,686.6
2024-09-28T12:14:38Z,693.5
2024-09-28T12:14:42Z,700.9
2024-09-28T12:14:47Z,730.4
2024-09-28T12:14:52Z,742.3
2024-09-28T12:14:57Z,752.0
2024-09-28T12:15:02Z,748.9
2024-09-28T12:15:07Z,732.9
2024-09-28T12:15:12Z,715.9
2024-09-28T12:15:17Z,699.6
2024-09-28T12:15:22Z,699.3
2024-09-28T12:15:27Z,706.7
2024-09-28T12:15:32Z,703.7
2024-09-28T12:15:37Z,693.3
2024-09-28T12:15:42Z,702.2
2024-09-28T12:15:47Z,707.0
2024-09-28T12:15:52Z,730.8
2024-09-28T12:15:57Z,738.8
2024-09-28T12:16:03Z,738.0
2024-09-28T12:16:08Z,748.1
2024-09-28T12:16:12Z,749.8
2024-09-28T12:16:17Z,759.8
2024-09-28T12:16:22Z,779.4
2024-09-28T12:16:27Z,882.6
2024-09-28T12:16:32Z,992.3
2024-09-28T12:16:37Z,1050.3
2024-09-28T12:16:48Z,1130.3
2024-09-28T12:16:53Z,1208.9
2024-09-28T12:16:58Z,1326.5
2024-09-28T12:17:03Z,1336.6
2024-09-28T12:17:08Z,1353.1
2024-09-28T12:17:13Z,1368.5
2024-09-28T12:17:18Z,1367.4
2024-09-28T12:17:23Z,1335.3
2024-09-28T12:17:28Z,1175.1
2024-09-28T12:17:33Z,1011.4
2024-09-28T12:17:39Z,868.1
2024-09-28T12:17:43Z,883.7
2024-09-28T12:17:48Z,881.6
2024-09-28T12:17:53Z,893.4
2024-09-28T12:17:58Z,864.8
2024-09-28T12:18:08Z,818.1
2024-09-28T12:18:12Z,873.4
2024-09-28T12:18:17Z,870.2
2024-09-28T12:18:22Z,884.4
2024-09-28T12:18:27Z,917.9
2024-09-28T12:18:32Z,875.9
2024-09-28T12:18:37Z,854.4
2024-09-28T12:18:42Z,792.4
2024-09-28T12:18:47Z,952.5
2024-09-28T12:18:52Z,1014.0
2024-09-28T12:18:57Z,976.8
2024-09-28T12:19:03Z,858.9
2024-09-28T12:19:08Z,800.9
2024-09-28T12:19:13Z,827.2
2024-09-28T12:19:17Z,818.7
2024-09-28T12:19:22Z,829.5
2024-09-28T12:19:27Z,851.1
2024-09-28T12:19:32Z,864.0
2024-09-28T12:19:38Z,862.2
2024-09-28T12:19:43Z,854.6
2024-09-28T12:19:48Z,840.1
2024-09-28T12:19:53Z,853.6
2024-09-28T12:19:58Z,840.2
2024-09-28T12:20:03Z,842.4
2024-09-28T12:20:08Z,857.4
2024-09-28T12:20:13Z,879.4
2024-09-28T12:20:17Z,884.8
2024-09-28T12:20:23Z,864.7
2024-09-28T12:20:28Z,896.2
2024-09-28T12:20:33Z,894.6
2024-09-28T12:20:38Z,874.6
2024-09-28T12:20:43Z,817.7
2024-09-28T12:20:48Z,800.5
2024-09-28T12:20:53Z,801.6
2024-09-28T12:20:58Z,794.2
2024-09-28T12:21:03Z,782.2
2024-09-28T12:21:08Z,772.7
2024-09-28T12:21:13Z,770.6
2024-09-28T12:21:18Z,866.6
2024-09-28T12:21:23Z,936.8
2024-09-28T12:21:28Z,991.6
2024-09-28T12:21:33Z,938.3
2024-09-28T12:21:38Z,934.4
2024-09-28T12:21:43Z,929.5
2024-09-28T12:21:48Z,918.0
2024-09-28T12:21:53Z,886.4
2024-09-28T12:21:58Z,843.8
2024-09-28T12:22:03Z,849.6
2024-09-28T12:22:08Z,806.7
2024-09-28T12:22:13Z,859.7
2024-09-28T12:22:18Z,865.5
2024-09-28T12:22:23Z,925.2
2024-09-28T12:22:28Z,908.7
2024-09-28T12:22:33Z,921.2
2024-09-28T12:22:38Z,864.1
2024-09-28T12:22:43Z,822.4
2024-09-28T12:22:48Z,778.2
2024-09-28T12:22:53Z,780.0
2024-09-28T12:22:58Z,776.3
2024-09-28T12:23:03Z,765.9
2024-09-28T12:23:08Z,756.8
2024-09-28T12:23:12Z,755.8
2024-09-28T12:23:17Z,755.5
2024-09-28T12:23:22Z,770.9
2024-09-28T12:23:27Z,770.3
2024-09-28T12:23:33Z,775.6
2024-09-28T12:23:38Z,777.7
2024-09-28T12:23:43Z,776.6
2024-09-28T12:23:48Z,774.2
2024-09-28T12:23:53Z,759.6
2024-09-28T12:23:58Z,767.0
2024-09-28T12:24:03Z,769.4
2024-09-28T12:24:08Z,776.6
2024-09-28T12:24:12Z,770.2
2024-09-28T12:24:17Z,759.1
2024-09-28T12:24:22Z,772.7
2024-09-28T12:24:27Z,754.7
2024-09-28T12:24:32Z,757.9
2024-09-28T12:24:38Z,788.1
2024-09-28T12:24:43Z,832.4
2024-09-28T12:24:48Z,858.6
2024-09-28T12:24:53Z,855.6
2024-09-28T12:24:58Z,930.3
2024-09-28T12:25:03Z,956.9
2024-09-28T12:25:08Z,957.7
2024-09-28T12:25:13Z,912.0
2024-09-28T12:25:18Z,883.2
2024-09-28T12:25:23Z,936.4
2024-09-28T12:25:28Z,913.5
2024-09-28T12:25:33Z,942.6
2024-09-28T12:25:38Z,881.4
2024-09-28T12:25:43Z,874.6
2024-09-28T12:25:48Z,874.9
2024-09-28T12:25:53Z,965.2
2024-09-28T12:25:58Z,945.0
2024-09-28T12:26:03Z,894.0
2024-09-28T12:26:08Z,739.7
2024-09-28T12:26:13Z,717.9
2024-09-28T12:26:18Z,707.0
2024-09-28T12:26:23Z,725.8
2024-09-28T12:26:27Z,733.9
2024-09-28T12:26:32Z,716.3
2024-09-28T12:26:38Z,715.7
2024-09-28T12:26:43Z,715.1
2024-09-28T12:26:48Z,738.6
2024-09-28T12:26:53Z,751.2
2024-09-28T12:26:58Z,750.9
2024-09-28T12:27:03Z,737.6
2024-09-28T12:27:08Z,742.5
2024-09-28T12:27:13Z,752.2
2024-09-28T12:27:18Z,771.7
2024-09-28T12:27:23Z,765.0
2024-09-28T12:27:28Z,753.8
2024-09-28T12:27:33Z,740.0
2024-09-28T12:27:38Z,733.4
2024-09-28T12:27:43Z,736.7
2024-09-28T12:27:48Z,739.9
2024-09-28T12:27:53Z,763.1
2024-09-28T12:27:58Z,875.5
2024-09-28T12:28:03Z,945.0
2024-09-28T12:28:08Z,993.6
2024-09-28T12:28:12Z,987.1
2024-09-28T12:28:17Z,986.7
2024-09-28T12:28:23Z,986.0
2024-09-28T12:28:28Z,939.8
2024-09-28T12:28:33Z,1046.8
2024-09-28T12:28:38Z,1085.3
2024-09-28T12:28:43Z,1079.6
2024-09-28T12:28:48Z,1019.7
2024-09-28T12:28:53Z,992.8
2024-09-28T12:28:57Z,1039.6
2024-09-28T12:29:02Z,956.1
2024-09-28T12:29:07Z,859.8
2024-09-28T12:29:13Z,731.2
2024-09-28T12:29:18Z,670.9
2024-09-28T12:29:23Z,681.5
2024-09-28T12:29:28Z,694.1
2024-09-28T12:29:33Z,727.9
2024-09-28T12:29:38Z,747.7
2024-09-28T12:29:43Z,748.1
2024-09-28T12:29:48Z,734.0
2024-09-28T12:29:53Z,705.9
2024-09-28T12:29:58Z,713.5
2024-09-28T12:30:03Z,728.6
2024-09-28T12:30:08Z,738.9
2024-09-28T12:30:13Z,833.5
2024-09-28T12:30:18Z,897.2
2024-09-28T12:30:23Z,964.5
2024-09-28T12:30:27Z,979.9
2024-09-28T12:30:32Z,1009.6
2024-09-28T12:30:37Z,1047.3
2024-09-28T12:30:48Z,999.9
2024-09-28T12:30:53Z,1013.7
2024-09-28T12:30:58Z,1010.8
2024-09-28T12:31:03Z,1038.9
2024-09-28T12:31:08Z,1060.9
2024-09-28T12:31:13Z,1071.7
2024-09-28T12:31:18Z,1026.0
2024-09-28T12:31:23Z,984.1
2024-09-28T12:31:28Z,986.4
2024-09-28T12:31:33Z,1026.9
2024-09-28T12:31:43Z,965.6
2024-09-28T12:31:48Z,975.3
2024-09-28T12:31:53Z,994.9
2024-09-28T12:31:58Z,979.1
2024-09-28T12:32:03Z,958.4
2024-09-28T12:32:08Z,934.2
2024-09-28T12:32:13Z,956.9
2024-09-28T12:32:18Z,985.0
2024-09-28T12:32:23Z,1002.2
2024-09-28T12:32:28Z,996.4
2024-09-28T12:32:33Z,991.1
2024-09-28T12:32:38Z,966.5
2024-09-28T12:32:43Z,877.4
2024-09-28T12:32:48Z,757.8
2024-09-28T12:32:53Z,655.7
2024-09-28T12:32:58Z,651.6
2024-09-28T12:33:03Z,652.3
2024-09-28T12:33:08Z,661.8
2024-09-28T12:33:13Z,677.4
2024-09-28T12:33:18Z,681.1
2024-09-28T12:33:23Z,696.8
2024-09-28T12:33:28Z,691.0
2024-09-28T12:33:33Z,734.0
2024-09-28T12:33:38Z,730.2
2024-09-28T12:33:43Z,725.3
2024-09-28T12:33:48Z,692.7
2024-09-28T12:33:53Z,706.2
2024-09-28T12:33:58Z,722.3
2024-09-28T12:34:03Z,771.6
2024-09-28T12:35:04Z,968.1
2024-09-28T12:35:09Z,918.1
2024-09-28T12:35:14Z,963.5
2024-09-28T12:35:19Z,926.4
2024-09-28T12:35:24Z,1026.9
2024-09-28T12:35:29Z,927.3
2024-09-28T12:35:34Z,882.3
2024-09-28T12:35:39Z,730.0
2024-09-28T12:35:44Z,707.2
2024-09-28T12:35:49Z,702.3
2024-09-28T12:35:54Z,700.9
2024-09-28T12:35:59Z,708.7
2024-09-28T12:36:04Z,698.2
2024-09-28T12:36:09Z,665.8
2024-09-28T12:36:14Z,714.0
2024-09-28T12:36:19Z,753.3
2024-09-28T12:36:24Z,786.2
2024-09-28T12:36:29Z,755.0
2024-09-28T12:36:34Z,734.0
2024-09-28T12:36:39Z,747.2
2024-09-28T12:36:44Z,737.8
2024-09-28T12:36:49Z,749.2
2024-09-28T12:36:54Z,753.7
2024-09-28T12:36:59Z,747.9
2024-09-28T12:37:04Z,699.4
2024-09-28T12:37:09Z,665.5
2024-09-28T12:37:15Z,668.2
2024-09-28T12:37:19Z,704.7
2024-09-28T12:37:24Z,743.5
2024-09-28T12:37:29Z,783.6
2024-09-28T12:37:35Z,978.9
2024-09-28T12:37:40Z,1121.0
2024-09-28T12:37:45Z,1121.0
2024-09-28T12:37:50Z,993.9
2024-09-28T12:37:54Z,907.4
2024-09-28T12:37:59Z,912.1
2024-09-28T12:38:04Z,888.7
2024-09-28T12:38:09Z,930.7
2024-09-28T12:38:14Z,917.5
2024-09-28T12:38:19Z,925.8
2024-09-28T12:38:25Z,857.8
2024-09-28T12:38:30Z,884.1
2024-09-28T12:38:35Z,924.3
2024-09-28T12:38:40Z,920.1
2024-09-28T12:38:45Z,919.1
2024-09-28T12:38:50Z,896.1
2024-09-28T12:38:55Z,952.6
2024-09-28T12:39:00Z,959.9
2024-09-28T12:39:05Z,1055.5
2024-09-28T12:39:09Z,1120.2
2024-09-28T12:39:23Z,899.1
2024-09-28T12:39:28Z,999.7
2024-09-28T12:39:33Z,1027.6
2024-09-28T12:39:38Z,959.8
2024-09-28T12:39:44Z,818.3
2024-09-28T12:39:49Z,682.1
2024-09-28T12:39:54Z,705.1
2024-09-28T12:39:59Z,722.3
2024-09-28T12:40:04Z,744.6
2024-09-28T12:40:09Z,731.0
2024-09-28T12:40:14Z,725.1
2024-09-28T12:40:19Z,714.4
2024-09-28T12:40:24Z,762.8
2024-09-28T12:40:29Z,782.4
2024-09-28T12:40:34Z,792.8
2024-09-28T12:40:39Z,713.5
2024-09-28T12:40:44Z,686.8
2024-09-28T12:40:49Z,679.5
2024-09-28T12:40:54Z,775.8
2024-09-28T12:40:59Z,791.0
2024-09-28T12:41:04Z,796.1
2024-09-28T12:41:09Z,725.0
2024-09-28T12:41:14Z,723.0
2024-09-28T12:41:19Z,720.6
2024-09-28T12:41:23Z,728.0
2024-09-28T12:41:28Z,726.1
2024-09-28T12:41:33Z,717.3
2024-09-28T12:41:38Z,715.4
2024-09-28T12:41:43Z,796.5
2024-09-28T12:41:48Z,868.2
2024-09-28T12:41:53Z,916.2
2024-09-28T12:41:58Z,884.3
2024-09-28T12:42:03Z,901.9
2024-09-28T12:42:08Z,924.9
2024-09-28T12:42:13Z,978.6
2024-09-28T12:42:18Z,987.7
2024-09-28T12:42:23Z,1055.5
2024-09-28T12:42:28Z,1032.0
2024-09-28T12:42:33Z,992.6
2024-09-28T12:42:38Z,925.3
2024-09-28T12:42:43Z,959.4
2024-09-28T12:42:48Z,1030.8
2024-09-28T12:42:53Z,1081.9
2024-09-28T12:42:58Z,1039.6
2024-09-28T12:43:03Z,987.8
2024-09-28T12:43:08Z,948.3
2024-09-28T12:43:13Z,977.0
2024-09-28T12:43:18Z,969.0
2024-09-28T12:43:23Z,947.7
2024-09-28T12:43:28Z,915.1
2024-09-28T12:43:33Z,949.4
2024-09-28T12:43:38Z,965.3
2024-09-28T12:43:43Z,1013.6
2024-09-28T12:43:49Z,1059.1
2024-09-28T12:43:53Z,1022.9
2024-09-28T12:43:58Z,1026.1
2024-09-28T12:44:11Z,990.3
2024-09-28T12:44:16Z,951.1
2024-09-28T12:44:21Z,1044.7
2024-09-28T12:44:29Z,751.1
2024-09-28T12:44:34Z,718.2
2024-09-28T12:44:39Z,697.1
2024-09-28T12:44:44Z,684.0
2024-09-28T12:44:49Z,674.9
2024-09-28T12:44:54Z,697.8
2024-09-28T12:44:59Z,703.1
2024-09-28T12:45:04Z,721.5
2024-09-28T12:45:09Z,717.1
2024-09-28T12:45:14Z,703.1
2024-09-28T12:45:19Z,701.5
2024-09-28T12:45:24Z,691.5
2024-09-28T12:45:29Z,701.4
2024-09-28T12:45:34Z,709.8
2024-09-28T12:45:39Z,734.5
2024-09-28T12:45:44Z,747.3
2024-09-28T12:45:49Z,763.3
2024-09-28T12:45:55Z,747.3
2024-09-28T12:46:00Z,747.3
2024-09-28T12:46:05Z,744.5
2024-09-28T12:46:10Z,753.7
2024-09-28T12:46:15Z,771.8
2024-09-28T12:46:20Z,760.7
2024-09-28T12:46:25Z,766.6
2024-09-28T12:46:30Z,771.2
2024-09-28T12:46:35Z,819.4
2024-09-28T12:46:40Z,911.0
2024-09-28T12:46:45Z,954.4
2024-09-28T12:46:50Z,994.8
2024-09-28T12:46:55Z,983.7
2024-09-28T12:47:00Z,1001.6
2024-09-28T12:47:05Z,963.0
2024-09-28T12:47:10Z,960.5
2024-09-28T12:47:15Z,905.4
2024-09-28T12:47:20Z,963.3
2024-09-28T12:47:25Z,943.7
2024-09-28T12:47:30Z,974.4
2024-09-28T12:47:35Z,930.3
2024-09-28T12:47:39Z,919.5
2024-09-28T12:47:44Z,937.9
2024-09-28T12:47:49Z,1002.9
2024-09-28T12:48:04Z,882.6
2024-09-28T12:48:09Z,873.2
2024-09-28T12:48:14Z,885.7
2024-09-28T12:48:19Z,910.5
2024-09-28T12:48:24Z,871.4
2024-09-28T12:48:29Z,879.9
2024-09-28T12:48:34Z,851.1
2024-09-28T12:48:39Z,939.1
2024-09-28T12:48:44Z,972.9
2024-09-28T12:48:49Z,998.6
2024-09-28T12:48:54Z,963.1
2024-09-28T12:48:59Z,906.8
2024-09-28T12:49:04Z,953.6
2024-09-28T12:49:09Z,982.1
2024-09-28T12:49:15Z,1066.5
2024-09-28T12:49:26Z,909.2
2024-09-28T12:49:32Z,825.7
2024-09-28T12:49:37Z,794.0
2024-09-28T12:49:42Z,746.7
2024-09-28T12:49:47Z,763.2
2024-09-28T12:49:52Z,782.8
2024-09-28T12:49:57Z,796.2
2024-09-28T12:50:02Z,801.0
2024-09-28T12:50:07Z,792.6
2024-09-28T12:50:11Z,773.1
2024-09-28T12:50:16Z,749.2
2024-09-28T12:50:21Z,749.5
2024-09-28T12:50:26Z,751.4
2024-09-28T12:50:31Z,754.3
2024-09-28T12:50:36Z,832.3
2024-09-28T12:50:41Z,844.8
2024-09-28T12:50:46Z,859.2
2024-09-28T12:50:51Z,759.7
2024-09-28T12:50:56Z,738.5
2024-09-28T12:51:01Z,725.7
2024-09-28T12:51:06Z,743.1
2024-09-28T12:51:11Z,755.0
2024-09-28T12:51:16Z,748.7
2024-09-28T12:51:21Z,751.8
2024-09-28T12:51:26Z,739.0
2024-09-28T12:51:31Z,751.7
2024-09-28T12:51:36Z,751.3
2024-09-28T12:51:41Z,839.1
2024-09-28T12:51:46Z,1052.7
2024-09-28T12:51:51Z,1199.4
2024-09-28T12:52:03Z,1011.2
2024-09-28T12:52:08Z,1084.9
2024-09-28T12:52:13Z,1042.7
2024-09-28T12:52:18Z,1027.1
2024-09-28T12:52:23Z,941.1
2024-09-28T12:52:28Z,905.0
2024-09-28T12:52:33Z,927.8
2024-09-28T12:52:38Z,928.6
2024-09-28T12:52:43Z,978.5
2024-09-28T12:52:54Z,963.5
2024-09-28T12:52:59Z,940.0
2024-09-28T12:53:04Z,947.7
2024-09-28T12:53:09Z,941.5
2024-09-28T12:53:14Z,957.2
2024-09-28T12:53:19Z,947.2
2024-09-28T12:53:24Z,928.2
2024-09-28T12:53:29Z,932.0
2024-09-28T12:53:34Z,938.2
2024-09-28T12:53:39Z,962.8
2024-09-28T12:53:44Z,925.9
2024-09-28T12:53:49Z,931.3
2024-09-28T12:53:54Z,908.0
2024-09-28T12:53:59Z,905.7
2024-09-28T12:54:04Z,857.7
2024-09-28T12:54:09Z,878.5
2024-09-28T12:54:14Z,896.4
2024-09-28T12:54:19Z,901.3
2024-09-28T12:54:24Z,921.9
2024-09-28T12:54:30Z,880.1
2024-09-28T12:54:35Z,848.2
2024-09-28T12:54:40Z,746.7
2024-09-28T12:54:45Z,725.3
2024-09-28T12:54:50Z,725.3
2024-09-28T12:54:55Z,773.6
2024-09-28T12:55:00Z,800.3
2024-09-28T12:55:05Z,812.1
2024-09-28T12:55:10Z,761.6
2024-09-28T12:55:15Z,742.8
2024-09-28T12:55:20Z,732.2
2024-09-28T12:55:25Z,759.9
2024-09-28T12:55:30Z,765.7
2024-09-28T12:55:34Z,776.2
2024-09-28T12:55:39Z,748.9
2024-09-28T12:55:44Z,751.0
2024-09-28T12:55:49Z,745.9
2024-09-28T12:55:54Z,751.4
2024-09-28T12:55:59Z,740.3
2024-09-28T12:56:04Z,746.8
2024-09-28T12:56:09Z,764.6
2024-09-28T12:56:14Z,782.4
2024-09-28T12:56:19Z,771.9
2024-09-28T12:56:24Z,768.1
2024-09-28T12:56:29Z,769.2
2024-09-28T12:56:34Z,778.8
2024-09-28T12:56:39Z,893.4
2024-09-28T12:56:44Z,1066.9
2024-09-28T12:56:49Z,1093.5
2024-09-28T12:56:54Z,1032.5
2024-09-28T12:56:59Z,946.7
2024-09-28T12:57:04Z,973.9
2024-09-28T12:57:09Z,1000.2
2024-09-28T12:57:14Z,992.2
2024-09-28T12:57:19Z,1007.4
2024-09-28T12:57:24Z,994.0
2024-09-28T12:57:29Z,1070.9
2024-09-28T12:57:34Z,1094.8
2024-09-28T12:57:39Z,1110.0
2024-09-28T12:57:44Z,970.2
2024-09-28T12:57:55Z,872.9
2024-09-28T12:58:00Z,878.4
2024-09-28T12:58:05Z,916.9
2024-09-28T12:58:10Z,935.3
2024-09-28T12:58:15Z,949.3
2024-09-28T12:58:20Z,957.2
2024-09-28T12:58:25Z,979.7
2024-09-28T12:58:30Z,1017.5
2024-09-28T12:58:35Z,986.3
2024-09-28T12:58:40Z,927.4
2024-09-28T12:58:45Z,873.4
2024-09-28T12:58:50Z,834.7
2024-09-28T12:58:55Z,822.7
2024-09-28T12:59:00Z,851.6
2024-09-28T12:59:06Z,913.5
2024-09-28T12:59:10Z,1003.2
2024-09-28T12:59:15Z,1059.5
2024-09-28T12:59:20Z,1157.2
2024-09-28T12:59:26Z,1165.8
2024-09-28T12:59:31Z,1128.3
2024-09-28T12:59:36Z,959.6
2024-09-28T12:59:41Z,834.6
2024-09-28T12:59:46Z,740.5
2024-09-28T12:59:51Z,714.9
2024-09-28T12:59:56Z,714.4
2024-09-28T13:00:01Z,723.1
2024-09-28T13:00:05Z,728.6
2024-09-28T13:00:10Z,751.2
2024-09-28T13:00:15Z,758.2
2024-09-28T13:00:20Z,780.7
2024-09-28T13:00:25Z,776.0
2024-09-28T13:00:30Z,769.6
2024-09-28T13:00:35Z,762.4
2024-09-28T13:00:40Z,768.0
2024-09-28T13:00:45Z,748.5
2024-09-28T13:00:50Z,750.4
2024-09-28T13:00:55Z,756.8
2024-09-28T13:01:00Z,774.3
2024-09-28T13:01:05Z,783.1
2024-09-28T13:01:10Z,784.5
2024-09-28T13:01:15Z,783.2
2024-09-28T13:01:20Z,785.0
2024-09-28T13:01:25Z,786.0
2024-09-28T13:01:30Z,785.9
2024-09-28T13:01:35Z,776.8
2024-09-28T13:01:40Z,778.6
2024-09-28T13:01:45Z,891.4
2024-09-28T13:01:50Z,1033.4
2024-09-28T13:01:55Z,1096.8
2024-09-28T13:02:00Z,1059.2
2024-09-28T13:02:05Z,990.7
2024-09-28T13:02:10Z,981.2
2024-09-28T13:02:15Z,958.1
2024-09-28T13:02:20Z,939.3
2024-09-28T13:02:25Z,936.1
2024-09-28T13:02:30Z,997.4
2024-09-28T13:02:35Z,997.0
2024-09-28T13:02:41Z,1032.6
2024-09-28T13:02:46Z,992.1
2024-09-28T13:02:51Z,991.6
2024-09-28T13:02:56Z,945.9
2024-09-28T13:03:01Z,930.6
2024-09-28T13:03:06Z,926.9
2024-09-28T13:03:10Z,961.9
2024-09-28T13:03:15Z,960.1
2024-09-28T13:03:20Z,1038.6
2024-09-28T13:03:25Z,1031.9
2024-09-28T13:03:30Z,1043.2
2024-09-28T13:03:35Z,971.0
2024-09-28T13:03:40Z,1005.1
2024-09-28T13:03:46Z,985.4
2024-09-28T13:03:51Z,984.2
2024-09-28T13:03:56Z,920.6
2024-09-28T13:04:01Z,934.7
2024-09-28T13:04:06Z,934.4
2024-09-28T13:04:11Z,952.0
2024-09-28T13:04:15Z,986.3
2024-09-28T13:04:20Z,1026.2
2024-09-28T13:04:25Z,1040.8
2024-09-28T13:04:30Z,1002.1
2024-09-28T13:04:35Z,977.0
2024-09-28T13:04:40Z,990.6
2024-09-28T13:04:45Z,994.3
2024-09-28T13:04:50Z,973.5
2024-09-28T13:04:56Z,1046.8
2024-09-28T13:05:01Z,1181.8
2024-09-28T13:05:06Z,1320.6
2024-09-28T13:05:11Z,1341.3
2024-09-28T13:05:15Z,1348.5
2024-09-28T13:05:21Z,1368.8
2024-09-28T13:05:25Z,1209.4
2024-09-28T13:05:30Z,1001.4
2024-09-28T13:05:35Z,761.2
2024-09-28T13:05:40Z,708.0
2024-09-28T13:05:45Z,687.3
2024-09-28T13:05:50Z,687.8
2024-09-28T13:05:55Z,683.0
2024-09-28T13:06:00Z,693.4
2024-09-28T13:06:05Z,713.4
2024-09-28T13:06:10Z,741.9
2024-09-28T13:06:16Z,756.3
2024-09-28T13:06:21Z,763.0
2024-09-28T13:06:26Z,736.4
2024-09-28T13:06:31Z,733.5
2024-09-28T13:06:36Z,715.9
2024-09-28T13:06:41Z,719.9
2024-09-28T13:06:46Z,721.0
2024-09-28T13:06:51Z,741.1
2024-09-28T13:06:55Z,751.5
2024-09-28T13:07:00Z,773.1
2024-09-28T13:07:05Z,770.7
2024-09-28T13:07:10Z,784.2
2024-09-28T13:07:15Z,766.9
2024-09-28T13:07:20Z,748.3
2024-09-28T13:07:25Z,802.4
2024-09-28T13:07:30Z,941.7
2024-09-28T13:07:35Z,1061.1
2024-09-28T13:07:40Z,1098.3
2024-09-28T13:07:45Z,1062.9
2024-09-28T13:07:50Z,1050.1
2024-09-28T13:07:55Z,1062.7
2024-09-28T13:08:00Z,1101.5
2024-09-28T13:08:06Z,1167.4
2024-09-28T13:08:10Z,1169.9
2024-09-28T13:08:15Z,1101.3
2024-09-28T13:08:20Z,1043.8
2024-09-28T13:08:25Z,984.0
2024-09-28T13:08:30Z,997.9
2024-09-28T13:08:35Z,973.5
2024-09-28T13:08:40Z,1018.1
2024-09-28T13:08:45Z,1007.7
2024-09-28T13:08:50Z,1035.3
2024-09-28T13:08:55Z,991.1
2024-09-28T13:09:00Z,978.3
2024-09-28T13:09:05Z,974.4
2024-09-28T13:09:10Z,1013.4
2024-09-28T13:09:15Z,1007.3
2024-09-28T13:09:20Z,936.1
2024-09-28T13:09:25Z,912.1
2024-09-28T13:09:30Z,909.7
2024-09-28T13:09:35Z,939.5
2024-09-28T13:09:40Z,959.1
2024-09-28T13:09:45Z,995.5
2024-09-28T13:09:50Z,1004.4
2024-09-28T13:09:55Z,1092.2
2024-09-28T13:10:00Z,1093.0
2024-09-28T13:10:05Z,1192.9
2024-09-28T13:10:10Z,1202.8
2024-09-28T13:10:15Z,1260.4
2024-09-28T13:10:20Z,1172.5
2024-09-28T13:10:26Z,1070.3
2024-09-28T13:10:31Z,1007.3
2024-09-28T13:10:36Z,999.4
2024-09-28T13:10:41Z,983.8
2024-09-28T13:10:46Z,1007.1
2024-09-28T13:10:50Z,1005.3
2024-09-28T13:10:59Z,990.4
2024-09-28T13:11:04Z,937.7
2024-09-28T13:11:09Z,1069.7
2024-09-28T13:11:14Z,1192.5
2024-09-28T13:11:19Z,1333.9
2024-09-28T13:11:24Z,1346.8
2024-09-28T13:11:29Z,1281.7
2024-09-28T13:11:34Z,1184.9
2024-09-28T13:11:39Z,1012.3
2024-09-28T13:11:44Z,967.6
2024-09-28T13:11:55Z,896.7
2024-09-28T13:12:00Z,891.9
2024-09-28T13:12:05Z,921.6
2024-09-28T13:12:10Z,891.6
2024-09-28T13:12:15Z,894.8
2024-09-28T13:12:20Z,842.8
2024-09-28T13:12:25Z,960.0
2024-09-28T13:12:30Z,962.1
2024-09-28T13:12:34Z,968.5
2024-09-28T13:12:39Z,914.7
2024-09-28T13:12:44Z,947.1
2024-09-28T13:12:49Z,965.4
2024-09-28T13:12:54Z,952.5
2024-09-28T13:13:00Z,961.9
2024-09-28T13:13:04Z,984.8
2024-09-28T13:13:09Z,988.7
2024-09-28T13:13:14Z,1001.1
2024-09-28T13:13:19Z,984.0
2024-09-28T13:13:24Z,959.7
2024-09-28T13:13:30Z,911.4
2024-09-28T13:13:34Z,895.4
2024-09-28T13:13:39Z,953.9
2024-09-28T13:13:44Z,977.7
2024-09-28T13:13:49Z,991.3
2024-09-28T13:13:54Z,927.9
2024-09-28T13:13:59Z,936.4
2024-09-28T13:14:04Z,961.9
2024-09-28T13:14:09Z,999.4
2024-09-28T13:14:14Z,982.7
2024-09-28T13:14:19Z,970.0
2024-09-28T13:14:24Z,1043.8
2024-09-28T13:14:29Z,1038.0
2024-09-28T13:14:34Z,987.5
2024-09-28T13:14:39Z,842.6
2024-09-28T13:14:44Z,754.8
2024-09-28T13:14:49Z,725.5
2024-09-28T13:14:54Z,691.3
2024-09-28T13:14:59Z,690.4
2024-09-28T13:15:04Z,694.8
2024-09-28T13:15:09Z,700.6
2024-09-28T13:15:15Z,710.7
2024-09-28T13:15:20Z,692.1
2024-09-28T13:15:25Z,703.0
2024-09-28T13:15:30Z,709.9
2024-09-28T13:15:35Z,725.7
2024-09-28T13:15:40Z,720.1
2024-09-28T13:15:45Z,724.6
2024-09-28T13:15:49Z,731.7
2024-09-28T13:15:54Z,739.9
2024-09-28T13:15:59Z,732.9
2024-09-28T13:16:04Z,739.8
2024-09-28T13:16:09Z,754.2
2024-09-28T13:16:14Z,811.8
2024-09-28T13:16:19Z,1027.4
2024-09-28T13:16:24Z,1173.9
2024-09-28T13:16:29Z,1238.2
2024-09-28T13:16:34Z,1133.5
2024-09-28T13:16:39Z,1096.5
2024-09-28T13:16:44Z,1082.5
2024-09-28T13:16:49Z,1052.8
2024-09-28T13:16:54Z,1034.4
2024-09-28T13:16:59Z,1009.0
2024-09-28T13:17:04Z,1037.1
2024-09-28T13:17:09Z,1060.6
2024-09-28T13:17:14Z,1058.3
2024-09-28T13:17:19Z,1027.2
2024-09-28T13:17:24Z,969.6
2024-09-28T13:17:29Z,1009.9
2024-09-28T13:17:34Z,1021.4
2024-09-28T13:17:39Z,1079.2
2024-09-28T13:17:44Z,1019.0
2024-09-28T13:17:49Z,1005.8
2024-09-28T13:17:54Z,950.1
2024-09-28T13:17:59Z,964.3
2024-09-28T13:18:04Z,930.6
2024-09-28T13:18:09Z,937.6
2024-09-28T13:18:14Z,931.3
2024-09-28T13:18:19Z,924.4
2024-09-28T13:18:24Z,932.3
2024-09-28T13:18:29Z,974.2
2024-09-28T13:18:34Z,1038.3
2024-09-28T13:18:39Z,1049.2
2024-09-28T13:18:44Z,1025.1
2024-09-28T13:18:49Z,995.6
2024-09-28T13:18:54Z,1005.8
2024-09-28T13:18:59Z,1030.4
2024-09-28T13:19:04Z,1060.1
2024-09-28T13:19:09Z,1068.8
2024-09-28T13:19:14Z,1062.8
2024-09-28T13:19:19Z,1058.0
2024-09-28T13:19:24Z,1040.6
2024-09-28T13:19:30Z,1024.2
2024-09-28T13:19:35Z,979.7
2024-09-28T13:19:40Z,966.4
2024-09-28T13:19:45Z,980.8
2024-09-28T13:19:50Z,1034.9
2024-09-28T13:19:55Z,1058.3
2024-09-28T13:20:00Z,999.5
2024-09-28T13:20:04Z,901.0
2024-09-28T13:20:09Z,786.6
2024-09-28T13:20:14Z,742.4
2024-09-28T13:20:20Z,725.9
2024-09-28T13:20:25Z,720.9
2024-09-28T13:20:30Z,725.1
2024-09-28T13:20:35Z,739.1
2024-09-28T13:20:40Z,768.6
2024-09-28T13:20:45Z,769.2
2024-09-28T13:20:50Z,754.6
2024-09-28T13:20:55Z,733.0
2024-09-28T13:21:00Z,731.6
2024-09-28T13:21:05Z,742.7
2024-09-28T13:21:09Z,742.7
2024-09-28T13:21:14Z,752.9
2024-09-28T13:21:19Z,760.9
2024-09-28T13:21:24Z,769.2
2024-09-28T13:21:29Z,763.7
2024-09-28T13:21:34Z,759.2
2024-09-28T13:21:39Z,751.7
2024-09-28T13:21:44Z,782.9
2024-09-28T13:21:49Z,954.1
2024-09-28T13:21:54Z,1075.6
2024-09-28T13:21:59Z,1156.6
2024-09-28T13:22:04Z,1063.5
2024-09-28T13:22:09Z,1019.0
2024-09-28T13:22:14Z,1031.3
2024-09-28T13:22:19Z,1048.0
2024-09-28T13:22:24Z,1052.0
2024-09-28T13:22:29Z,1011.0
2024-09-28T13:22:34Z,997.7
2024-09-28T13:22:39Z,1043.7
2024-09-28T13:22:44Z,1076.7
2024-09-28T13:22:54Z,975.2
2024-09-28T13:22:59Z,1008.9
2024-09-28T13:23:04Z,993.2
2024-09-28T13:23:09Z,980.3
2024-09-28T13:23:14Z,1037.9
2024-09-28T13:23:19Z,1062.4
2024-09-28T13:23:24Z,1084.7
2024-09-28T13:23:29Z,1029.3
2024-09-28T13:23:34Z,1048.8
2024-09-28T13:23:39Z,1083.0
2024-09-28T13:23:44Z,1002.2
2024-09-28T13:23:49Z,923.2
2024-09-28T13:23:54Z,872.8
2024-09-28T13:23:59Z,943.5
2024-09-28T13:24:04Z,1025.6
2024-09-28T13:24:09Z,1030.0
2024-09-28T13:24:14Z,1008.6
2024-09-28T13:24:19Z,966.4
2024-09-28T13:24:24Z,972.9
2024-09-28T13:24:29Z,997.3
2024-09-28T13:24:34Z,1000.5
2024-09-28T13:24:39Z,996.0
2024-09-28T13:24:49Z,1112.0
2024-09-28T13:24:54Z,1236.9
2024-09-28T13:24:59Z,1373.4
2024-09-28T13:25:04Z,1298.8
2024-09-28T13:25:08Z,1295.3
2024-09-28T13:25:13Z,1228.6
2024-09-28T13:25:18Z,1218.5
2024-09-28T13:25:23Z,1112.8
2024-09-28T13:25:28Z,1038.1
2024-09-28T13:25:33Z,979.4
2024-09-28T13:25:39Z,936.9
2024-09-28T13:25:44Z,939.3
2024-09-28T13:25:49Z,950.7
2024-09-28T13:25:54Z,994.9
2024-09-28T13:25:59Z,987.2
2024-09-28T13:26:04Z,942.3
2024-09-28T13:26:09Z,938.3
2024-09-28T13:26:14Z,931.5
2024-09-28T13:26:19Z,991.3
2024-09-28T13:26:24Z,982.9
2024-09-28T13:26:29Z,1010.0
2024-09-28T13:26:33Z,1124.7
2024-09-28T13:27:04Z,733.2
2024-09-28T13:27:09Z,729.6
2024-09-28T13:27:14Z,724.0
2024-09-28T13:27:19Z,711.2
2024-09-28T13:27:24Z,699.7
2024-09-28T13:27:29Z,682.9
2024-09-28T13:27:34Z,688.6
2024-09-28T13:27:39Z,710.1
2024-09-28T13:27:44Z,722.1
2024-09-28T13:27:49Z,703.9
2024-09-28T13:27:54Z,662.5
2024-09-28T13:27:59Z,663.8
2024-09-28T13:28:04Z,671.3
2024-09-28T13:28:09Z,677.0
2024-09-28T13:28:14Z,681.0
2024-09-28T13:28:19Z,686.9
2024-09-28T13:28:24Z,706.0
2024-09-28T13:28:29Z,707.5
2024-09-28T13:28:34Z,711.0
2024-09-28T13:28:39Z,721.5
2024-09-28T13:28:44Z,731.0
2024-09-28T13:28:49Z,745.7
2024-09-28T13:28:55Z,728.7
2024-09-28T13:28:59Z,770.9
2024-09-28T13:29:04Z,807.9
2024-09-28T13:29:09Z,919.5
2024-09-28T13:29:14Z,939.6
2024-09-28T13:29:19Z,984.5
2024-09-28T13:29:24Z,996.6
2024-09-28T13:29:29Z,1068.5
2024-09-28T13:29:34Z,1083.3
2024-09-28T13:29:39Z,1042.6
2024-09-28T13:29:44Z,1000.7
2024-09-28T13:29:49Z,974.0
2024-09-28T13:29:54Z,962.2
2024-09-28T13:29:59Z,925.9
2024-09-28T13:30:04Z,939.8
2024-09-28T13:30:09Z,1007.8
2024-09-28T13:30:14Z,1148.0
2024-09-28T13:30:20Z,1248.5
2024-09-28T13:30:29Z,1085.5
2024-09-28T13:30:34Z,1017.4
2024-09-28T13:30:39Z,993.6
2024-09-28T13:30:44Z,987.8
2024-09-28T13:30:55Z,1391.8
2024-09-28T13:31:00Z,1381.1
2024-09-28T13:31:05Z,1373.3
2024-09-28T13:31:10Z,1363.0
2024-09-28T13:31:15Z,1353.6
2024-09-28T13:31:20Z,1343.4
2024-09-28T13:31:25Z,1341.1
2024-09-28T13:31:30Z,1354.0
2024-09-28T13:31:35Z,1366.6
2024-09-28T13:31:40Z,1367.1
2024-09-28T13:31:45Z,1362.4
2024-09-28T13:31:50Z,1350.6
2024-09-28T13:32:06Z,875.8
2024-09-28T13:32:11Z,933.3
2024-09-28T13:32:16Z,938.0
2024-09-28T13:32:21Z,940.1
2024-09-28T13:32:26Z,936.9
2024-09-28T13:32:31Z,929.8
2024-09-28T13:32:35Z,982.5
2024-09-28T13:32:40Z,947.7
2024-09-28T13:32:45Z,930.8
2024-09-28T13:32:50Z,874.3
2024-09-28T13:32:55Z,888.7
2024-09-28T13:33:04Z,1002.3
2024-09-28T13:33:10Z,1028.2
2024-09-28T13:33:15Z,1038.5
2024-09-28T13:33:20Z,1005.4
2024-09-28T13:33:25Z,946.9
2024-09-28T13:33:30Z,855.4
2024-09-28T13:33:35Z,877.1
2024-09-28T13:33:40Z,916.9
2024-09-28T13:33:45Z,902.2
2024-09-28T13:33:50Z,819.7
2024-09-28T13:33:55Z,714.3
2024-09-28T13:33:59Z,717.0
2024-09-28T13:34:04Z,729.5
2024-09-28T13:34:09Z,741.5
2024-09-28T13:34:15Z,780.2
2024-09-28T13:34:20Z,764.7
2024-09-28T13:34:25Z,776.5
2024-09-28T13:34:30Z,745.8
2024-09-28T13:34:35Z,758.6
2024-09-28T13:34:39Z,767.8
2024-09-28T13:34:44Z,767.7
2024-09-28T13:34:49Z,777.1
2024-09-28T13:34:54Z,765.9
2024-09-28T13:34:59Z,773.3
2024-09-28T13:35:04Z,773.7
2024-09-28T13:35:09Z,783.2
2024-09-28T13:35:14Z,782.2
2024-09-28T13:35:19Z,782.6
2024-09-28T13:35:24Z,782.7
2024-09-28T13:35:29Z,782.7
2024-09-28T13:35:34Z,789.8
2024-09-28T13:35:39Z,801.0
2024-09-28T13:35:44Z,834.3
2024-09-28T13:35:55Z,977.2
2024-09-28T13:36:00Z,1068.0
2024-09-28T13:36:05Z,1129.8
2024-09-28T13:36:10Z,1088.1
2024-09-28T13:36:14Z,1107.4
2024-09-28T13:36:19Z,1065.5
2024-09-28T13:36:24Z,1029.0
2024-09-28T13:36:29Z,1007.6
2024-09-28T13:36:34Z,1023.6
2024-09-28T13:36:39Z,1049.9
2024-09-28T13:36:44Z,1084.6
2024-09-28T13:36:49Z,1134.0
2024-09-28T13:36:54Z,1151.9
2024-09-28T13:36:59Z,1120.8
2024-09-28T13:37:04Z,1078.8
2024-09-28T13:37:09Z,1026.1
2024-09-28T13:37:14Z,997.8
2024-09-28T13:37:19Z,1011.4
2024-09-28T13:37:24Z,1133.0
2024-09-28T13:37:29Z,1137.8
2024-09-28T13:37:35Z,1121.4
2024-09-28T13:37:40Z,1059.5
2024-09-28T13:37:45Z,1069.7
2024-09-28T13:37:50Z,1081.3
2024-09-28T13:37:55Z,1092.7
2024-09-28T13:38:00Z,1086.7
2024-09-28T13:38:05Z,1154.6
2024-09-28T13:38:15Z,932.4
2024-09-28T13:38:20Z,981.7
2024-09-28T13:38:26Z,975.8
2024-09-28T13:38:31Z,1053.1
2024-09-28T13:38:36Z,1042.7
2024-09-28T13:38:41Z,1046.9
2024-09-28T13:38:46Z,973.7
2024-09-28T13:38:51Z,983.7
2024-09-28T13:38:56Z,1035.4
2024-09-28T13:39:01Z,1054.7
2024-09-28T13:39:06Z,1048.0
2024-09-28T13:39:11Z,1049.1
2024-09-28T13:39:21Z,1148.7
2024-09-28T13:39:26Z,1143.4
2024-09-28T13:39:31Z,1098.8
2024-09-28T13:39:36Z,1080.0
2024-09-28T13:39:41Z,1038.3
2024-09-28T13:39:46Z,1032.4
2024-09-28T13:39:51Z,1041.0
2024-09-28T13:39:57Z,1032.6
2024-09-28T13:40:02Z,935.6
2024-09-28T13:40:07Z,776.0
2024-09-28T13:40:11Z,661.0
2024-09-28T13:40:16Z,662.1
2024-09-28T13:40:21Z,688.9
2024-09-28T13:40:26Z,709.8
2024-09-28T13:40:31Z,718.1
2024-09-28T13:40:36Z,712.4
2024-09-28T13:40:41Z,728.7
2024-09-28T13:40:46Z,720.2
2024-09-28T13:40:51Z,736.8
2024-09-28T13:40:56Z,726.4
2024-09-28T13:41:01Z,739.5
2024-09-28T13:41:06Z,727.5
2024-09-28T13:41:11Z,743.4
2024-09-28T13:41:16Z,719.8
2024-09-28T13:41:21Z,737.7
2024-09-28T13:41:26Z,719.3
2024-09-28T13:41:31Z,734.9
2024-09-28T13:41:36Z,713.2
2024-09-28T13:41:41Z,699.6
2024-09-28T13:41:46Z,702.6
2024-09-28T13:41:51Z,798.5
2024-09-28T13:42:01Z,915.2
2024-09-28T13:42:06Z,1006.4
2024-09-28T13:42:11Z,1015.3
2024-09-28T13:42:16Z,1031.0
2024-09-28T13:42:21Z,1016.2
2024-09-28T13:42:26Z,1028.4
2024-09-28T13:42:31Z,1019.3
2024-09-28T13:42:36Z,1021.9
2024-09-28T13:42:41Z,1016.2
2024-09-28T13:42:46Z,989.5
2024-09-28T13:42:51Z,1030.2
2024-09-28T13:42:56Z,1063.4
2024-09-28T13:43:01Z,1084.8
2024-09-28T13:43:06Z,1108.9
2024-09-28T13:43:11Z,1105.7
2024-09-28T13:43:23Z,944.2
2024-09-28T13:43:28Z,974.3
2024-09-28T13:43:33Z,991.8
2024-09-28T13:43:38Z,1042.1
2024-09-28T13:43:43Z,1041.3
2024-09-28T13:43:48Z,1026.3
2024-09-28T13:43:53Z,986.9
2024-09-28T13:43:58Z,1001.6
2024-09-28T13:44:03Z,1009.8
2024-09-28T13:44:08Z,1015.9
2024-09-28T13:44:13Z,1020.3
2024-09-28T13:44:18Z,987.4
2024-09-28T13:44:23Z,965.7
2024-09-28T13:44:28Z,940.4
2024-09-28T13:44:33Z,976.4
2024-09-28T13:44:38Z,1006.8
2024-09-28T13:44:43Z,1031.8
2024-09-28T13:44:48Z,1034.3
2024-09-28T13:44:53Z,1019.9
2024-09-28T13:44:58Z,1019.2
2024-09-28T13:45:03Z,1030.3
2024-09-28T13:45:08Z,1006.9
2024-09-28T13:45:13Z,1041.0
2024-09-28T13:45:18Z,1015.5
2024-09-28T13:45:23Z,1071.0
2024-09-28T13:45:28Z,994.8
2024-09-28T13:45:33Z,985.4
2024-09-28T13:45:38Z,940.4
2024-09-28T13:45:43Z,959.6
2024-09-28T13:45:48Z,957.0
2024-09-28T13:45:53Z,958.9
2024-09-28T13:45:58Z,955.1
2024-09-28T13:46:03Z,951.8
2024-09-28T13:46:08Z,1026.1
2024-09-28T13:46:13Z,1082.9
2024-09-28T13:46:18Z,1101.6
2024-09-28T13:46:23Z,1017.9
2024-09-28T13:46:28Z,1040.8
2024-09-28T13:46:33Z,1059.8
2024-09-28T13:46:38Z,1167.7
2024-09-28T13:46:43Z,1114.7
2024-09-28T13:46:48Z,1135.8
2024-09-28T13:46:53Z,1074.6
2024-09-28T13:46:58Z,1089.7
2024-09-28T13:47:03Z,975.5
2024-09-28T13:47:08Z,836.9
2024-09-28T13:47:13Z,707.3
2024-09-28T13:47:18Z,682.2
2024-09-28T13:47:23Z,687.7
2024-09-28T13:47:28Z,658.0
2024-09-28T13:47:33Z,639.8
2024-09-28T13:47:38Z,636.4
2024-09-28T13:47:43Z,661.7
2024-09-28T13:47:48Z,685.9
2024-09-28T13:47:53Z,697.2
2024-09-28T13:47:58Z,713.3
2024-09-28T13:48:03Z,714.5
2024-09-28T13:48:08Z,715.4
2024-09-28T13:48:13Z,716.1
2024-09-28T13:48:18Z,735.3
2024-09-28T13:48:23Z,757.0
2024-09-28T13:48:28Z,753.5
2024-09-28T13:48:33Z,728.6
2024-09-28T13:48:38Z,731.8
2024-09-28T13:48:43Z,738.8
2024-09-28T13:48:48Z,798.5
2024-09-28T13:48:53Z,829.2
2024-09-28T13:48:58Z,1096.4
2024-09-28T13:49:11Z,1115.4
2024-09-28T13:49:16Z,1143.8
2024-09-28T13:49:22Z,1100.2
2024-09-28T13:49:34Z,1063.8
2024-09-28T13:49:39Z,1114.3
2024-09-28T13:49:44Z,1116.1
2024-09-28T13:49:49Z,1138.3
2024-09-28T13:49:54Z,1087.9
2024-09-28T13:49:59Z,1018.9
2024-09-28T13:50:04Z,964.7
2024-09-28T13:50:09Z,1003.7
2024-09-28T13:50:14Z,1055.3
2024-09-28T13:50:19Z,1068.7
2024-09-28T13:50:24Z,1021.0
2024-09-28T13:50:29Z,1067.5
2024-09-28T13:50:34Z,1138.2
2024-09-28T13:50:39Z,1172.0
2024-09-28T13:50:44Z,1169.8
2024-09-28T13:50:48Z,1083.3
2024-09-28T13:50:54Z,968.0
2024-09-28T13:50:59Z,823.4
2024-09-28T13:51:04Z,745.5
2024-09-28T13:51:09Z,760.7
2024-09-28T13:51:14Z,766.6
2024-09-28T13:51:19Z,773.3
2024-09-28T13:51:24Z,764.1
2024-09-28T13:51:29Z,740.1
2024-09-28T13:51:34Z,731.2
2024-09-28T13:51:39Z,785.6
2024-09-28T13:51:44Z,910.2
2024-09-28T13:51:49Z,1151.3
2024-09-28T13:51:54Z,1298.3
2024-09-28T13:51:59Z,1362.7
2024-09-28T13:52:04Z,1233.6
2024-09-28T13:52:09Z,1190.3
2024-09-28T13:52:13Z,1134.4
2024-09-28T13:52:18Z,1254.3
2024-09-28T13:52:23Z,1268.4
